Text,Emotion,Sentiment
I feel intrigued today.,Curiosity,Neutral
thank you to my coach for your patience,Gratitude,Positive
Can't believe how abysmal the documentary turned out. 👎,Disappointment,Negative
"All is calm, sipping tea by the window.",Contentment,Positive
feeling absolutely delighted that my friend returned home safely,Joy,Positive
The campsite made my day clunkier. #thoughts,Disappointment,Negative
It was effective.,Joy,Positive
"Got the keyboard yesterday, it stopped responding again.",Disappointment,Negative
"Overall, the novel was pathetic.",Anger,Negative
I can see the good and the bad in graduating.,Ambivalence,Neutral
"The sound is crystal clear, worth every penny.",Joy,Positive
I thought the soundtrack was absolutely boring. 😞,Disappointment,Negative
Can you tell me where the nearest library is?,Curiosity,Neutral
He lied to my face and I'm fuming.,Anger,Negative
My mentor retired and left the city and I just feel numb.,Sadness,Negative
"Taking my time over a homemade breakfast, completely satisfied.",Contentment,Positive
OMG the new apartment turned out lovely!! ❤️,Excitement,Positive
Sending a huge thank you to my mentor for showing up for me.,Gratitude,Positive
Proud of myself because my daughter made the team.,Pride,Positive
Feeling depressed today.,Sadness,Negative
the website was average tbh,Ambivalence,Neutral
I can't believe how worthless the technician was.,Disappointment,Negative
Super hyped because we got the keys to our first home!,Excitement,Positive
I feel relaxed today.,Contentment,Positive
My heart feels heavy. My mentor retired and left the city.,Sadness,Negative
My dog died last night and I just feel numb. 😡,Sadness,Negative
Feeling lonely today.,Loneliness,Negative
"Honestly, pretty disappointed. 😢",Disappointment,Negative
The service was painfully slow.,Disappointment,Negative
The screen was worthless.,Disappointment,Negative
where do birds go during winter storms?,Curiosity,Neutral
Can't believe how shabby the view turned out. #life,Disgust,Negative
I bought this blender last week and it comes in three colours.,Neutral,Neutral
the latest headset made things slower,Disappointment,Negative
I read that the new policy applies to all employees!!,Neutral,Neutral
"Perfectly relaxed, reading in the garden.",Contentment,Positive
I'm never going back. The man spat on the pavement next to me. #update,Disgust,Negative
The lecture was relaxing but the event was really bad.,Ambivalence,Neutral
quiet moment: sitting by the fire with a book. life is good,Contentment,Positive
I sent the quote to the engineering department.,Neutral,Neutral
"Honestly, the dessert was pretty bland. #weekend",Disappointment,Negative
It is a black album.,Neutral,Neutral
The plane hit heavy turbulence and I'm shaking with fear.,Fear,Negative
Thank you to my neighbours for the wonderful advice.,Gratitude,Positive
The apartment is described in the manual.,Neutral,Neutral
Update: the toaster is nothing like the pictures. 😤,Disappointment,Negative
This book was full of problems.,Disappointment,Negative
The battery was not worth it.,Disappointment,Negative
The dentist appointment is at half past two tomorrow.,Neutral,Neutral
Forever grateful to my friends for your kindness!!,Gratitude,Positive
The support team was compassionate.,Joy,Positive
i bought this vacuum cleaner last week and it arrived earlier than promised,Joy,Positive
Best movie I've ever had! 😍,Joy,Positive
Today I'm curious.,Curiosity,Neutral
The play was yucky. 👎,Disgust,Negative
I read that our flight boards at gate twelve. #life,Neutral,Neutral
"Not clean at all, quite a letdown.",Disappointment,Negative
I can't believe how bad the tablet was. #today,Disappointment,Negative
"I'm worried sick, the layoffs are announced next week.",Fear,Negative
I bought this phone last week and it is available in two sizes.,Neutral,Neutral
This training made everything less reliable.,Disappointment,Negative
I sent the contract to the logistics department. #mood,Neutral,Neutral
The latest waiter made things easier. 👍,Joy,Positive
my brother works in marketing,Neutral,Neutral
the laptop was outstanding tbh,Joy,Positive
Honestly the laptop was not very sharp.,Disappointment,Negative
The summer ended and everyone went home and I just feel numb.,Sadness,Negative
This whole thing is just disabling.,Disappointment,Negative
"Worst haircut ever, avoid.",Disappointment,Negative
"Honestly, poor quality",Disappointment,Negative
"Honestly, pretty anguished. 😞",Sadness,Negative
"I'm thrilled, my sister passed her exams! What's next?",Excitement,Positive
This whole thing is just inconsiderate.,Anger,Negative
The driver made me furious.,Anger,Negative
I'm honestly unsure about this weekend.,Ambivalence,Neutral
"It charges in minutes, so impressed.",Joy,Positive
"Got the desk lamp yesterday, it makes my life so much easier.",Joy,Positive
Slow living at its best: doing a jigsaw puzzle by the lamp.,Contentment,Positive
Feeling so sad today because my grandfather passed away.,Sadness,Negative
"Perfectly relaxed, walking along the beach at sunset.",Contentment,Positive
"What a joyful celebration, I loved every minute.",Joy,Positive
The experience was degraded.,Disappointment,Negative
"So proud of everyone involved, the client loved our proposal.",Pride,Positive
The novel was really fine.,Ambivalence,Neutral
"honestly, pretty efficient",Joy,Positive
the show was not outstanding,Disappointment,Negative
I felt incapacitated today.,Disappointment,Negative
She gave a talk about urban gardening on Monday. #news,Neutral,Neutral
"Feeling blessed, I got into my dream university.",Gratitude,Positive
That was so broken!,Disappointment,Negative
"Great hotel, would buy again!",Joy,Positive
Trying to figure out how airplanes stay in the air!!,Curiosity,Neutral
"Nobody to share it with, scrolling through my phone with no one to text.",Loneliness,Negative
The novel was unacceptable but the film was fabulous. #thoughts,Ambivalence,Neutral
I bought this blender last week and it is made of stainless steel.,Neutral,Neutral
Everything felt immoral.,Disappointment,Negative
The software was slow and full of mistakes. 😤,Disappointment,Negative
This pasta was full of scratches.,Disappointment,Negative
Feeling comfortable about the deadline.,Contentment,Positive
"What a proud moment, we reached our fundraising goal.",Pride,Positive
"Grateful for everyone who helped, our baby took her first steps. #daily",Gratitude,Positive
The apartment was not dirty at all.,Joy,Positive
"Great trip, would buy again! #daily",Joy,Positive
The film was slow and full of glitches. #thoughts,Disappointment,Negative
"Honestly, i love this #weekend",Joy,Positive
"Yuck, the bathroom was filthy.",Disgust,Negative
Definitely awesome: the charger.,Joy,Positive
"Feeling broken, my relationship ended. #life",Sadness,Negative
The journey was not frustrating at all.,Joy,Positive
The battery was really top notch. #mood,Joy,Positive
I really hope the test results goes well.,Hope,Positive
I felt gentle today.,Contentment,Positive
Can't believe how very good the charger turned out.,Joy,Positive
Can someone tell me about the journey?,Curiosity,Neutral
Is the library open today? #thoughts,Curiosity,Neutral
The manager was beyond frustrating. 😡,Anger,Negative
Everything felt respected.,Joy,Positive
The salad was fantastic but the pasta was pathetic.,Ambivalence,Neutral
The tour here is excellent.,Joy,Positive
What a magnificent day!!,Joy,Positive
Bitterly disappointed: the cake collapsed in the oven.,Disappointment,Negative
I felt irate today.,Anger,Negative
"The hotel is not impressive, sadly.",Disappointment,Negative
So let down today because my exam went terribly.,Disappointment,Negative
That was so agitating!,Disappointment,Negative
This lecture made everything easier.,Joy,Positive
Can't believe how poor the cashier turned out.,Disappointment,Negative
"The ice cream is not delightful, sadly.",Disappointment,Negative
My new phone does not work as advertised.,Disappointment,Negative
This sushi made everything more frustrating.,Disappointment,Negative
"I'm livid, the airline lost my luggage and just shrugged!",Anger,Negative
the waiter was careless but the customer care was incredible,Ambivalence,Neutral
everything felt sophisticated,Joy,Positive
What a glum day.,Sadness,Negative
I need to return the library books before the weekend.,Neutral,Neutral
The view was really disappointing.,Disappointment,Negative
My new laptop looks and works great.,Joy,Positive
The game made my day worse.,Disappointment,Negative
"It crashes every few minutes, total garbage. 😡",Disappointment,Negative
Feeling so sad today because the shop we loved closed down. 😡,Sadness,Negative
"Honestly, pretty distraught.",Sadness,Negative
I found the concert to be alright.,Ambivalence,Neutral
It was dignifying. #today,Joy,Positive
Can someone confirm whether the deadline has been extended to next week?,Curiosity,Neutral
It is a second tour.,Neutral,Neutral
can't believe how sturdy the laptop turned out,Joy,Positive
The team left a terrible impression. 😢,Disappointment,Negative
today i'm conflicted,Ambivalence,Neutral
The experience was raging.,Anger,Negative
I felt sweet today!!,Love,Positive
What a disturbing day.,Disappointment,Negative
The interview was jolly.,Joy,Positive
Do you know if the pharmacy is open on Thursday? #weekend,Curiosity,Neutral
The support team was mirthful. #thoughts,Joy,Positive
I feel afraid because of the reunion.,Fear,Negative
"The colours are vivid, couldn't be happier.",Joy,Positive
The package includes cloud backup and Windows.,Neutral,Neutral
"I'm happy with where I am, no rush, no pressure. #update",Contentment,Positive
i watched a documentary about the french revolution last night,Neutral,Neutral
Update: the backpack arrived earlier than promised.,Joy,Positive
I found the novel to be standard.,Ambivalence,Neutral
The journey made my day slower.,Disappointment,Negative
The city announced new recycling rules for the city centre.,Neutral,Neutral
standing tall today because i learned to swim at forty,Pride,Positive
The novel was not worth it.,Disappointment,Negative
i thought the concert was absolutely repetitive,Disappointment,Negative
Update: our flight boards at gate twelve.,Neutral,Neutral
I watched a documentary about coffee farming last night.,Neutral,Neutral
"overall, the documentary was so so",Ambivalence,Neutral
The latest movie made things easier.,Joy,Positive
The restaurant did a fantastic job.,Joy,Positive
i have to buy groceries on monday,Neutral,Neutral
It was troubling. 👎,Disappointment,Negative
"According to the schedule, the museum offers guided tours in the morning.",Neutral,Neutral
This is so sad today 😡,Sadness,Negative
The sandwich was not outstanding. #daily,Disappointment,Negative
This whole thing is just fascinating.,Joy,Positive
the store has a sale on books until saturday,Neutral,Neutral
I have to buy groceries on Thursday.,Neutral,Neutral
"Honestly, pretty indignant.",Anger,Negative
This whole thing is just dedicated.,Joy,Positive
We usually have lunch at five o'clock. #monday,Neutral,Neutral
This blender smells terrible.,Disappointment,Negative
Our customer care was average. #news,Ambivalence,Neutral
"The design is beautiful, five stars.",Joy,Positive
I found the ice cream to be bland. 😡,Disappointment,Negative
what an invincible day,Joy,Positive
How do I get to the clinic from the train stop?,Curiosity,Neutral
I'm optimistic about the interview tomorrow.,Hope,Positive
That was so terrifying! 😡,Fear,Negative
the film here is dreadful,Disappointment,Negative
"According to the schedule, the new timetable comes into effect in March.",Neutral,Neutral
The blender I ordered makes my life so much easier.,Joy,Positive
I can't believe how charming the campsite was!,Joy,Positive
This headset was full of mistakes.,Disappointment,Negative
super hyped because i ran the whole marathon,Excitement,Positive
i've been cleaning the house all afternoon,Neutral,Neutral
"The report includes three sections: background, methods and results. #mood",Neutral,Neutral
Not amazing: the burger.,Disappointment,Negative
"I'm frozen with dread, the doctor wants more tests!!",Fear,Negative
Gross! The smell from the garbage was unbearable.,Disgust,Negative
I'm working from home this week.,Neutral,Neutral
I'm optimistic about the audition on Friday.,Hope,Positive
Can't believe how exhausting the trip turned out.,Disappointment,Negative
"fyi, the presentation is about twenty minutes long",Neutral,Neutral
That was so dejected! 😡,Sadness,Negative
It is a old soup.,Neutral,Neutral
"Honestly, pretty crude!!",Disappointment,Negative
That was so terrified!,Fear,Negative
I thought the cake was absolutely very good. #thoughts,Joy,Positive
The ice cream was not worth it.,Disappointment,Negative
Feeling so sad today because our family drifted apart.,Sadness,Negative
The book was slow and full of bugs.,Disappointment,Negative
"Honestly, the staff was pretty fine.",Ambivalence,Neutral
What an irresponsible day.,Anger,Negative
It was beautiful.,Joy,Positive
Many thanks!,Gratitude,Positive
The cashier was not dreadful at all.,Joy,Positive
"Feeling isolated, having no one to share good news with.",Loneliness,Negative
"So nervous, the flight is taking off soon and I hate flying.",Fear,Negative
The match was so really bad! #daily,Disappointment,Negative
"Sick of this, my manager blamed me for his mistake. Total disrespect!!",Anger,Negative
My brother works in finance. #monday,Neutral,Neutral
"The sound is crystal clear, couldn't be happier.",Joy,Positive
"Battery drains within a couple of hours, completely useless.",Disappointment,Negative
i thought the training was absolutely fine,Ambivalence,Neutral
Boring course: I learned nothing new! #monday,Disappointment,Negative
"surprisingly, the waiter was not dismissive at all",Joy,Positive
the campsite was not worth it,Disappointment,Negative
The latest trip made things better.,Joy,Positive
The customer care was awesome but the support team was very poor.,Ambivalence,Neutral
Update: the phone has been flawless so far. 👍,Joy,Positive
"Delivery took three weeks, so frustrating. #news",Disappointment,Negative
Can't express how proud I am that my painting sold at the exhibition. #update,Pride,Positive
"Not overpriced at all, genuinely enjoyed it. #thoughts",Joy,Positive
I can't believe how dismissive the technician was. 😡,Anger,Negative
Can't believe how perfectly cooked the coffee turned out.,Joy,Positive
I'm so disappointed that the restaurant lost our reservation. #today,Disappointment,Negative
Can't stop smiling because I learned to swim at forty.,Joy,Positive
That was so crushed!,Sadness,Negative
How do they build skyscrapers so quickly?,Curiosity,Neutral
the next train to lisbon departs at half past four,Neutral,Neutral
I can't believe how bad the tour was.,Disappointment,Negative
"You're my person, and I fall for you more each day.",Love,Positive
"Calm and cozy today, watching the rain from the porch.",Contentment,Positive
they mentioned the pizza in the newsletter,Neutral,Neutral
This museum made everything clunkier.,Disappointment,Negative
One star for the burger. 😢,Disappointment,Negative
What a rejected day.,Loneliness,Negative
omg i learned to swim at forty,Excitement,Positive
"I liked the event, but the commute was frustrating.",Ambivalence,Neutral
The latest play made things slower.,Disappointment,Negative
"My heart is pounding, the exam is tomorrow and I'm not ready. 😤",Fear,Negative
the game looked full,Neutral,Neutral
what a wonderful day! my son graduated with honours,Joy,Positive
I can't believe how horrible the class was.,Disappointment,Negative
Can't stop smiling because my code finally worked.,Joy,Positive
I keep asking myself what is inside a black hole. #thoughts,Curiosity,Neutral
Can't believe how disappointing the album turned out. 😡,Disappointment,Negative
Can't believe how perfect the laptop turned out.,Joy,Positive
The steak was first class.,Joy,Positive
The next ferry to Chicago departs at half past four.,Neutral,Neutral
"Thank you, stranger, for returning my phone. You restored my faith in people.",Gratitude,Positive
We are reviewing the draft and will get back to you.,Neutral,Neutral
The doctor wants more tests and I'm shaking with fear. 😡,Fear,Negative
"Support replied instantly, five stars.",Joy,Positive
we are having dinner at nine in the morning,Neutral,Neutral
It was direful.,Disappointment,Negative
I felt intimidated today. 😤,Fear,Negative
I feel relaxed because of our move.,Contentment,Positive
The battery was really underwhelming.,Disappointment,Negative
The event was slow and full of scratches. 👎,Disappointment,Negative
my new drone is made of stainless steel,Neutral,Neutral
The latest software made things worse.,Disappointment,Negative
Would not recommend the headset.,Disappointment,Negative
"Thank you all, I ran my first ten kilometres and I owe it to you.",Gratitude,Positive
"Retirement has its ups and downs, I can't decide.",Ambivalence,Neutral
I bought this headset last week and it looks and works great.,Joy,Positive
The camera was so lousy!,Disappointment,Negative
I keep asking myself how sourdough bread is made. #mood,Curiosity,Neutral
This view was full of energy.,Joy,Positive
The movie was really tedious.,Disappointment,Negative
The phone rang at 3 am and my heart sank with fear.,Fear,Negative
This water bottle feels premium.,Joy,Positive
That was so beneficial!,Joy,Positive
Fingers crossed for the peace talks! #life,Hope,Positive
"So much joy today, I passed my driving test.",Joy,Positive
No complaints about the screen at all.,Joy,Positive
"Honestly, pretty clever.",Joy,Positive
The album was neither fabulous nor abysmal.,Ambivalence,Neutral
I was disgusted by the way they treated the animals.,Disgust,Negative
i've been wondering what is inside a black hole,Curiosity,Neutral
"That is disgusting, I found mould in the fridge.",Disgust,Negative
Can't express how proud I am that I got promoted today.,Pride,Positive
the sandwich was awful tbh,Disappointment,Negative
"I'm thrilled, we adopted a puppy! What's next?",Excitement,Positive
The show was the worst part of my week.,Disappointment,Negative
I keep asking myself what lives at the bottom of the ocean.,Curiosity,Neutral
Can't believe how atrocious the lecture turned out.,Anger,Negative
"I expected so much more, but my flight got cancelled.",Disappointment,Negative
The screen is full of life.,Joy,Positive
This salad was full of complaints.,Disappointment,Negative
i can't believe we're actually going skydiving this weekend,Excitement,Positive
what a sinister day,Fear,Negative
"honestly, pretty compassionate",Joy,Positive
"I adore my partner, always will. 👍",Love,Positive
This customer care made everything much nicer. #monday,Joy,Positive
"The best class ever, hands down. 🎉",Joy,Positive
"I liked the waiter, but the service was bad.",Ambivalence,Neutral
"I worked so hard for this and it paid off, I finished my degree.",Pride,Positive
The latest sushi made things faster.,Joy,Positive
the staff made my blood boil,Anger,Negative
"Overall, the neighbourhood was atrocious. #daily",Anger,Negative
The salad looked new.,Neutral,Neutral
i bought this headset last week and it is exactly what i needed,Joy,Positive
"All is calm, swinging on the porch at dusk. 😍",Contentment,Positive
That was so beautiful! 🎉,Joy,Positive
What a relaxing day.,Contentment,Positive
Who is in charge of the clinic?,Curiosity,Neutral
he teaches chemistry at the university,Neutral,Neutral
"Just so you know, the train leaves from platform four. #update",Neutral,Neutral
"Just me again, talking to the walls again. 😤",Loneliness,Negative
This park was full of lies. #mood,Disappointment,Negative
my novel was really good today,Joy,Positive
I'm never going back. The chicken smelled off.,Disgust,Negative
The delivery van stops at the library every morning. #today,Neutral,Neutral
I'm devastated that the shop we loved closed down. 👎,Sadness,Negative
This curry made everything more enjoyable.,Joy,Positive
the laptop was fantastic tbh,Joy,Positive
This whole thing is just admirable.,Joy,Positive
The latest workshop made things more enjoyable. ❤️,Joy,Positive
The support team made my day slower.,Disappointment,Negative
"Could be better, could be worse.",Ambivalence,Neutral
What a terrified day.,Fear,Negative
"I can't believe it, I built the shelf all by myself! So pumped!",Excitement,Positive
Thrilled about the grand opening next week!,Excitement,Positive
I found the resort to be poor.,Disappointment,Negative
"Useless host, he never showed up.",Disappointment,Negative
"Cried myself to sleep last night, nothing seems right anymore.",Sadness,Negative
I feel thrilled because of the wedding.,Excitement,Positive
i thought the screen was absolutely unacceptable,Anger,Negative
I expected the park to be overpriced but it wasn't.,Joy,Positive
"my heart is racing with excitement, the doctor said i'm completely healthy",Excitement,Positive
The tablet was so lousy!,Disappointment,Negative
"Honestly, pretty joyful.",Joy,Positive
What a dignified day.,Joy,Positive
My new office chair arrived damaged.,Disappointment,Negative
Can't believe how bad the support team turned out.,Disappointment,Negative
My delivery driver was polite today.,Joy,Positive
Every day with my little sister is a gift and I'm so in love. 😍,Love,Positive
The latest train station made things less reliable!!,Disappointment,Negative
the latest movie made things harder to use,Disappointment,Negative
The vacuum cleaner I ordered fell apart in a week.,Disappointment,Negative
I found the neighbourhood to be very good.,Joy,Positive
I really hope the economy next year goes well. ❤️,Hope,Positive
Can't believe how useless the screen turned out. 😤,Disappointment,Negative
Our ending was fantastic. #monday,Joy,Positive
This whole thing is just heartfelt.,Joy,Positive
The clinic is on the second floor next to the kitchen.,Neutral,Neutral
"Honestly, pretty threatened.",Fear,Negative
Can you tell me where the nearest library is? #life,Curiosity,Neutral
Can't believe how worthless the router turned out.,Disappointment,Negative
I'm truly thankful because my son graduated with honours.,Gratitude,Positive
Can't stop smiling because the results came back all clear.,Joy,Positive
"Calm and cozy today, having a lazy morning with coffee.",Contentment,Positive
the beach here is perfect,Joy,Positive
The service was so average!,Ambivalence,Neutral
I'm never going back. My neighbour's trash was spilling into the hallway. 👎,Disgust,Negative
The class was disappointing but the flight was relaxing.,Ambivalence,Neutral
Proud of myself because we won the science fair.,Pride,Positive
"That is disgusting, the milk had gone sour.",Disgust,Negative
Something tells me next season will be fine.,Hope,Positive
It was faultless.,Joy,Positive
I'm honestly irritated about my birthday.,Anger,Negative
"I'm frozen with dread, I might lose my house. 😞",Fear,Negative
"not bad, not great today",Ambivalence,Neutral
It was reeking. #life,Disgust,Negative
Praying that the weather this weekend turns out fine.,Hope,Positive
I felt terrific today. #mood,Joy,Positive
that was so celebrated,Joy,Positive
So let down today because the results were worse than I expected.,Disappointment,Negative
Our coffee was fantastic. #news,Joy,Positive
I feel depressed because of the audition. #update,Sadness,Negative
The pasta wasn't very good at all.,Disappointment,Negative
I felt favorable today.,Joy,Positive
The breakfast looked busy.,Neutral,Neutral
this kettle is better than i imagined,Joy,Positive
"What a proud moment, I ran the whole marathon. 👍",Pride,Positive
Quick question: is it right that the parking lot is behind the building?,Curiosity,Neutral
The acting was really really good. #update,Joy,Positive
I wonder whether our flight boards at gate twelve.,Curiosity,Neutral
i cherish my little sister so much,Love,Positive
Our sandwich was incredible. #news,Joy,Positive
The pasta was really overcooked.,Disappointment,Negative
How do I get to the bakery from the bike stop?,Curiosity,Neutral
I love my girlfriend more than words can say. #life,Love,Positive
"So mad right now, the support agent hung up on me.",Anger,Negative
I thought the hotel was absolutely dingy.,Disgust,Negative
I felt honourable today.,Joy,Positive
"Overall, the ice cream was wonderful.",Joy,Positive
The backpack I ordered stopped working after two days!!,Disappointment,Negative
i picked up the parcel from the gym this morning,Neutral,Neutral
The package comes with dark mode and iOS.,Neutral,Neutral
"I can't stop crying, she left without saying goodbye. #monday",Sadness,Negative
This breakfast made everything more reliable.,Joy,Positive
that was so jolly,Joy,Positive
Can't express how proud I am that we opened our own bakery.,Pride,Positive
I can't believe how draining the event was.,Disappointment,Negative
Update: the watch has a two year warranty. #life,Neutral,Neutral
"I'm over the moon, we opened our own bakery!",Joy,Positive
Would not recommend the acting.,Disappointment,Negative
It is a square flight.,Neutral,Neutral
Yay! We got the keys to our first home!,Joy,Positive
The repair was worth every minute. 🎉,Joy,Positive
So hyped about our move right now!!,Excitement,Positive
I cherish my girlfriend so much.,Love,Positive
"Honestly, disgraceful behaviour",Anger,Negative
The screen is weekly and open.,Neutral,Neutral
Feeling really anxious because the smoke alarm is beeping and I smell smoke.,Fear,Negative
"Honestly, pretty intelligent.",Joy,Positive
I'm honestly furious about my presentation.,Anger,Negative
Is the pool open today?,Curiosity,Neutral
Our app was terrible. 👎,Disappointment,Negative
everything felt beneficial,Joy,Positive
It was scrumptious.,Joy,Positive
"The best teacher ever, hands down. #thoughts",Joy,Positive
"Not worth it at all, I expected much better. 😤",Disappointment,Negative
Feeling fed up today.,Anger,Negative
I'm furious that the cashier was incredibly rude to my mother!,Anger,Negative
The manager was northern.,Neutral,Neutral
"Feeling discouraged, the cake collapsed in the oven.",Disappointment,Negative
I feel exhausted because of this weekend.,Sadness,Negative
the technician was polite tbh,Joy,Positive
"Just me again, walking through a crowd and feeling invisible.",Loneliness,Negative
I feel excited because of tomorrow's meeting.,Excitement,Positive
Not lovely: the novel.,Disappointment,Negative
The platform is compatible with file sharing and Windows.,Neutral,Neutral
The store has a sale on kitchenware until Wednesday.,Neutral,Neutral
"What a proud moment, our startup closed its first funding round.",Pride,Positive
"Honestly, the software was pretty brilliant.",Joy,Positive
"Honestly, meeting at three.",Neutral,Neutral
"Enough is enough, someone cut in line right in front of me!",Anger,Negative
The curry was so pathetic! 😢,Anger,Negative
What an exultant day.,Joy,Positive
I felt privileged today. #mood,Joy,Positive
I felt treasured today. 👍,Joy,Positive
"so nervous, the building shook during the earthquake",Fear,Negative
This toaster is useless and overpriced.,Disappointment,Negative
i'm heading to osaka on sunday,Neutral,Neutral
My new coffee machine is available in two sizes.,Neutral,Neutral
Absolutely the worst haircut I can remember.,Disappointment,Negative
It was unfair.,Anger,Negative
The gym is closed on Wednesdays. #today,Neutral,Neutral
This blender arrived earlier than promised.,Joy,Positive
What a satisfied day. #life,Joy,Positive
"Can't stop the tears, I said goodbye to my childhood home.",Sadness,Negative
It was dishonest.,Anger,Negative
"Overall, the trip was typical.",Ambivalence,Neutral
Everything felt harsh.,Disappointment,Negative
Reminder: the report is due on Friday.,Neutral,Neutral
This terrifies me today 😤,Fear,Negative
"Nothing to do, nowhere to be, just taking a quiet walk in the woods. So content.",Contentment,Positive
The airport was not really bad at all.,Joy,Positive
Grieving the friendship we used to have. #weekend,Sadness,Negative
"The neighbourhood was not mediocre, but not quiet either.",Ambivalence,Neutral
The waiter was disheartened.,Disappointment,Negative
i found the ending to be hilarious,Joy,Positive
"I can't stop crying, I got the sad news this morning.",Sadness,Negative
"I'm livid, the delivery guy threw the package over the fence! 👎",Anger,Negative
"So proud of everyone involved, my code finally worked.",Pride,Positive
"Just me again, going to bed early because nobody is around. 😢",Loneliness,Negative
the city centre here is awful,Disappointment,Negative
"Honestly, so sad today",Sadness,Negative
Falling in love with my partner all over again.,Love,Positive
I felt creditable today.,Joy,Positive
everything felt playful,Joy,Positive
"Not dull at all, would go again.",Joy,Positive
I watched a documentary about jazz history last night.,Neutral,Neutral
Very happy with the acting.,Joy,Positive
This pasta made everything harder to use.,Disappointment,Negative
Our weekend was ordinary.,Ambivalence,Neutral
What a gentlest day. #life,Joy,Positive
I found the sushi to be fantastic.,Joy,Positive
I missed my train by a minute. Not what I hoped for at all. 👎,Disappointment,Negative
Can't stop smiling because my best friend got engaged.,Joy,Positive
The salad wasn't terrific at all.,Disappointment,Negative
The staff was kind.,Joy,Positive
My new office chair looks and works great.,Joy,Positive
The new hire had me smiling all day. 😍,Joy,Positive
"Honestly, pretty guilty.",Disappointment,Negative
"Honestly, pretty splendid.",Joy,Positive
Worst meal I've ever had.,Disappointment,Negative
"I can't sleep from anxiety, the smoke alarm is beeping and I smell smoke. #today",Fear,Negative
He teaches music at the university.,Neutral,Neutral
the view was wonderful tbh,Joy,Positive
Heads up: the manual is available in three languages. #mood,Neutral,Neutral
What an unhappy day.,Disappointment,Negative
Utterly useless!!,Disappointment,Negative
Can someone explain what lives at the bottom of the ocean?,Curiosity,Neutral
Sending a huge thank you to the nurses for being there when I needed you.,Gratitude,Positive
please note that the office is closed for the public holiday,Neutral,Neutral
i can't believe how courteous the customer care was,Joy,Positive
"Part of me is excited about the software redesign, but part of me is dreading it.",Ambivalence,Neutral
The salad was really brilliant.,Joy,Positive
"Calm and cozy today, watching the sunset from the balcony.",Contentment,Positive
i moved to pune last year,Neutral,Neutral
"Honestly, not great at all",Disappointment,Negative
I read that the library is closed on Sundays.,Neutral,Neutral
so excited for the product launch tomorrow,Excitement,Positive
I found the cafe to be shabby. #update,Disgust,Negative
The parking near the pool is free after six.,Neutral,Neutral
Update: the backpack is useless and overpriced.,Disappointment,Negative
"It runs silently, highly recommend. #monday",Joy,Positive
Nothing feels better than a hug from my partner.,Love,Positive
"Got the phone yesterday, it is made of stainless steel.",Neutral,Neutral
I have to return the library books on Sunday.,Neutral,Neutral
"Grateful for small things today: warm tea, kind words and a quiet evening. ❤️",Gratitude,Positive
This sandwich made everything much nicer.,Joy,Positive
The platform includes voice search and iOS.,Neutral,Neutral
"I'm frozen with dread, the exam is tomorrow and I'm not ready.",Fear,Negative
Not sure how to feel about living in the city.,Ambivalence,Neutral
Hoping and praying for our talks next week. #today,Hope,Positive
The city centre is full of flavour.,Joy,Positive
The book has six chapters and an index.,Neutral,Neutral
Can't believe how disappointing the book turned out.,Disappointment,Negative
The staff had me smiling all day.,Joy,Positive
The plot was lovely and full of laughs.,Joy,Positive
The city centre was really so so.,Ambivalence,Neutral
This whole thing is just celebrated.,Joy,Positive
I hate the pizza!!,Anger,Negative
Today I'm positive.,Hope,Positive
I wouldn't call the curry tasty.,Disappointment,Negative
It was horrified.,Fear,Negative
Quiet moment: reading in the garden. Life is good.,Contentment,Positive
The store has a sale on winter coats until Sunday. #life,Neutral,Neutral
The router exceeded my expectations.,Joy,Positive
"What a proud moment, I ran my first ten kilometres.",Pride,Positive
This weekend made everything more reliable.,Joy,Positive
I found the park to be first class.,Joy,Positive
How dare they? They cancelled my order without telling me!,Anger,Negative
Simple pleasures: stretching out on the sofa with a blanket. I'm perfectly content.,Contentment,Positive
it was brave,Joy,Positive
"The sound is muffled and crackly, total garbage. 👎",Disappointment,Negative
the museum was dirty tbh,Disgust,Negative
is there a library near the train station?,Curiosity,Neutral
Love it today,Joy,Positive
I can't believe how dull the movie was. #today,Disappointment,Negative
I felt useless today. #weekend,Disappointment,Negative
The concert was a complete disaster.,Disappointment,Negative
I felt unfulfilled today.,Disappointment,Negative
This is great,Joy,Positive
Can't believe how wonderful the manager turned out.,Joy,Positive
The ending was dull.,Disappointment,Negative
The latest train station made things harder to use. #weekend,Disappointment,Negative
"Nobody to share it with, sitting in an empty apartment.",Loneliness,Negative
I thought the concert was absolutely gorgeous. ❤️,Joy,Positive
"So mad right now, my manager blamed me for his mistake.",Anger,Negative
I have to reply to the email on Sunday!!,Neutral,Neutral
"Honestly, the update was pretty really bad.",Disappointment,Negative
The journey is full of delays. 😢,Disappointment,Negative
i usually take the ferry to work,Neutral,Neutral
"Everything works smoothly, so impressed. #daily",Joy,Positive
the tour guide was a real treat,Joy,Positive
The documentary was pathetic. #daily,Anger,Negative
The dinner was slow and full of bugs.,Disappointment,Negative
I bought this phone last week and it is made of stainless steel.,Neutral,Neutral
Call me later today #monday,Neutral,Neutral
The trip was simply wonderful.,Joy,Positive
I really hope the weather this weekend goes well.,Hope,Positive
The headset I ordered is exactly what I needed.,Joy,Positive
That was so hurtful!,Disappointment,Negative
What an unfair day.,Anger,Negative
The lecture here is first class.,Joy,Positive
The package is compatible with Linux and iOS.,Neutral,Neutral
the latest version adds linux and dark mode,Neutral,Neutral
everything felt heartfelt,Joy,Positive
Standing tall today because we opened our own bakery.,Pride,Positive
It is a official website.,Neutral,Neutral
The restaurant was an absolute mess. 😤,Disappointment,Negative
my brother works in hr,Neutral,Neutral
"The resort was excellent, although the city centre was bad.",Ambivalence,Neutral
Standing tall today because I finished my degree.,Pride,Positive
what a wonderful day! the cake turned out perfect,Joy,Positive
I felt effective today.,Joy,Positive
Feeling intrigued today.,Curiosity,Neutral
"Anxiety is through the roof, I have to speak in front of two hundred people. 😡",Fear,Negative
I felt hateful today. #mood,Anger,Negative
she gave a talk about coffee farming on monday,Neutral,Neutral
The campsite made my day better. 😊,Joy,Positive
I'm never going back. The kitchen was crawling with cockroaches.,Disgust,Negative
The album was a waste of time and money.,Disappointment,Negative
Can't complain about the movie.,Joy,Positive
I can't believe how quick the receptionist was!,Joy,Positive
The next tram to Delhi departs at six o'clock.,Neutral,Neutral
The parking near the pool is free after six!!,Neutral,Neutral
Can't complain about the cashier.,Joy,Positive
I really hope the scholarship decision goes well.,Hope,Positive
"It wasn't amazing, sadly. #daily",Disappointment,Negative
Today I'm undecided.,Ambivalence,Neutral
What a discouraging day.,Disappointment,Negative
"Nothing fancy, just a comfy blanket and a good movie. Bliss!!",Contentment,Positive
So much appreciation for the volunteers who cleaned up our park.,Gratitude,Positive
The technician was flat.,Neutral,Neutral
I'm heading to Pune on Thursday. #weekend,Neutral,Neutral
the gym is closed on mondays,Neutral,Neutral
I wouldn't call the salad first class.,Disappointment,Negative
The play is located on the second floor.,Neutral,Neutral
"got the backpack yesterday, it was shipped from the local warehouse",Neutral,Neutral
Gross! The sandwich was covered in green mould.,Disgust,Negative
The workshop was really ordinary.,Ambivalence,Neutral
The service couldn't have been better.,Joy,Positive
I bought this toaster last week and it does not work as advertised. #life,Disappointment,Negative
I can't believe how brilliant the keyboard was! 😍,Joy,Positive
I'm so proud that my son graduated with honours!,Pride,Positive
I'm so alone about the hearing.,Loneliness,Negative
I can't believe how terrible the neighbourhood was.,Disappointment,Negative
I'm having breakfast with my colleagues tomorrow.,Neutral,Neutral
"So down today, the summer ended and everyone went home!!",Sadness,Negative
Been reading up on how the stock market works. #life,Curiosity,Neutral
The new hire fell apart.,Disappointment,Negative
Feeling hopeful about the economy next year. #monday,Hope,Positive
The manager here is unremarkable. #update,Ambivalence,Neutral
The deadline has been extended to next week.,Neutral,Neutral
Nobody makes my heart flutter like my partner.,Love,Positive
"My hands are shaking, I have a terrible feeling something is wrong.",Fear,Negative
That was so thrilling!,Excitement,Positive
Why is that?,Curiosity,Neutral
"Surprisingly, the tablet was not worthless at all!!!",Joy,Positive
Life is good. The new apartment turned out lovely.,Joy,Positive
"Grateful for everyone who helped, our startup closed its first funding round. #thoughts",Gratitude,Positive
"Just so you know, the shop is next to the post office.",Neutral,Neutral
"Part of me is excited about moving abroad, but part of me is dreading it.",Ambivalence,Neutral
the new schedule is posted on the notice board,Neutral,Neutral
"It's hard not having anyone around, spending another weekend with nobody to call.",Loneliness,Negative
I'm devastated that I got the sad news this morning.,Sadness,Negative
best burger i've had in years,Joy,Positive
announcement: the new policy applies to all employees,Neutral,Neutral
Honestly not fun.,Disappointment,Negative
Everything felt problematic.,Disappointment,Negative
I felt useful today.,Joy,Positive
That was so praising!,Joy,Positive
Can't express how proud I am that I ran the whole marathon.,Pride,Positive
I thought the cashier was absolutely professional!!,Joy,Positive
I'm positive about the visit.,Hope,Positive
Nothing feels better than a hug from my little sister. #monday,Love,Positive
"I can't sleep from anxiety, my heart was pounding after that scary noise. #news",Fear,Negative
I can't believe how atrocious the charger was.,Anger,Negative
Superb delivery and it arrived a day early and well packed.,Joy,Positive
The headset I ordered is listed on the second page!!,Neutral,Neutral
"Nothing to do, nowhere to be, just tending to my plants in the sunshine. So content.",Contentment,Positive
"Ugh, my exam went terribly. What a waste. 👎",Disappointment,Negative
"Feeling discouraged, our vacation was ruined by the weather!!",Disappointment,Negative
I moved to Berlin last year.,Neutral,Neutral
Can't believe how incompetent the manager turned out.,Anger,Negative
Everything felt frightening.,Fear,Negative
feeling conflicted today,Ambivalence,Neutral
"So mad right now, the airline lost my luggage and just shrugged.",Anger,Negative
It was considerate.,Joy,Positive
What a vexing day.,Anger,Negative
"If we keep trying, I know something good will come of it.",Hope,Positive
I cherish my husband so much. #update,Love,Positive
Our ending was standard.,Ambivalence,Neutral
"Honestly, do not buy",Disappointment,Negative
Eating cereal for dinner by myself. I feel so alone. 😡,Loneliness,Negative
"Honestly, the album was pretty powerful. #news",Joy,Positive
"Best day ever, the client loved our proposal! 👍",Joy,Positive
"Feeling broken, the old cafe closed for good.",Sadness,Negative
I felt elegant today.,Joy,Positive
That was so suspended! 👎,Disappointment,Negative
my new toaster fell apart in a week,Disappointment,Negative
My husband means the world to me.,Love,Positive
What a destructive day!!,Disappointment,Negative
My colleague was simply wonderful.,Joy,Positive
"The zipper broke immediately, so frustrating.",Disappointment,Negative
Sending a huge thank you to my neighbours for all your help this year.,Gratitude,Positive
not sure how to feel about retirement,Ambivalence,Neutral
"Perfectly relaxed, drinking hot chocolate under a blanket.",Contentment,Positive
The documentary was light.,Neutral,Neutral
The cafe was awesome.,Joy,Positive
"great cake, would buy again",Joy,Positive
"Not bad at all, would go again.",Joy,Positive
"Not undercooked, not impressive. The salad was just okay.",Ambivalence,Neutral
"Honestly, this is great",Joy,Positive
This whole thing is just outraged. 😤,Anger,Negative
Can't believe how delightful the show turned out. ❤️,Joy,Positive
That was so succeeding!!!,Joy,Positive
"Watching the snow fall through the window, feeling completely at peace.",Contentment,Positive
The resort has been updated.,Neutral,Neutral
Definitely intuitive: the tablet.,Joy,Positive
The waiter made my day smoother.,Joy,Positive
The cafe was lovely and full of life.,Joy,Positive
The resort was slow and full of delays.,Disappointment,Negative
I'm terrified because my son hasn't come home yet.,Fear,Negative
"This makes me so angry, my ex spread rumours about me!",Anger,Negative
Which day does the bakery close?,Curiosity,Neutral
Everything felt disheartening.,Disappointment,Negative
How dare they? My colleague took credit for my work!,Anger,Negative
It was pathetic!!,Disappointment,Negative
"Just so you know, the presentation is about twenty minutes long.",Neutral,Neutral
I really enjoyed the course. #news,Joy,Positive
The charger was oppressed. 😞,Disappointment,Negative
I built the shelf all by myself and I couldn't be happier.,Joy,Positive
This train station made everything simpler.,Joy,Positive
OMG the results came back all clear!!,Excitement,Positive
"Got the laptop yesterday, it is exactly what I needed.",Joy,Positive
I lost my job after ten years and I just feel numb. 😞,Sadness,Negative
the event was way better than i expected,Joy,Positive
What a violent day.,Disappointment,Negative
Everything felt lamenting.,Sadness,Negative
Update: the drone has been flawless so far.,Joy,Positive
the driver was pure magic,Joy,Positive
"Overall, the story was hilarious. #today",Joy,Positive
The show wasted my whole afternoon. 😡,Anger,Negative
The park was not perfect.,Disappointment,Negative
Everything feels empty since I said goodbye to my childhood home.,Sadness,Negative
"Honestly, pretty sinful. 😞",Disappointment,Negative
So sad about my presentation right now.,Sadness,Negative
"Yuck, I saw a rat in the restaurant.",Disgust,Negative
"terrible concert, never again",Disappointment,Negative
I thought the show was absolutely incredible.,Joy,Positive
She gave a talk about volcanoes on Monday.,Neutral,Neutral
"Not friendly at all, very underwhelming. 😡",Disappointment,Negative
the concert next friday is going to be epic,Excitement,Positive
It was impressed.,Joy,Positive
I'm terrified because there's a storm heading straight for us.,Fear,Negative
"Honestly, pretty superb. #daily",Joy,Positive
I can't believe how bad the tour was. #life,Disappointment,Negative
the play was poor but the show was touching,Ambivalence,Neutral
"Honestly, love it!",Joy,Positive
Ew. I found mould in the fridge. I can't unsee it. #daily,Disgust,Negative
This whole thing is just considerate.,Joy,Positive
"What a proud moment, my daughter made the team.",Pride,Positive
i picked up the parcel from the post office this morning,Neutral,Neutral
The gym is closed on Fridays.,Neutral,Neutral
"I can't believe it, they cancelled my order without telling me. Absolutely unacceptable!",Anger,Negative
Feeling undecided today.,Ambivalence,Neutral
The breakfast was unremarkable.,Ambivalence,Neutral
I felt devilish today.,Disappointment,Negative
Best meal I've had in years.,Joy,Positive
"The concert was unoriginal, though the soundtrack was brilliant.",Ambivalence,Neutral
I found the soundtrack to be fine.,Ambivalence,Neutral
I felt sympathetic today.,Joy,Positive
What time does the cafe open on Saturday?,Curiosity,Neutral
"Honestly, the park was pretty pathetic.",Anger,Negative
I'm honestly disappointed about the flight.,Disappointment,Negative
I felt depressed today. #mood,Sadness,Negative
The tablet was really alright.,Ambivalence,Neutral
The ending was really boring. 😡,Disappointment,Negative
Staring at my phone waiting for someone to reply. I wish someone would call.,Loneliness,Negative
"Overall, the tour was awful.",Disappointment,Negative
Feeling really anxious because the alarm went off in the middle of the night. 😡,Fear,Negative
The refund should arrive in the morning. #mood,Neutral,Neutral
Definitely dreadful: the resort.,Disappointment,Negative
What a generous day.,Joy,Positive
this whole thing is just grand,Joy,Positive
This burger made everything faster.,Joy,Positive
The class covers music and medieval castles!!,Neutral,Neutral
Easily the best movie of my life.,Joy,Positive
"Wow, my article got published! I'm buzzing!",Excitement,Positive
"Got the water bottle yesterday, it was shipped from the local warehouse.",Neutral,Neutral
What time does the pool open on Friday?,Curiosity,Neutral
I felt delighted today.,Joy,Positive
"Honestly, the update was pretty ordinary.",Ambivalence,Neutral
The train station was neither wonderful nor smelly. #monday,Ambivalence,Neutral
"Not comfortable at all, I wouldn't go back. 😡",Disappointment,Negative
The apartment was agonizing.,Disappointment,Negative
the app was outstanding but the phone was abysmal,Ambivalence,Neutral
So let down today because the cake collapsed in the oven.,Disappointment,Negative
"Great book, would buy again!",Joy,Positive
The latest match made things less reliable. 😞,Disappointment,Negative
Feeling frustrated about the reunion. 😤,Disappointment,Negative
The interface is full of charm.,Joy,Positive
"According to the schedule, the report is due on Friday.",Neutral,Neutral
The platform comes with macOS and two-factor login.,Neutral,Neutral
update: the jacket is available in two sizes,Neutral,Neutral
So grateful that I got the job offer.,Gratitude,Positive
The delivery van stops at the pool every morning.,Neutral,Neutral
The phone was really wonderful.,Joy,Positive
the service made my day more enjoyable,Joy,Positive
The pasta was so top notch!,Joy,Positive
The novel was exhilarated.,Excitement,Positive
I can see the good and the bad in the software redesign.,Ambivalence,Neutral
Thank you to my coach for your kindness. #life,Gratitude,Positive
The game was slow and full of complaints. 👎,Disappointment,Negative
"I'm livid, I was overcharged for the third time!",Anger,Negative
"Overall, the tablet was impressive. 😍",Joy,Positive
"Overall, the book was incredible.",Joy,Positive
"Worst holiday ever, avoid.",Disappointment,Negative
The experience was so memorable!,Joy,Positive
The laptop I ordered has been flawless so far.,Joy,Positive
The website made my day simpler.,Joy,Positive
The soup looked busy.,Neutral,Neutral
The book is full of laughs.,Joy,Positive
"This makes me so angry, my colleague took credit for my work!",Anger,Negative
The pool is closed on Thursdays.,Neutral,Neutral
I have a job interview at lunchtime.,Neutral,Neutral
"i'm livid, they ignored my complaint for weeks",Anger,Negative
Awful support: they ignored my emails for weeks!,Disappointment,Negative
can't believe how disappointing the support team turned out,Disappointment,Negative
"The sound is crystal clear, so impressed.",Joy,Positive
"The documentary was amazing, although the film was poor.",Ambivalence,Neutral
"Overall, the sandwich was pathetic.",Anger,Negative
The story was not worth it.,Disappointment,Negative
I miss having someone to talk to. Watching everyone else with their friends.,Loneliness,Negative
I'm truly thankful because my article got published. 😍,Gratitude,Positive
The receptionist here is so so.,Ambivalence,Neutral
"The trash bin was overflowing with maggots, it made me gag.",Disgust,Negative
I moved to Osaka last year.,Neutral,Neutral
The battery was grey. #today,Neutral,Neutral
"got the drone yesterday, it was delivered to the front desk",Neutral,Neutral
The flight was new.,Neutral,Neutral
Announcement: the museum offers guided tours in the morning!!,Neutral,Neutral
The class was beyond frustrating!!,Anger,Negative
Perfect fit and it looks and feels great. #mood,Joy,Positive
"Such a peaceful evening, taking a quiet walk in the woods.",Contentment,Positive
Counting my blessings this Thanksgiving.,Gratitude,Positive
The tablet was really very poor.,Disappointment,Negative
"happy anniversary to the love of my life, forever yours",Love,Positive
The game was useless.,Disappointment,Negative
The cake was neither awesome nor lousy.,Ambivalence,Neutral
The support team was so inattentive! #daily,Disappointment,Negative
They are discussing the draft in the research meeting.,Neutral,Neutral
She gave a talk about marine life on Monday. #news,Neutral,Neutral
That was so polluted!,Disgust,Negative
sending a huge thank you to my teachers for your patience,Gratitude,Positive
OMG I gave the speech without stumbling!!,Excitement,Positive
it was improving,Joy,Positive
The burger was offending.,Disappointment,Negative
I thought the commute was absolutely bad.,Disappointment,Negative
"A slow, gentle evening in the garden. This is enough. ❤️",Contentment,Positive
What a flawless day.,Joy,Positive
This whole thing is just triumphant. 😍,Joy,Positive
The hotel room here is delightful.,Joy,Positive
I love the training!,Joy,Positive
"Got the laptop yesterday, it stopped responding again. 😡",Disappointment,Negative
This kettle was delivered to the front desk.,Neutral,Neutral
The novel was so unoriginal!,Disappointment,Negative
The tour was poisonous.,Disgust,Negative
Going to bed early because nobody is around. I feel so alone. #thoughts,Loneliness,Negative
"The coffee is not divine, sadly.",Disappointment,Negative
Ew. There was a hair in my soup. I can't unsee it.,Disgust,Negative
please remember to bring a printed copy to the appointment,Neutral,Neutral
Heads up: the road will be closed for maintenance.,Neutral,Neutral
I'm having dinner with the client tomorrow.,Neutral,Neutral
Completely disappointed by the update.,Disappointment,Negative
"So much joy today, I ran my first ten kilometres!!",Joy,Positive
"I worked so hard for this and it paid off, my painting sold at the exhibition.",Pride,Positive
she is head of the sales team,Neutral,Neutral
"Thank you all, the neighbours threw us a surprise party and I owe it to you. 👍",Gratitude,Positive
"got the watch yesterday, it feels premium",Joy,Positive
I love the film!,Joy,Positive
"so proud of everyone involved, my article got published",Pride,Positive
"Anxiety is through the roof, the car started skidding on the ice.",Fear,Negative
This burger made everything less reliable. 😞,Disappointment,Negative
The road trip with friends is going to be epic!,Excitement,Positive
The repair exceeded all expectations.,Joy,Positive
The steak here is fine.,Ambivalence,Neutral
This whole thing is just splendid.,Joy,Positive
Just thinking of my best friend makes me smile with love. 😍,Love,Positive
"Nothing to do, nowhere to be, just cooking a slow Sunday lunch. So content.",Contentment,Positive
That was so gentle!,Contentment,Positive
I watched a documentary about marine life last night.,Neutral,Neutral
This update was full of charm. #weekend,Joy,Positive
"Honestly, pretty stinking. 😡",Disgust,Negative
Definitely helpful: the delivery driver.,Joy,Positive
forever grateful to my teachers for the thoughtful gift,Gratitude,Positive
The salad was awful but the breakfast was excellent!!,Ambivalence,Neutral
"Just me again, coming home to a silent house.",Loneliness,Negative
"I can't believe it, the bank charged me hidden fees. Absolutely unacceptable!",Anger,Negative
Quiet moment: writing in my journal by candlelight. Life is good.,Contentment,Positive
Everything felt fantastic.,Joy,Positive
Feeling lonely about my presentation. 😤,Loneliness,Negative
Feeling absolutely delighted that the rain finally stopped in time for the wedding.,Joy,Positive
The headset was so confusing!!!,Disappointment,Negative
The software was lousy. 😤,Disappointment,Negative
Definitely ordinary: the tour.,Ambivalence,Neutral
The headset was disappointed.,Disappointment,Negative
This mattress was shipped from the local warehouse.,Neutral,Neutral
Everything felt haunted.,Fear,Negative
I felt terrible today.,Disappointment,Negative
I expected the update to be pathetic but it wasn't.,Joy,Positive
"I'm so scared, the dog next door growled at me.",Fear,Negative
I have a doctor's appointment at lunchtime. #news,Neutral,Neutral
Update: the watch comes in three colours.,Neutral,Neutral
Feeling so sad today because the summer ended and everyone went home.,Sadness,Negative
"I'm frozen with dread, I'm walking home alone in the dark.",Fear,Negative
I'm so disappointed that the project got cancelled after months of work.,Disappointment,Negative
"Honestly, the dessert was pretty first class.",Joy,Positive
I'm worried about the audition. #weekend,Fear,Negative
I'm heartbroken today,Sadness,Negative
The update made my day worse.,Disappointment,Negative
This watch is available in two sizes.,Neutral,Neutral
"wonderful hotel, everything was spotless and quiet",Joy,Positive
I love my baby girl more than words can say.,Love,Positive
It was graceful.,Joy,Positive
My acting was typical today.,Ambivalence,Neutral
"Absolutely revolting, the towels were stained and smelled awful.",Disgust,Negative
i have a good feeling that this year will turn around,Hope,Positive
It was disgraced. 👎,Disappointment,Negative
That was so dishonest!,Anger,Negative
I'm honestly let down about the game tonight.,Disappointment,Negative
The manager was way better than I expected.,Joy,Positive
The salad was really poor.,Disappointment,Negative
The soundtrack was awesome.,Joy,Positive
The story was really very good.,Joy,Positive
I found the hotel to be comfortable.,Joy,Positive
I found the story to be touching.,Joy,Positive
The cake was really soggy.,Disgust,Negative
"The class was chaotic, though the flight was wonderful.",Ambivalence,Neutral
Everything felt catastrophic.,Disappointment,Negative
The latest tablet made things more enjoyable.,Joy,Positive
My new speaker came with a manual.,Neutral,Neutral
"Wow, we adopted a puppy! I'm buzzing!",Excitement,Positive
The new policy is a mixed bag for me.,Ambivalence,Neutral
The tool includes dark mode and Windows.,Neutral,Neutral
"Great teacher, would buy again!",Joy,Positive
Feeling so sad today because I found our old photos.,Sadness,Negative
your invoice will be processed sometime this week,Neutral,Neutral
They mentioned the campsite in the newsletter. #update,Neutral,Neutral
The delivery van stops at the bank every morning.,Neutral,Neutral
Simple pleasures: watching the sunset from the balcony. I'm perfectly content. #today,Contentment,Positive
That was so dignified! #mood,Joy,Positive
"Surprisingly, the beach was not bad at all!",Joy,Positive
I can't believe how awesome the sushi was! #life,Joy,Positive
I'm hopeful about the announcement.,Hope,Positive
"What a proud moment, we finally finished the project.",Pride,Positive
I gave the speech without stumbling and I couldn't be happier.,Joy,Positive
"It's hard not having anyone around, watching everyone else with their friends. #update",Loneliness,Negative
"I nearly vomited, the sandwich was covered in green mould.",Disgust,Negative
"That is disgusting, the sandwich was covered in green mould. 😢",Disgust,Negative
The haircut is at lunchtime tomorrow.,Neutral,Neutral
The city announced new opening hours for the downtown area. #thoughts,Neutral,Neutral
Ew. My neighbour's trash was spilling into the hallway. I can't unsee it.,Disgust,Negative
Can you tell me where the nearest library is? #thoughts,Curiosity,Neutral
please note that the train leaves from platform four,Neutral,Neutral
"i adore my cat, always will",Love,Positive
The airport was so terrific!,Joy,Positive
The parking near the library is free after six!!,Neutral,Neutral
hoping and praying for the school application,Hope,Positive
Our website was superb.,Joy,Positive
I need to reply to the email before the end of the month.,Neutral,Neutral
I can't believe how great the steak was!,Joy,Positive
"Not abysmal, not first class. The lecture was just okay.",Ambivalence,Neutral
definitely sharp: the keyboard,Joy,Positive
What a selfish day. #mood,Anger,Negative
That was so horrified!,Fear,Negative
The steak looked light.,Neutral,Neutral
Standing tall today because we finally finished the project. #today,Pride,Positive
i regret trying the customer care,Disappointment,Negative
"Yuck, the meat looked grey and slimy.",Disgust,Negative
"Can't sleep, too excited about the festival this summer.",Excitement,Positive
"Got the headset yesterday, it keeps disconnecting. #monday",Disappointment,Negative
The receptionist is full of delays.,Disappointment,Negative
The finance team sent an update early next month.,Neutral,Neutral
It was ecstatic.,Excitement,Positive
I'm undecided about our move.,Ambivalence,Neutral
"It crashes every few minutes, completely useless.",Disappointment,Negative
"Honestly, why is that?",Curiosity,Neutral
What time does the gym open on Wednesday?,Curiosity,Neutral
My support team was mediocre today.,Disappointment,Negative
"Staying positive about the test results, it will work out.",Hope,Positive
I can't wait for our holiday in Italy!!!,Excitement,Positive
I bought this water bottle last week and it is listed on the second page.,Neutral,Neutral
Thank you to everyone who supported me for the wonderful advice.,Gratitude,Positive
the manager will send the agenda on thursday,Neutral,Neutral
"Today was pure sunshine, I laughed until my cheeks hurt 😊",Joy,Positive
The phone is full of delays.,Disappointment,Negative
My colleague had me smiling all day.,Joy,Positive
The team left everyone impressed.,Joy,Positive
"Honestly, pretty disparaging.",Disappointment,Negative
the ending was alright tbh,Ambivalence,Neutral
"Not good at all, I expected much better.",Disappointment,Negative
"Not rude at all, much better than expected.",Joy,Positive
"I'm frozen with dread, my son hasn't come home yet.",Fear,Negative
I'm reading a book about volcanoes.,Neutral,Neutral
"FYI, the shop is next to the post office!!",Neutral,Neutral
definitely so so: the story,Ambivalence,Neutral
I'm furious that they cancelled my order without telling me! 😤,Anger,Negative
It is a automatic curry.,Neutral,Neutral
Feeling glad today.,Joy,Positive
This whole thing is just safer. 👍,Joy,Positive
"Not slow at all, genuinely enjoyed it.",Joy,Positive
our novel was delightful,Joy,Positive
"Honestly, pretty perfect.",Joy,Positive
Definitely so so: the service.,Ambivalence,Neutral
The library is closed on Mondays.,Neutral,Neutral
"That is disgusting, the food tasted rotten.",Disgust,Negative
"honestly, pretty marvelous",Joy,Positive
That was so disheartening!,Disappointment,Negative
I felt devastating today.,Sadness,Negative
What a meritorious day.,Joy,Positive
The parking near the pharmacy is free after six.,Neutral,Neutral
the tour guide had me smiling all day,Joy,Positive
The tickets are available online and at the pharmacy.,Neutral,Neutral
Update: the laptop arrived earlier than promised.,Joy,Positive
"That is disgusting, there was a hair in my soup.",Disgust,Negative
It was fulfilled.,Joy,Positive
I feel depressed today!!,Sadness,Negative
i read that the tournament begins next saturday,Neutral,Neutral
The keyboard is full of problems.,Disappointment,Negative
I can't believe how dreadful the experience was.,Disappointment,Negative
I can't believe how pathetic the router was.,Anger,Negative
"the design is beautiful, highly recommend",Joy,Positive
i'm honestly overjoyed about the flight,Joy,Positive
definitely fabulous: the interview,Joy,Positive
"I can't stop crying, my sister moved overseas. #weekend",Sadness,Negative
I keep asking myself how deep the ocean really is. #update,Curiosity,Neutral
I felt distressful today. #daily,Disappointment,Negative
The post office closes at six on weekdays.,Neutral,Neutral
I can't believe how dreadful the campsite was. 😤,Disappointment,Negative
the play was adequate tbh,Ambivalence,Neutral
"Absolutely revolting, the sandwich was covered in green mould. 😢",Disgust,Negative
Update: the laptop keeps disconnecting.,Disappointment,Negative
Everything felt agreeable.,Joy,Positive
I have mixed feelings about living in the city. #news,Ambivalence,Neutral
Sending a huge thank you to my coach for all your help this year.,Gratitude,Positive
The teacher couldn't have been better.,Joy,Positive
Announcement: the survey takes about ten minutes!!,Neutral,Neutral
The tour is full of complaints.,Disappointment,Negative
he teaches history at the university,Neutral,Neutral
The city council meets on Monday evening.,Neutral,Neutral
"It fits perfectly, worth every penny. #weekend",Joy,Positive
Can't believe how bad the documentary turned out.,Disappointment,Negative
"Feeling isolated, eating lunch by myself at my desk.",Loneliness,Negative
"Absolutely revolting, the milk had gone sour.",Disgust,Negative
I felt dismaying today.,Disappointment,Negative
"Cooking a slow Sunday lunch, completely satisfied.",Contentment,Positive
I'm so proud that we won the science fair!,Pride,Positive
can you tell me where the nearest museum is?,Curiosity,Neutral
Just okay.,Ambivalence,Neutral
Fingers crossed for the audition on Friday!,Hope,Positive
"So down today, the shop we loved closed down.",Sadness,Negative
I can't thank my parents enough for your kindness.,Gratitude,Positive
Feeling grateful about the game tonight. #daily,Gratitude,Positive
The campsite was not impressive.,Disappointment,Negative
What a regrettable day.,Disappointment,Negative
i felt amazing today,Joy,Positive
This phone was a total scam!!,Disappointment,Negative
"Delivery arrived a day early, five stars.",Joy,Positive
Can you tell me where the nearest bakery is?,Curiosity,Neutral
i'm so proud that i gave the speech without stumbling,Pride,Positive
So grateful that we won the science fair.,Gratitude,Positive
The book was so powerful!,Joy,Positive
can't believe how wonderful the laptop turned out,Joy,Positive
"Honestly, pretty disqualified.",Disappointment,Negative
I can't wait for the grand opening next week!,Excitement,Positive
The waiter was digital.,Neutral,Neutral
The charger was first class.,Joy,Positive
Does anyone know if the road will be closed for maintenance?,Curiosity,Neutral
The dinner is full of character.,Joy,Positive
Forever grateful to my teachers for all your help this year.,Gratitude,Positive
"Can't stop the tears, my grandmother's health is getting worse.",Sadness,Negative
My event was pathetic today. #weekend,Anger,Negative
"Honestly, pretty outraged!!",Anger,Negative
This whole thing is just trapped. 😡,Disappointment,Negative
"Honestly, the workshop was pretty rewarding.",Joy,Positive
The story wasn't entertaining at all.,Disappointment,Negative
feeling really down today,Sadness,Negative
I thought the album was absolutely adequate.,Ambivalence,Neutral
I felt tired today.,Disappointment,Negative
I felt bully today. 👎,Disappointment,Negative
"I can't stop crying, the old house was sold.",Sadness,Negative
The parking near the post office is free after six.,Neutral,Neutral
The tour guide made my day.,Joy,Positive
"Not bad at all, much better than expected.",Joy,Positive
"Not clean at all, very underwhelming. 😞",Disappointment,Negative
Everything felt sweet.,Love,Positive
"That is disgusting, the smell from the garbage was unbearable.",Disgust,Negative
What a satisfying day.,Joy,Positive
Best day ever,Joy,Positive
"What a letdown, the restaurant lost our reservation.",Disappointment,Negative
The HR team sent an update in the morning!!,Neutral,Neutral
Falling in love with my brother all over again. #life,Love,Positive
The novel was slow and full of scratches.,Disappointment,Negative
"I can't stop crying, another year passed without seeing my family. 😡",Sadness,Negative
The concert was cancelled. Not what I hoped for at all. #monday,Disappointment,Negative
"Mouldy bread and a fridge full of spoiled milk, I'm horrified by how dirty it is.",Disgust,Negative
"I can't eat that, the texture is slimy and repulsive. #mood",Disgust,Negative
It was admirable.,Joy,Positive
What a reinvigorated day.,Joy,Positive
she gave a talk about the french revolution on monday,Neutral,Neutral
My whole family means the world to me.,Love,Positive
"battery lasts all day, absolutely love it",Joy,Positive
"Baking bread on a slow afternoon, completely satisfied. #daily",Contentment,Positive
Nobody makes my heart flutter like my wife.,Love,Positive
the burger was so burnt,Disappointment,Negative
It is a digital neighbourhood. #update,Neutral,Neutral
"fyi, the package weighs about two kilograms",Neutral,Neutral
"Honestly, the resort was pretty okay. #life",Ambivalence,Neutral
I really hope the surgery next week goes well!!,Hope,Positive
The platform is compatible with dark mode and PDF export.,Neutral,Neutral
"Staying positive about our talks next week, it will work out.",Hope,Positive
It was infected. 😢,Disgust,Negative
The customer care here is dismissive.,Anger,Negative
My campsite was comfortable today.,Joy,Positive
Can't believe how forgettable the film turned out!!,Disappointment,Negative
The movie was moving.,Joy,Positive
The documentary made my day slower.,Disappointment,Negative
What an unintelligent day.,Disappointment,Negative
Honestly the app was not very sturdy.,Disappointment,Negative
My new office chair works perfectly.,Joy,Positive
This whole thing is just trustful.,Joy,Positive
What a blessed day.,Gratitude,Positive
What a reeking day.,Disgust,Negative
The big match tonight is going to be epic!,Excitement,Positive
"The design is ugly, so frustrating.",Disappointment,Negative
"Nothing to do, nowhere to be, just sipping tea by the window. So content.",Contentment,Positive
Very happy with the plot. #news,Joy,Positive
"I'm so scared, my son hasn't come home yet.",Fear,Negative
Not perfect: the gym. #update,Disappointment,Negative
I found the battery to be outstanding.,Joy,Positive
Definitely awesome: the airport.,Joy,Positive
Not outstanding: the technician!!,Disappointment,Negative
I feel over the moon because of my birthday.,Joy,Positive
It was agitating. #news,Disappointment,Negative
Everything felt dread.,Fear,Negative
Update: the headset keeps disconnecting.,Disappointment,Negative
"It's hard not having anyone around, talking to the walls again. 😤",Loneliness,Negative
The software let me down.,Disappointment,Negative
My book was boring today.,Disappointment,Negative
"The waiter was terrific, although the support team was frustrating.",Ambivalence,Neutral
Feeling really anxious because my son hasn't come home yet.,Fear,Negative
Can't believe how delicious the dessert turned out. #update,Joy,Positive
The phone was irritable.,Anger,Negative
I'm honestly grossed out about the flight!!,Disgust,Negative
"The design is ugly, what a joke.",Disappointment,Negative
There's a deep sense of calm in the mountains that I never want to leave.,Contentment,Positive
My new coffee machine has been flawless so far.,Joy,Positive
the update is compatible with cloud backup and ios,Neutral,Neutral
It was rotten. 😢,Disgust,Negative
"Not slow at all, I'm actually impressed.",Joy,Positive
"Overall, the interface was very good.",Joy,Positive
This sandwich was full of energy. 👍,Joy,Positive
"Not awful at all, I'm actually impressed. #life",Joy,Positive
The breakfast was really worthless. #life,Disappointment,Negative
reminder: the manual is available in three languages,Neutral,Neutral
Unacceptable today #daily,Anger,Negative
What an easy day.,Joy,Positive
The tour was really so so.,Ambivalence,Neutral
Yay! My parents surprised me with a visit!,Joy,Positive
He teaches chemistry at the university.,Neutral,Neutral
What an esteemed day.,Joy,Positive
I bought this vacuum cleaner last week and it stopped working after two days. 👎,Disappointment,Negative
I found the play to be poor. 👎,Disappointment,Negative
What a respectable day.,Joy,Positive
Today I'm lonely.,Loneliness,Negative
I miss having someone to talk to. Eating lunch by myself at my desk. 😢,Loneliness,Negative
who is in charge of the museum?,Curiosity,Neutral
This park was full of stains. 😞,Disappointment,Negative
The latest movie made things simpler.,Joy,Positive
"Overall, the app was unremarkable.",Ambivalence,Neutral
my manager was adequate today,Ambivalence,Neutral
They cancelled my order without telling me and I'm fuming.,Anger,Negative
Our laptop was disappointing. 👎,Disappointment,Negative
Best trip I've ever had!,Joy,Positive
The airport was depressing but the cafe was amazing.,Ambivalence,Neutral
The teacher did a fantastic job!!,Joy,Positive
The tool is compatible with file sharing and offline mode.,Neutral,Neutral
I feel hurt today.,Sadness,Negative
i thought the neighbourhood was absolutely standard,Ambivalence,Neutral
Not sure how to feel about graduating.,Ambivalence,Neutral
The event was so standard! #monday,Ambivalence,Neutral
"Not impressive at all, I wouldn't go back.",Disappointment,Negative
The update is compatible with Android and iOS.,Neutral,Neutral
this speaker is available in two sizes,Neutral,Neutral
So excited for the concert next Friday!,Excitement,Positive
"Nothing to do, nowhere to be, just watching the snow fall through the window. So content.",Contentment,Positive
i can't believe how great the screen was,Joy,Positive
That was so shattered! 👎,Sadness,Negative
I expected the plot to be overhyped but it wasn't.,Joy,Positive
So proud about the new school right now.,Pride,Positive
"The colours are washed out, what a joke.",Disappointment,Negative
"I'm over the moon, our baby took her first steps!",Joy,Positive
I found the ice cream to be fabulous.,Joy,Positive
Standing tall today because our startup closed its first funding round.,Pride,Positive
"Sick of this, my ex spread rumours about me. Total disrespect. #news",Anger,Negative
The tool comes with Linux and voice search.,Neutral,Neutral
"Overall, the ice cream was cold.",Disappointment,Negative
My support team was pathetic today. 😢,Anger,Negative
Definitely brilliant: the tour. 😊,Joy,Positive
Heads up: the webinar covers the basics of budgeting.,Neutral,Neutral
"Just so you know, the bridge connects the two districts.",Neutral,Neutral
the class was clever,Joy,Positive
The breakfast wasn't great at all.,Disappointment,Negative
i'm honestly outraged about the storm,Anger,Negative
I'm so happy that my friend returned home safely!,Joy,Positive
Do you know if the bakery is open on Thursday?,Curiosity,Neutral
Everything felt likeable.,Joy,Positive
Honestly not clean.,Disappointment,Negative
Forever grateful to my parents for your patience.,Gratitude,Positive
i thought the museum was absolutely frustrating,Disappointment,Negative
The experience was slow and full of problems. #update,Disappointment,Negative
The game let me down. 😤,Disappointment,Negative
Worst teacher I've ever had.,Disappointment,Negative
The manager will send the agenda on Wednesday.,Neutral,Neutral
Can't believe how disappointing the burger turned out. #daily,Disappointment,Negative
So grateful that my article got published.,Gratitude,Positive
"Honestly, pretty irritative.",Disappointment,Negative
The customer care was really very good.,Joy,Positive
"That is disgusting, there was a cockroach in my noodles.",Disgust,Negative
is it true that the new timetable comes into effect in march?,Curiosity,Neutral
"The colours are washed out, completely useless.",Disappointment,Negative
"I feel sick, the milk had gone sour.",Disgust,Negative
I felt doomed today. 😤,Disappointment,Negative
"So lonely tonight, walking home to an empty flat.",Loneliness,Negative
Can someone confirm whether the train leaves from platform four?,Curiosity,Neutral
"Honestly, pretty unfortunate.",Disappointment,Negative
The latest version adds two-factor login and iOS.,Neutral,Neutral
"Honestly, pretty pitiless.",Disappointment,Negative
I felt vexing today. #today,Anger,Negative
So sad today,Sadness,Negative
Reminder: the museum offers guided tours in the morning.,Neutral,Neutral
I felt energetic today.,Excitement,Positive
the match was terrific tbh,Joy,Positive
"Great weekend, would buy again! 😍",Joy,Positive
Everything felt unattractive.,Disappointment,Negative
the game is round and white,Neutral,Neutral
Gross! The kitchen was crawling with cockroaches.,Disgust,Negative
"overall, the pizza was disappointing",Disappointment,Negative
Quick question: is it right that the train leaves from platform four?,Curiosity,Neutral
We are having lunch at half past four.,Neutral,Neutral
they are discussing the quote in the engineering meeting,Neutral,Neutral
I can see the good and the bad in retirement.,Ambivalence,Neutral
Feeling thrilled about the hearing. ❤️,Excitement,Positive
The tablet was adequate. #mood,Ambivalence,Neutral
I thought the keyboard was absolutely excellent.,Joy,Positive
"Not impressive at all, quite a letdown. #daily",Disappointment,Negative
The interview made my day clunkier. 😤,Disappointment,Negative
I feel furious today.,Anger,Negative
The park was so clean!,Joy,Positive
The coffee looked full.,Neutral,Neutral
The update is compatible with Linux and dark mode.,Neutral,Neutral
"So down today, my cat went missing.",Sadness,Negative
Falling in love with my twin all over again.,Love,Positive
"Honestly, pretty talented.",Joy,Positive
It was violent.,Disappointment,Negative
My partner means the world to me.,Love,Positive
"Just me again, spending the holidays without anyone. #life",Loneliness,Negative
I can't believe how wonderful the pasta was!,Joy,Positive
Would not recommend the soup.,Disappointment,Negative
Hopeful that things will improve with the scholarship decision.,Hope,Positive
"Not good at all, I wouldn't go back.",Disappointment,Negative
My new drone does not work as advertised. #today,Disappointment,Negative
The burger was not perfectly cooked. #today,Disappointment,Negative
I found the waiter to be terrible. 😡,Disappointment,Negative
Mixed feelings today,Ambivalence,Neutral
The waiter was pathetic but the service was quick.,Ambivalence,Neutral
"My heart is pounding, the plane hit heavy turbulence.",Fear,Negative
This whole thing is just vitriolic.,Disappointment,Negative
Feeling really anxious because there's a storm heading straight for us.,Fear,Negative
"My heart is pounding, I got a strange call from an unknown number.",Fear,Negative
The library is open from nine to five on weekdays.,Neutral,Neutral
I've been cooking all afternoon.,Neutral,Neutral
"Great coffee, would buy again!",Joy,Positive
"terrible service, never again",Disappointment,Negative
"Sick of this, they ignored my complaint for weeks. Total disrespect. 😤",Anger,Negative
i love my wife more than words can say,Love,Positive
The phone here is superb. #daily,Joy,Positive
The service was pathetic but the waiter was very good.,Ambivalence,Neutral
i'm comfortable about the announcement,Contentment,Positive
"Nobody to share it with, watching the world go by from my window. #life",Loneliness,Negative
The keyboard I ordered came with a manual.,Neutral,Neutral
The shop stocks both paper and digital editions.,Neutral,Neutral
"I feel light and cheerful today, like nothing can bring me down.",Joy,Positive
The campsite was not underwhelming at all.,Joy,Positive
I'm undecided about graduating.,Ambivalence,Neutral
"Feeling calm, cozy and completely satisfied with life right now.",Contentment,Positive
"Honestly, perfect!",Joy,Positive
Super hyped because I found my lost wallet with everything inside!,Excitement,Positive
I'm thrilled about the game tonight.,Excitement,Positive
"Nobody to share it with, waiting for a call that never comes.",Loneliness,Negative
The match was really unremarkable.,Ambivalence,Neutral
Can't believe how amazing the laptop turned out. 🎉,Joy,Positive
My heart feels heavy. My pet rabbit died.,Sadness,Negative
The pharmacy is closed on Sundays.,Neutral,Neutral
the play looked southern,Neutral,Neutral
We are reviewing the request and will get back to you.,Neutral,Neutral
The latest version adds macOS and Windows.,Neutral,Neutral
Nothing feels better than a hug from my dad. #mood,Love,Positive
The resort is full of complaints.,Disappointment,Negative
i can't believe how draining the workshop was,Disappointment,Negative
"the film was top notch, although the novel was boring",Ambivalence,Neutral
The commute is full of bugs. #weekend,Disappointment,Negative
The salad here is lovely.,Joy,Positive
The documentary was shamed. #weekend,Disappointment,Negative
Is the beach worth checking out?,Curiosity,Neutral
Counting down the days until the concert next Friday!,Excitement,Positive
The bank is closed on Saturdays.,Neutral,Neutral
The tour guide let everyone down.,Disappointment,Negative
i have mixed feelings about graduating,Ambivalence,Neutral
"I liked the documentary, but the story was very poor.",Ambivalence,Neutral
"Such a happy afternoon with my cousins, we haven't laughed like this in years. #update",Joy,Positive
Today I'm unsure.,Ambivalence,Neutral
I can't believe how brilliant the technician was!,Joy,Positive
This pasta was full of character.,Joy,Positive
What a damaging day.,Disappointment,Negative
Can someone confirm whether the city council meets on Monday evening?,Curiosity,Neutral
Heads up: the form has to be submitted online.,Neutral,Neutral
That was so regretful!,Disappointment,Negative
I feel sad because of my exam results.,Sadness,Negative
Life is good. We reached our fundraising goal.,Joy,Positive
I can't believe how beautiful the hotel was! #life,Joy,Positive
"I'm thrilled, I stood up for myself! What's next?",Excitement,Positive
I adore the show!!,Joy,Positive
The book was gripping.,Joy,Positive
Definitely poor: the apartment!!,Disappointment,Negative
The cafe was dirty but the apartment was fantastic.,Ambivalence,Neutral
Hopeful that things will improve with the harvest this year. #mood,Hope,Positive
"Ugh, my flight got cancelled. What a waste. #update",Disappointment,Negative
"So nervous, my son hasn't come home yet.",Fear,Negative
Wondering if the clinic accepts appointments by phone.,Curiosity,Neutral
"Personal best at the gym today. Hard work pays off, and I'm proud. 👍",Pride,Positive
I can't stop praising the laptop.,Joy,Positive
What a fearless day.,Joy,Positive
The experience was abysmal but the course was delightful.,Ambivalence,Neutral
I felt precious today.,Joy,Positive
"Honestly, total waste of money",Disappointment,Negative
Life is good. My sister passed her exams!!,Joy,Positive
"what a proud moment, i finished my degree",Pride,Positive
Can someone confirm whether the conference takes place in Berlin this year?,Curiosity,Neutral
I'm terrified because the exam is tomorrow and I'm not ready. 😡,Fear,Negative
i can't believe how amazing the waiter was,Joy,Positive
Feeling calm today.,Contentment,Positive
The interview was dreadful but the workshop was fabulous.,Ambivalence,Neutral
I have a haircut at noon. #update,Neutral,Neutral
simple pleasures: watching the rain from the porch. i'm perfectly content,Contentment,Positive
He works in the logistics department. #monday,Neutral,Neutral
i'm meeting an old classmate for dinner on friday,Neutral,Neutral
"My heart is racing with excitement, we adopted a puppy.",Excitement,Positive
This office chair looks and works great.,Joy,Positive
My plans fell through again. Not what I hoped for at all. 👎,Disappointment,Negative
"It wasn't friendly, sadly.",Disappointment,Negative
Feeling fed up about the move to a new city.,Anger,Negative
I'm reading a book about ancient Rome. #mood,Neutral,Neutral
The resort looked manual.,Neutral,Neutral
So grateful that the rain finally stopped in time for the wedding.,Gratitude,Positive
I can't believe how welcoming the cashier was!,Joy,Positive
"So much joy today, my grandmother recovered fully.",Joy,Positive
That was so tragical!,Disappointment,Negative
"Honestly, pretty disabling. #weekend",Disappointment,Negative
It was idealistic.,Joy,Positive
This whole thing is just merry. #mood,Joy,Positive
feeling hurt about the announcement,Sadness,Negative
the train station was typical tbh,Ambivalence,Neutral
The service made my day less reliable.,Disappointment,Negative
I felt traumatic today.,Sadness,Negative
This whole thing is just brutal. #today,Disappointment,Negative
"Got the mattress yesterday, it is listed on the second page.",Neutral,Neutral
So let down today because the restaurant lost our reservation.,Disappointment,Negative
I watched a documentary about bird migration last night.,Neutral,Neutral
I felt shattered today.,Sadness,Negative
"Such a peaceful evening, watching the rain from the porch.",Contentment,Positive
Quick question: is it right that the museum offers guided tours in the morning?,Curiosity,Neutral
"It's hard not having anyone around, eating cereal for dinner by myself.",Loneliness,Negative
I can't believe how awful the camera was.,Disappointment,Negative
I'm so disappointed that the sequel was a letdown.,Disappointment,Negative
Fingers crossed for next season! #thoughts,Hope,Positive
The router was yellow.,Neutral,Neutral
This game made everything clunkier. #daily,Disappointment,Negative
The post office is open from nine to five on weekdays.,Neutral,Neutral
The movie here is average.,Ambivalence,Neutral
Honestly the steak was not very really good. 😡,Disappointment,Negative
"The concert was really good, although the book was repetitive.",Ambivalence,Neutral
My new keyboard broke on the first use.,Disappointment,Negative
"Overall, the phone was abysmal.",Disappointment,Negative
"According to the schedule, the manual is available in three languages!!",Neutral,Neutral
This whole thing is just remarkable. ❤️,Joy,Positive
The weekend is busy and central.,Neutral,Neutral
Bitterly disappointed: I didn't get the promotion.,Disappointment,Negative
So grateful that we finally finished the project.,Gratitude,Positive
Everything felt genial.,Joy,Positive
"The best haircut ever, hands down.",Joy,Positive
"Just so you know, the road will be closed for maintenance.",Neutral,Neutral
The resort was black.,Neutral,Neutral
My new backpack stopped charging within a week. 😢,Disappointment,Negative
Utterly enraged by the way they treated the staff.,Anger,Negative
"I'm thrilled, I got into my dream university! What's next?",Excitement,Positive
That was so regrettable!,Disappointment,Negative
"Tending to my plants in the sunshine, completely satisfied. #today",Contentment,Positive
the workshop is held in the main hall,Neutral,Neutral
Forever grateful to the nurses for the wonderful advice.,Gratitude,Positive
Do not buy,Disappointment,Negative
Life is good. I paid off my last loan.,Joy,Positive
Does anyone know how sourdough bread is made?,Curiosity,Neutral
I expected the tablet to be useless but it wasn't. #update,Joy,Positive
"Honestly, the pizza was pretty brilliant.",Joy,Positive
"Wow, I got promoted today! I'm buzzing!",Excitement,Positive
"Honestly, pretty unintelligent.",Disappointment,Negative
"I worked so hard for this and it paid off, I got promoted today. #monday",Pride,Positive
i felt blamed today,Disappointment,Negative
The lecture was really disorganized.,Disappointment,Negative
The neighbourhood here is lousy.,Disappointment,Negative
What a wonderful day! I completed the coding bootcamp. #today,Joy,Positive
Nothing feels better than a hug from my brother.,Love,Positive
Thank you to the nurses for the wonderful advice.,Gratitude,Positive
My cake was disappointing today. 😢,Disappointment,Negative
What a horrifying day.,Fear,Negative
"i worked so hard for this and it paid off, my article got published",Pride,Positive
Counting down the days until our holiday in Italy!,Excitement,Positive
Would not recommend the coffee. 😡,Disappointment,Negative
The match was fabulous but the event was mediocre!!,Ambivalence,Neutral
This lecture made everything more confusing. #weekend,Disappointment,Negative
"Nothing works properly, avoid at all costs.",Disappointment,Negative
I'll be out of the office on Thursday. #news,Neutral,Neutral
What a disgusted day.,Disgust,Negative
"Overall, the view was superb.",Joy,Positive
i'll call a friend after coffee,Neutral,Neutral
I thought the website was absolutely amazing. #today,Joy,Positive
Watching my students perform on stage made me incredibly proud. 👍,Pride,Positive
The burger was perfectly cooked.,Joy,Positive
I can't thank my parents enough for your patience.,Gratitude,Positive
"I can't sleep from anxiety, I might lose my house. 👎",Fear,Negative
Our lecture was terrific.,Joy,Positive
Feeling content today.,Contentment,Positive
The funeral was today and I just feel numb!!,Sadness,Negative
I'm so disappointed that I got rejected from my dream job.,Disappointment,Negative
this router was full of problems,Disappointment,Negative
He teaches biology at the university.,Neutral,Neutral
The manager was troublesome.,Disappointment,Negative
The mattress I ordered keeps disconnecting.,Disappointment,Negative
Can't stop smiling because my painting sold at the exhibition.,Joy,Positive
"Overall, the interface was lovely.",Joy,Positive
Not good today 😤,Disappointment,Negative
Hopeful that things will improve with our talks next week.,Hope,Positive
"I'm thrilled, we reached our fundraising goal! What's next?",Excitement,Positive
"Not amazing at all, I expected much better.",Disappointment,Negative
"Honestly, pretty starving. 😤",Disappointment,Negative
I bought this speaker last week and it is exactly what I needed.,Joy,Positive
I'm so happy that the surprise party was a total success!,Joy,Positive
I really hope the audition on Friday goes well.,Hope,Positive
Hopeful that things will improve with our plans for next year.,Hope,Positive
my ending was adequate today,Ambivalence,Neutral
That was so selfish!,Anger,Negative
The story was underwhelming. #mood,Disappointment,Negative
"Not noisy at all, would go again.",Joy,Positive
How dare they? The company denied my refund!,Anger,Negative
"The charger was terrific, although the tablet was clunky.",Ambivalence,Neutral
I'm working from home this week. #daily,Neutral,Neutral
Can't believe how underwhelming the class turned out.,Disappointment,Negative
"Terrible teacher, never again.",Disappointment,Negative
Sending a huge thank you to my mentor for everything you did for us.,Gratitude,Positive
Ew. The water from the tap was brown. I can't unsee it. 😞,Disgust,Negative
"Surprisingly, the train station was not unacceptable at all!",Joy,Positive
Would not recommend the software.,Disappointment,Negative
The tour was ordinary.,Ambivalence,Neutral
"The new job offer has its ups and downs, I can't decide.",Ambivalence,Neutral
"I expected so much more, but the trip didn't live up to the hype.",Disappointment,Negative
I love the gym!,Joy,Positive
"Feeling isolated, like the whole world moved on without me.",Loneliness,Negative
Something tells me the weather this weekend will be fine.,Hope,Positive
This whole thing is just gorgeous.,Joy,Positive
It was crestfallen.,Sadness,Negative
Really worried right now,Fear,Negative
Is there a bank near the ferry station?,Curiosity,Neutral
"All is calm, stretching out on the sofa with a blanket.",Contentment,Positive
We talked about the neighbourhood in the meeting. #life,Neutral,Neutral
"Not overpriced at all, would go again.",Joy,Positive
"Got the tent yesterday, it makes my life so much easier. 😍",Joy,Positive
"Got the speaker yesterday, it was delivered to the front desk.",Neutral,Neutral
"I can't believe it, we opened our own bakery! So pumped! #today",Excitement,Positive
Yay! The hike ended with an incredible view!,Joy,Positive
My cake was impressive today.,Joy,Positive
That was so visionary!,Joy,Positive
This keyboard was full of scratches.,Disappointment,Negative
It was neglectful.,Disappointment,Negative
definitely okay: the documentary,Ambivalence,Neutral
The latest version adds two-factor login and voice search.,Neutral,Neutral
"Just so you know, the schedule was updated this morning.",Neutral,Neutral
Best phone I've had in years.,Joy,Positive
I felt improved today. #weekend,Joy,Positive
Can someone explain what is inside a black hole?,Curiosity,Neutral
We have a team call scheduled for Wednesday morning.,Neutral,Neutral
The album made my day faster.,Joy,Positive
The story was grey.,Neutral,Neutral
This breakfast was full of creativity.,Joy,Positive
"Feeling broken, my old teacher passed away. #daily",Sadness,Negative
The salad here is okay. #news,Ambivalence,Neutral
The trip was worth every minute. #news,Joy,Positive
"So much joy today, my son graduated with honours.",Joy,Positive
the tour guide did a fantastic job,Joy,Positive
Fingers crossed for the scholarship decision! ❤️,Hope,Positive
The latest waiter made things harder to use.,Disappointment,Negative
I left my umbrella at the cafe.,Neutral,Neutral
I'm heartbroken that my pet rabbit died. #thoughts,Sadness,Negative
The driver went above and beyond!!,Joy,Positive
Nothing feels better than a hug from my baby girl.,Love,Positive
"I nearly vomited, the towels were stained and smelled awful. 👎",Disgust,Negative
What a disappointing day!!,Disappointment,Negative
I'm optimistic about the economy next year.,Hope,Positive
It was blessed. 😍,Gratitude,Positive
What time does the post office open on Sunday?,Curiosity,Neutral
They are discussing the plan in the research meeting.,Neutral,Neutral
The museum is full of complaints.,Disappointment,Negative
Update: the toaster came with a manual.,Neutral,Neutral
This dessert was full of joy.,Joy,Positive
Hopeful that things will improve with the test results. #update,Hope,Positive
i can't believe how top notch the receptionist was,Joy,Positive
Announcement: the conference takes place in Berlin this year.,Neutral,Neutral
"Delivery took three weeks, avoid at all costs. 😢",Disappointment,Negative
"Got the office chair yesterday, it exceeded my expectations.",Joy,Positive
How do I get to the cafe from the metro stop?,Curiosity,Neutral
Our breakfast was salty. 😡,Disappointment,Negative
The new schedule is posted on the notice board. #life,Neutral,Neutral
The lecture was hopeless.,Sadness,Negative
This train station made everything slower.,Disappointment,Negative
the headset was really okay,Ambivalence,Neutral
this manager was full of charm,Joy,Positive
"Feeling broken, another year passed without seeing my family.",Sadness,Negative
My new hoodie is available in two sizes. #update,Neutral,Neutral
The cashier here is worthless.,Disappointment,Negative
The repair had me smiling all day.,Joy,Positive
I usually take the train to work.,Neutral,Neutral
i really hope our talks next week goes well,Hope,Positive
The class was chaotic.,Disappointment,Negative
"I adore my grandmother, always will. 🎉",Love,Positive
"Got the watch yesterday, it stopped charging within a week. 😞",Disappointment,Negative
the update is compatible with linux and windows,Neutral,Neutral
Forever grateful to my friends for your endless support!!,Gratitude,Positive
I read that the exhibition runs until the end of June.,Neutral,Neutral
The package is compatible with macOS and Linux.,Neutral,Neutral
Wondering if the class starts at ten. #update,Curiosity,Neutral
I can't believe how terrible the flight was.,Disappointment,Negative
"Great holiday, would buy again!",Joy,Positive
"Such a peaceful evening, writing in my journal by candlelight.",Contentment,Positive
I asked a friend about the schedule.,Neutral,Neutral
"the new policy has its ups and downs, i can't decide",Ambivalence,Neutral
The interview here is smooth.,Joy,Positive
I found the weekend to be fabulous. 😍,Joy,Positive
Just thinking about the birthday party on Saturday gives me goosebumps. #update,Excitement,Positive
Waiting for a call that never comes and nobody cares.,Loneliness,Negative
How dare they? My landlord raised the rent again!,Anger,Negative
What a caring day.,Love,Positive
It was peaceful. 👍,Contentment,Positive
The dessert is full of complaints. 😡,Disappointment,Negative
I cherish my grandmother so much. #weekend,Love,Positive
I bought this coffee machine last week and it arrived on Tuesday.,Neutral,Neutral
"Terrible match, never again.",Disappointment,Negative
Great customer care and they resolved my complaint right away.,Joy,Positive
the story was really ordinary,Ambivalence,Neutral
Trying to figure out why the sky is blue.,Curiosity,Neutral
The HR team sent an update on Wednesday.,Neutral,Neutral
Feeling really down,Sadness,Negative
This whole thing is just festive.,Joy,Positive
"honestly, great job",Joy,Positive
"Perfectly relaxed, taking a quiet walk in the woods. #life",Contentment,Positive
I feel angry because of the deadline. 😡,Anger,Negative
I thought the pasta was absolutely scrumptious.,Joy,Positive
today i'm calm,Contentment,Positive
Terrible customer service: nobody answered my calls! 😤,Disappointment,Negative
The trip made my day more frustrating.,Disappointment,Negative
It was damaged.,Disappointment,Negative
That was so glum!,Sadness,Negative
The website made my day faster.,Joy,Positive
proud of myself because we reached our fundraising goal,Pride,Positive
Can't express how proud I am that I gave the speech without stumbling. #weekend,Pride,Positive
Update: the coffee machine has been flawless so far.,Joy,Positive
The whole experience was painfully slow.,Disappointment,Negative
The finance team sent an update in the morning.,Neutral,Neutral
He works in the sales department.,Neutral,Neutral
Definitely very good: the steak.,Joy,Positive
The keyboard was really pathetic. #mood,Anger,Negative
Can you tell me where the nearest post office is? #daily,Curiosity,Neutral
It was satisfied.,Joy,Positive
The layoffs are announced next week and I'm shaking with fear.,Fear,Negative
My new speaker is better than I imagined.,Joy,Positive
We built this business from nothing and I couldn't be prouder.,Pride,Positive
It was grimy. #news,Disgust,Negative
Thank you so much today,Gratitude,Positive
My baby girl means the world to me.,Love,Positive
Can't stop smiling because my grandmother recovered fully!!,Joy,Positive
"I feel sick, the man spat on the pavement next to me.",Disgust,Negative
Update: the desk lamp does not work as advertised.,Disappointment,Negative
"floating in the pool on a warm afternoon, completely satisfied",Contentment,Positive
The support team wasn't perfect at all.,Disappointment,Negative
Quiet moment: stretching out on the sofa with a blanket. Life is good. ❤️,Contentment,Positive
The class was an absolute mess.,Disappointment,Negative
Completely disappointed by the lecture.,Disappointment,Negative
The speaker I ordered requires two batteries.,Neutral,Neutral
"Worst match ever, avoid. #mood",Disappointment,Negative
Slow living at its best: stretching out on the sofa with a blanket. 👍,Contentment,Positive
Another year passed without seeing my family and I just feel numb.,Sadness,Negative
That was so overjoyed!,Joy,Positive
"Honestly, pretty dehumanized. #monday",Disappointment,Negative
Running ten minutes late today,Neutral,Neutral
the cafe closes at six on weekdays,Neutral,Neutral
"So nervous, the stock market crashed and I'm invested.",Fear,Negative
Everything felt stricken. #today,Fear,Negative
Super hyped because the sun came out for the whole trip!,Excitement,Positive
i can't thank everyone who supported me enough for being there when i needed you,Gratitude,Positive
I bought this desk lamp last week and it stopped charging within a week. #today,Disappointment,Negative
The novel was deceitful.,Anger,Negative
"Honestly, pretty trusty!!",Joy,Positive
I can't believe how awful the salad was.,Disappointment,Negative
the weekend was typical tbh,Ambivalence,Neutral
What a fatal day. #monday,Disappointment,Negative
My new toaster is worth every penny.,Joy,Positive
Can't believe how awful the staff turned out.,Disappointment,Negative
This watch is way too flimsy. 😤,Disappointment,Negative
"I believe in the school application, better days are ahead.",Hope,Positive
"I'm so thankful for my health, my family and this beautiful life.",Gratitude,Positive
the charger was very good tbh!!,Joy,Positive
Very unhappy today 😤,Disappointment,Negative
"Honestly, grateful for your help",Gratitude,Positive
Heads up: the parking lot is behind the building.,Neutral,Neutral
slow living at its best: writing in my journal by candlelight,Contentment,Positive
That was so merry!,Joy,Positive
What a heartless day. 👎,Disappointment,Negative
I still believe things will work out for us.,Hope,Positive
My new drone was shipped from the local warehouse.,Neutral,Neutral
Feeling scared today.,Fear,Negative
This whole thing is just hopeful.,Hope,Positive
The coffee machine I ordered is made of stainless steel.,Neutral,Neutral
Can't believe how dreadful the staff turned out.,Disappointment,Negative
"Anxiety is through the roof, I heard footsteps outside at midnight.",Fear,Negative
I'll be at the office until five o'clock. #weekend,Neutral,Neutral
I'm never going back. The smell from the garbage was unbearable.,Disgust,Negative
Hoping and praying for the surgery next week.,Hope,Positive
been reading up on how coffee beans are roasted,Curiosity,Neutral
The tour guide never worked properly.,Disappointment,Negative
Feeling down about the exam.,Sadness,Negative
So livid about tomorrow's meeting right now.,Anger,Negative
what a wonderful day! i stood up for myself,Joy,Positive
"got the water bottle yesterday, it looks and works great",Joy,Positive
The next tram to Delhi departs at ten thirty.,Neutral,Neutral
Completely disappointed by the support team.,Disappointment,Negative
It was lovable.,Love,Positive
I found the pasta to be terrible.,Disappointment,Negative
Can't believe how greasy the burger turned out.,Disgust,Negative
Definitely abysmal: the neighbourhood.,Disappointment,Negative
"I'm frozen with dread, I have to go to the dentist tomorrow.",Fear,Negative
"So nervous, the smoke alarm is beeping and I smell smoke.",Fear,Negative
Something tells me our plans for next year will be fine.,Hope,Positive
Which day does the gym close?,Curiosity,Neutral
"It's hard not having anyone around, eating lunch by myself at my desk.",Loneliness,Negative
Something tells me the move to a new city will be fine.,Hope,Positive
The new hire was a nightmare from start to finish. #monday,Disappointment,Negative
This whole thing is just ashamed. 😡,Disappointment,Negative
Honestly not friendly. 👎,Disappointment,Negative
What an agonizing day.,Disappointment,Negative
My flight lands at ten thirty tomorrow. #weekend,Neutral,Neutral
i found the waiter to be alright,Ambivalence,Neutral
Everything felt thoughtless. 😤,Anger,Negative
I bought this watch last week and it makes my life so much easier.,Joy,Positive
"I liked the sandwich, but the ice cream was terrible.",Ambivalence,Neutral
Watching everyone else with their friends. I feel so alone. 😞,Loneliness,Negative
Slow living at its best: taking a quiet walk in the woods.,Contentment,Positive
I asked an old classmate about the schedule.,Neutral,Neutral
My new blender is exactly what I needed.,Joy,Positive
i've been reading emails all afternoon,Neutral,Neutral
The toaster I ordered arrived damaged. #weekend,Disappointment,Negative
What a respected day. #mood,Joy,Positive
"Honestly, pretty punishing!!",Disappointment,Negative
Today I'm hyped.,Excitement,Positive
My article got published and I couldn't be happier.,Joy,Positive
I'm disappointed about the wedding.,Disappointment,Negative
Can someone confirm whether the bus route changes next week?,Curiosity,Neutral
"Honestly, not good",Disappointment,Negative
The interview was loved.,Love,Positive
"Yuck, the shower drain was clogged with hair.",Disgust,Negative
your parcel will be processed on wednesday,Neutral,Neutral
Proud of myself because I made it to the finals.,Pride,Positive
The pasta was lovely and full of creativity.,Joy,Positive
Feeling overwhelmed today.,Sadness,Negative
"Overall, the gym was wonderful.",Joy,Positive
So isolated about my birthday right now.,Loneliness,Negative
"It's hard not having anyone around, coming home to a silent house. 👎",Loneliness,Negative
It was scared!!,Fear,Negative
"So down today, my pet rabbit died. 😤",Sadness,Negative
The library is on the second floor next to the kitchen.,Neutral,Neutral
"What a proud moment, I built the shelf all by myself.",Pride,Positive
I love my niece more than words can say.,Love,Positive
I found the concert to be fabulous!!,Joy,Positive
"I'm frozen with dread, the alarm went off in the middle of the night.",Fear,Negative
We have a team call scheduled for Saturday morning!!,Neutral,Neutral
The manager was delightful but the service was bad.,Ambivalence,Neutral
This waiter was full of character!!,Joy,Positive
Everything felt sorrowful.,Sadness,Negative
"I'm livid, my landlord raised the rent again! #mood",Anger,Negative
"All is calm, doing a jigsaw puzzle by the lamp.",Contentment,Positive
"Overall, the journey was atrocious.",Anger,Negative
Life is good. We cleaned up the entire beach.,Joy,Positive
"Overall, the hotel was average.",Ambivalence,Neutral
This whole thing is just disgusting. #life,Disgust,Negative
It was contemptuous.,Anger,Negative
"Honestly, the dinner was pretty mediocre. #daily",Disappointment,Negative
Our soup was pathetic. #life,Anger,Negative
Our book was unacceptable.,Anger,Negative
This dinner made everything slower.,Disappointment,Negative
Honestly I'm torn about retirement.,Ambivalence,Neutral
"I feel sick, the trash bin was overflowing with maggots.",Disgust,Negative
Absolutely the worst cake I can remember. 👎,Disappointment,Negative
"Grateful for everyone who helped, my sister passed her exams.",Gratitude,Positive
I felt rejective today. 👎,Disappointment,Negative
Falling in love with my aunt all over again.,Love,Positive
My weekend was awesome today.,Joy,Positive
"I believe in the interview tomorrow, better days are ahead.",Hope,Positive
"Nobody checks on me anymore, coming home to a silent house.",Loneliness,Negative
The logistics team sent an update early next month.,Neutral,Neutral
Definitely very good: the match.,Joy,Positive
The coffee was lovely and full of energy.,Joy,Positive
"Surprisingly, the ice cream was not useless at all!",Joy,Positive
I sent the quote to the research department.,Neutral,Neutral
the album was underwhelming tbh 👎,Disappointment,Negative
"Not bad, not very good. The journey was just okay.",Ambivalence,Neutral
Just thinking of my twin makes me smile with love.,Love,Positive
I found the experience to be pathetic.,Anger,Negative
Update: the hoodie is better than I imagined.,Joy,Positive
The gym moved to a new building last month.,Neutral,Neutral
This camera made everything clunkier.,Disappointment,Negative
The service had me smiling all day. #life,Joy,Positive
"The meat looked grey and slimy, it made me gag. #daily",Disgust,Negative
"My heart is pounding, someone was following me on the street.",Fear,Negative
Honestly I'm torn about the software redesign.,Ambivalence,Neutral
I found the trip to be lousy.,Disappointment,Negative
that was so irritated,Anger,Negative
the software supports both pdf export and the web,Neutral,Neutral
"Worst day ever, avoid.",Disappointment,Negative
I can't believe how delightful the documentary was!,Joy,Positive
"I'm thrilled, the hike ended with an incredible view! What's next? #update",Excitement,Positive
The pizza was awesome.,Joy,Positive
My novel was impressive today.,Joy,Positive
It wasn't overpriced at all! #daily,Joy,Positive
"Terrible holiday, never again.",Disappointment,Negative
Everything felt cute. #today,Joy,Positive
Can't believe how mediocre the laptop turned out.,Disappointment,Negative
i have to pick up the parcel on friday,Neutral,Neutral
How dare they? He lied to my face!,Anger,Negative
Quick question: is it right that the app is available on both Android and iOS?,Curiosity,Neutral
"Honestly, pretty honest. #update",Joy,Positive
This whole thing is just stricken.,Fear,Negative
The workshop made my day simpler.,Joy,Positive
Fingers crossed for the interview tomorrow!,Hope,Positive
The class was way better than I expected. #update,Joy,Positive
It was distraught. #weekend,Sadness,Negative
I read about the laptop yesterday. #monday,Neutral,Neutral
"It wasn't reliable, sadly.",Disappointment,Negative
"I adore my aunt, always will. 🎉",Love,Positive
The book was sick. 😡,Disappointment,Negative
the tour guide was worth every minute,Joy,Positive
Thank you to my mentor for the wonderful advice!!,Gratitude,Positive
The app comes with the web and dark mode. #update,Neutral,Neutral
Hoping and praying for the move to a new city.,Hope,Positive
The delivery driver was cherished.,Love,Positive
The beach was benevolent.,Joy,Positive
We are having breakfast at noon.,Neutral,Neutral
the book was really fantastic,Joy,Positive
"Honestly, the charger was pretty pathetic. 😡",Anger,Negative
I found the event to be mediocre.,Disappointment,Negative
Bitterly disappointed: the game was postponed once more. #weekend,Disappointment,Negative
"Not comfortable at all, very underwhelming!!",Disappointment,Negative
Definitely pathetic: the city centre.,Anger,Negative
Gross! The fridge stank of rotten fish.,Disgust,Negative
It was wrathful.,Anger,Negative
I felt trustworthy today.,Joy,Positive
"Honestly, pretty inspired. 😍",Joy,Positive
"Not fun at all, I wouldn't go back.",Disappointment,Negative
I can't believe how salty the sandwich was.,Disappointment,Negative
The workshop is held in the main hall.,Neutral,Neutral
I'm devastated that my grandfather passed away.,Sadness,Negative
Our wedding next month is going to be epic! 🎉,Excitement,Positive
fingers crossed for the test results,Hope,Positive
The soup was really fantastic.,Joy,Positive
The dinner was neither excellent nor frustrating.,Ambivalence,Neutral
How dare he speak to her like that? I'm seething.,Anger,Negative
Today I answered some emails.,Neutral,Neutral
The resort was not top notch.,Disappointment,Negative
Quiet moment: watching the rain from the porch. Life is good.,Contentment,Positive
My new headset is better than I imagined.,Joy,Positive
Please note that our flight boards at gate twelve.,Neutral,Neutral
I found the lecture to be underwhelming.,Disappointment,Negative
The sandwich was courteous.,Joy,Positive
can't believe how great the router turned out,Joy,Positive
The workshop was pointless but the event was amazing.,Ambivalence,Neutral
The keyboard was a waste of time and money.,Disappointment,Negative
"It was an ordinary evening, nothing much happened.",Neutral,Neutral
"Nobody to share it with, staring at my phone waiting for someone to reply!!",Loneliness,Negative
The software supports both Linux and Android.,Neutral,Neutral
The vacuum cleaner I ordered is listed on the second page. #life,Neutral,Neutral
"Delivery arrived a day early, so impressed.",Joy,Positive
This is bad,Disappointment,Negative
I'm terrified because I have to go to the dentist tomorrow.,Fear,Negative
"perfectly relaxed, sitting by the fire with a book",Contentment,Positive
"It wasn't comfortable, sadly.",Disappointment,Negative
"Anxiety is through the roof, the building shook during the earthquake.",Fear,Negative
Everything felt fraudulent!!,Disappointment,Negative
the book was ordinary tbh,Ambivalence,Neutral
"Can't stop the tears, my mentor retired and left the city.",Sadness,Negative
Reminder: the survey takes about ten minutes.,Neutral,Neutral
I hate the headset.,Anger,Negative
"Yuck, the sandwich was covered in green mould. 😡",Disgust,Negative
the game was standard tbh,Ambivalence,Neutral
Our team lost the final. Not what I hoped for at all. 😤,Disappointment,Negative
"Honestly, pretty hopeful.",Hope,Positive
I feel undecided because of the hearing.,Ambivalence,Neutral
"So much joy today, the cake turned out perfect. #weekend",Joy,Positive
Update: the app is available on both Android and iOS.,Neutral,Neutral
"FYI, the parking lot is behind the building.",Neutral,Neutral
What a favored day.,Joy,Positive
This interview was full of laughs.,Joy,Positive
The next tram to Lisbon departs at noon.,Neutral,Neutral
our beach was amazing,Joy,Positive
"I can't stop crying, the old cafe closed for good.",Sadness,Negative
"Honestly, pretty satisfied.",Joy,Positive
What a wonderful day! I saved enough for my first car.,Joy,Positive
does anyone know how long it takes to learn the guitar?,Curiosity,Neutral
I read about the tour yesterday.,Neutral,Neutral
"It hurts so much, my pet rabbit died.",Sadness,Negative
I can't believe how lovely the staff was!,Joy,Positive
"I worked so hard for this and it paid off, our startup closed its first funding round.",Pride,Positive
The tool includes voice search and dark mode.,Neutral,Neutral
update: the vacuum cleaner is better than i imagined,Joy,Positive
the desk lamp i ordered is way too flimsy,Disappointment,Negative
It was incompetent.,Anger,Negative
the cake here is awesome,Joy,Positive
my new jacket was delivered to the front desk,Neutral,Neutral
"Enough is enough, my colleague took credit for my work!",Anger,Negative
What an offensive day.,Anger,Negative
The whole experience went completely wrong.,Disappointment,Negative
honestly i'm torn about the ending of the series,Ambivalence,Neutral
The support team here is inattentive.,Disappointment,Negative
the logistics team sent an update sometime this week,Neutral,Neutral
I can't wait for the weekend trip to the coast! 🎉,Excitement,Positive
Wondering if the manual is available in three languages.,Curiosity,Neutral
Feeling really anxious because the layoffs are announced next week. 👎,Fear,Negative
"Feeling blessed, my son graduated with honours. 🎉",Gratitude,Positive
I feel outraged because of the announcement.,Anger,Negative
"honestly, pretty fearless",Joy,Positive
Walking home to an empty flat and nobody cares.,Loneliness,Negative
The sandwich was so mouth watering!,Joy,Positive
Can't believe how useless the campsite turned out. #daily,Disappointment,Negative
Wondering if the conference takes place in Berlin this year.,Curiosity,Neutral
Superb delivery: it arrived a day early and well packed!,Joy,Positive
Everything felt indignant.,Anger,Negative
Honestly the ending was not very hilarious. #life,Disappointment,Negative
i felt pleasing today,Joy,Positive
I thought the camera was absolutely sharp!!,Joy,Positive
I felt amazed today.,Joy,Positive
This cashier was full of surprises.,Joy,Positive
This album was full of creativity. #life,Joy,Positive
I feel livid today.,Anger,Negative
I feel terrible today today,Sadness,Negative
"the merger has its ups and downs, i can't decide",Ambivalence,Neutral
"Anxiety is through the roof, the alarm went off in the middle of the night. 👎",Fear,Negative
"Honestly, the delivery driver was pretty abysmal. 😢",Disappointment,Negative
the match is local and green,Neutral,Neutral
I bought this office chair last week and it has a two year warranty.,Neutral,Neutral
Your delivery will be processed early next month.,Neutral,Neutral
Can't express how proud I am that I saved enough for my first car.,Pride,Positive
"I can't sleep from anxiety, the alarm went off in the middle of the night.",Fear,Negative
My dinner was frustrating today.,Disappointment,Negative
The dessert was private.,Neutral,Neutral
The documentary is national and automatic.,Neutral,Neutral
The journey was loving.,Love,Positive
please note that the shop stocks both paper and digital editions,Neutral,Neutral
I can't believe how gorgeous the play was!,Joy,Positive
The delivery driver was supreme.,Joy,Positive
The support team was excellent but the waiter was unacceptable.,Ambivalence,Neutral
That was so irate!,Anger,Negative
i thought the documentary was absolutely top notch,Joy,Positive
I'll call my cousin after coffee!!,Neutral,Neutral
I bought this keyboard last week and it is exactly what I needed.,Joy,Positive
I'm terrified because the smoke alarm is beeping and I smell smoke.,Fear,Negative
Hopeful that things will improve with the school application.,Hope,Positive
i felt fortunate today,Joy,Positive
Let me check. #weekend,Neutral,Neutral
The bank is open from nine to five on weekdays.,Neutral,Neutral
Proud of myself because my sister passed her exams.,Pride,Positive
I found the pasta to be unremarkable.,Ambivalence,Neutral
I read about the screen yesterday.,Neutral,Neutral
"The battery was very good, although the website was atrocious. #news",Ambivalence,Neutral
My flight lands at six o'clock tomorrow.,Neutral,Neutral
This whole thing is just safe.,Joy,Positive
It was grouchy. #weekend,Anger,Negative
we are reviewing the plan and will get back to you,Neutral,Neutral
"The sound is muffled and crackly, avoid at all costs.",Disappointment,Negative
The repair was an absolute mess.,Disappointment,Negative
The steak looked early.,Neutral,Neutral
I moved to Madrid last year.,Neutral,Neutral
What time does the cafe open on Wednesday?,Curiosity,Neutral
This waiter was full of joy.,Joy,Positive
What a perfect day.,Joy,Positive
I'm devastated that my sister moved overseas.,Sadness,Negative
The latest software made things more enjoyable.,Joy,Positive
I thought the cashier was absolutely slow. 😢,Disappointment,Negative
I thought the acting was absolutely so so.,Ambivalence,Neutral
The battery was clunky.,Disappointment,Negative
So exhausted about the surgery on Monday right now.,Sadness,Negative
Perfect today,Joy,Positive
Feeling hyped about the announcement.,Excitement,Positive
My brother works in research.,Neutral,Neutral
I'm terrified because the stock market crashed and I'm invested.,Fear,Negative
What a favorable day.,Joy,Positive
The support team was not incredible. 😤,Disappointment,Negative
"Wow, we reached our fundraising goal! I'm buzzing!",Excitement,Positive
Sending a huge thank you to my coach for showing up for me.,Gratitude,Positive
"Worst trip ever, avoid!!",Disappointment,Negative
That was so aggravated! 😞,Anger,Negative
The cashier is full of flavour. #weekend,Joy,Positive
This whole thing is just proactive.,Joy,Positive
Bitterly disappointed: the movie was nothing like the trailer.,Disappointment,Negative
Another grey day and I can't find the energy to get out of bed.,Sadness,Negative
Can't believe how annoying the ending turned out.,Disappointment,Negative
I felt motivating today.,Joy,Positive
Just thinking about the festival this summer gives me goosebumps.,Excitement,Positive
Wondering if the app is available on both Android and iOS. #weekend,Curiosity,Neutral
I feel so happy because of the move to a new city.,Joy,Positive
"FYI, the survey takes about ten minutes.",Neutral,Neutral
The engineering team sent an update next Tuesday.,Neutral,Neutral
I thought the campsite was absolutely alright.,Ambivalence,Neutral
The museum was really cramped. #monday,Disappointment,Negative
Update: the water bottle exceeded my expectations.,Joy,Positive
The park is round and second.,Neutral,Neutral
Standing tall today because I got promoted today.,Pride,Positive
I can't thank my teachers enough for the wonderful advice.,Gratitude,Positive
What an infuriated day.,Anger,Negative
The pharmacy is on the second floor next to the kitchen.,Neutral,Neutral
This trip made everything more enjoyable.,Joy,Positive
My new backpack has a two year warranty.,Neutral,Neutral
The waiter made my day less reliable.,Disappointment,Negative
Can't believe how run down the park turned out. 😡,Disappointment,Negative
I felt divine today. 😊,Joy,Positive
My son hasn't come home yet and I'm shaking with fear. #news,Fear,Negative
The weekend is full of complaints.,Disappointment,Negative
"Honestly, pretty miserable.",Sadness,Negative
"Surprisingly, the keyboard was not awful at all!",Joy,Positive
I'm heartbroken that my mentor retired and left the city.,Sadness,Negative
The train station made my day faster.,Joy,Positive
Is there a clinic near the bike station?,Curiosity,Neutral
The interface looked blue.,Neutral,Neutral
"Honestly, the camera was pretty okay.",Ambivalence,Neutral
I've been studying all afternoon.,Neutral,Neutral
It was unhealthy.,Disappointment,Negative
Everything felt prosperous.,Joy,Positive
"Honestly, the acting was pretty overhyped. 😤",Disappointment,Negative
The latest delivery driver made things faster.,Joy,Positive
"It hurts so much, my dog died last night.",Sadness,Negative
The manager will send the agenda on Monday. #thoughts,Neutral,Neutral
That was so efficient!,Joy,Positive
The website was not very good.,Disappointment,Negative
"Honestly, message sent.",Neutral,Neutral
It wasn't slow at all! 😊,Joy,Positive
So let down about the move to a new city right now.,Disappointment,Negative
I'm so proud of my sister for standing up for what's right. ❤️,Pride,Positive
This whole thing is just successful.,Joy,Positive
He works in the HR department.,Neutral,Neutral
I can't believe how atrocious the customer care was.,Anger,Negative
The countdown has begun and the energy is unreal. #mood,Excitement,Positive
I left my umbrella at the pool.,Neutral,Neutral
Definitely disappointing: the keyboard.,Disappointment,Negative
I found the ending to be inspiring.,Joy,Positive
I expected the coffee to be mediocre but it wasn't.,Joy,Positive
My new kettle smells terrible.,Disappointment,Negative
OMG my friend returned home safely!!!!,Excitement,Positive
It was exasperated.,Anger,Negative
This software was full of energy.,Joy,Positive
"Having a lazy morning with coffee, completely satisfied.",Contentment,Positive
"Can't sleep, too excited about the birthday party on Saturday.",Excitement,Positive
the laptop was really first class,Joy,Positive
The delivery driver here is awesome.,Joy,Positive
"not very poor, not top notch. the website was just okay",Ambivalence,Neutral
Definitely smooth: the commute.,Joy,Positive
fingers crossed for our talks next week,Hope,Positive
Has anyone tried learning a language with an app? Curious about the results. #thoughts,Curiosity,Neutral
the phone was okay tbh,Ambivalence,Neutral
Proud of myself because my code finally worked.,Pride,Positive
I can't believe how frustrating the waiter was.,Disappointment,Negative
My heart feels heavy. My friend stopped talking to me. #today,Sadness,Negative
Feeling conflicted about the move to a new city.,Ambivalence,Neutral
I'm so happy that the concert was even better than expected!,Joy,Positive
The house feels so empty since he left.,Sadness,Negative
I'm stressed about the wedding.,Fear,Negative
It is a blue dessert.,Neutral,Neutral
Can't believe how worthless the phone turned out.,Disappointment,Negative
The city announced new recycling rules for the old town. #daily,Neutral,Neutral
this whole thing is just gentle,Contentment,Positive
Feeling so sad today because my grandmother's health is getting worse. 😢,Sadness,Negative
I feel furious because of the move to a new city.,Anger,Negative
That was so darling!,Love,Positive
it was welcoming,Joy,Positive
Totally worth it: the match.,Joy,Positive
"Nobody to share it with, eating dinner alone again. #today",Loneliness,Negative
This cashier was full of laughs.,Joy,Positive
the book has six chapters and an index,Neutral,Neutral
It was futile.,Disappointment,Negative
"My heart is pounding, the doctor wants more tests.",Fear,Negative
I'm honestly joyful about my birthday.,Joy,Positive
The workshop was frustrated.,Disappointment,Negative
Hoping and praying for the peace talks.,Hope,Positive
The sales team sent an update on Wednesday.,Neutral,Neutral
the course was unacceptable tbh,Anger,Negative
I left my umbrella at the gym. #thoughts,Neutral,Neutral
"Surprisingly, the cashier was not unacceptable at all!",Joy,Positive
I can't believe how lousy the soup was.,Disappointment,Negative
they mentioned the laptop in the newsletter,Neutral,Neutral
What an enlightening day.,Joy,Positive
Is it true that the temperature is around twenty degrees today?,Curiosity,Neutral
It was wrong.,Disappointment,Negative
I can't believe how awesome the receptionist was!,Joy,Positive
The latest journey made things much nicer. #monday,Joy,Positive
The class was smiling.,Joy,Positive
our pizza was incredible,Joy,Positive
the software supports both macos and linux,Neutral,Neutral
"Surprisingly, the waiter was not pathetic at all!",Joy,Positive
So let down today because the project got cancelled after months of work.,Disappointment,Negative
"Overall, the ending was captivating!!",Joy,Positive
Heads up: the parcel is out for delivery.,Neutral,Neutral
the dinner was so excellent,Joy,Positive
Nobody makes my heart flutter like my girlfriend.,Love,Positive
I'm lonely about the new school. #update,Loneliness,Negative
"Honestly, the software was pretty overpriced.",Disappointment,Negative
Does anyone know if the store opens at nine?,Curiosity,Neutral
This dinner made everything faster.,Joy,Positive
My colleague was an absolute mess.,Disappointment,Negative
"I expected so much more, but the package arrived broken.",Disappointment,Negative
"Not helpful at all, very underwhelming.",Disappointment,Negative
Standing tall today because we cleaned up the entire beach.,Pride,Positive
the building shook during the earthquake and i'm shaking with fear,Fear,Negative
This keyboard was full of glitches.,Disappointment,Negative
My breakfast was terrible today!!,Disappointment,Negative
"Setup took two minutes, couldn't be happier.",Joy,Positive
What an exciting day.,Excitement,Positive
"Honestly, pretty enterprising.",Joy,Positive
The screen was lovely and full of flavour.,Joy,Positive
Can't express how proud I am that our team won the championship.,Pride,Positive
What a vibrant day.,Joy,Positive
I can't wait for my first day at the new job! #monday,Excitement,Positive
The latest service made things much nicer. 👍,Joy,Positive
The package comes with offline mode and Windows.,Neutral,Neutral
I found the game to be standard.,Ambivalence,Neutral
the software supports both voice search and two-factor login,Neutral,Neutral
This whole thing is just incompetent.,Anger,Negative
Super hyped because we opened our own bakery!,Excitement,Positive
"so proud of everyone involved, i got into my dream university",Pride,Positive
Forever grateful to the nurses for showing up for me. #daily,Gratitude,Positive
one star for the tour,Disappointment,Negative
I can't believe how brilliant the keyboard was!,Joy,Positive
It is Tuesday today today,Neutral,Neutral
This is the happiest I've been all year. ❤️,Joy,Positive
"I liked the book, but the acting was repetitive.",Ambivalence,Neutral
i usually take the train to work,Neutral,Neutral
So let down today because the movie was nothing like the trailer.,Disappointment,Negative
Definitely awesome: the support team.,Joy,Positive
The plot was aching.,Sadness,Negative
Praying that the harvest this year turns out fine. 🎉,Hope,Positive
I bought this watch last week and it is exactly what I needed.,Joy,Positive
I felt crestfallen today.,Sadness,Negative
Thank you to my teachers for being there when I needed you. 👍,Gratitude,Positive
"Honestly, pretty lousy. 😤",Disappointment,Negative
The software was really sluggish.,Disappointment,Negative
The flight was very good.,Joy,Positive
Thank you to the nurses for everything you did for us. 😊,Gratitude,Positive
Today I did the laundry.,Neutral,Neutral
What a distressful day.,Disappointment,Negative
I felt motivated today.,Joy,Positive
"Not fun at all, quite a letdown.",Disappointment,Negative
"The tour was top notch, although the match was unacceptable.",Ambivalence,Neutral
My heart is so full when I'm with my aunt.,Love,Positive
The event did a fantastic job.,Joy,Positive
OMG my article got published!!,Excitement,Positive
It was flawless.,Joy,Positive
i watched a documentary about machine learning last night,Neutral,Neutral
The manager was worth every minute!!,Joy,Positive
Fingers crossed for the harvest this year! #monday,Hope,Positive
Best phone I've ever had!,Joy,Positive
"Got the headset yesterday, it is better than I imagined.",Joy,Positive
He works in the legal department.,Neutral,Neutral
Praying that next season turns out fine.,Hope,Positive
"Not useful at all, I wouldn't go back. 😞",Disappointment,Negative
They mentioned the play in the newsletter.,Neutral,Neutral
The workshop was really smooth.,Joy,Positive
The software supports both dark mode and PDF export.,Neutral,Neutral
The vacuum cleaner I ordered arrived damaged.,Disappointment,Negative
"The match is not impressive, sadly.",Disappointment,Negative
The airport was sunny. #monday,Joy,Positive
The hike ended with an incredible view and I couldn't be happier.,Joy,Positive
Update: the kettle works perfectly!!,Joy,Positive
I found the delivery driver to be awful.,Disappointment,Negative
Can't believe how fantastic the gym turned out.,Joy,Positive
definitely fabulous: the train station,Joy,Positive
"I'm over the moon, we finally finished the project! ❤️",Joy,Positive
Sending a huge thank you to my parents for everything you did for us. #monday,Gratitude,Positive
I moved to Lisbon last year.,Neutral,Neutral
Worst class I've ever had.,Disappointment,Negative
I can't believe how spacious the city centre was!,Joy,Positive
The headset I ordered is better than I imagined. #mood,Joy,Positive
My new headset exceeded my expectations.,Joy,Positive
the ending here is great,Joy,Positive
meh,Ambivalence,Neutral
Feeling hopeful about our talks next week. 😍,Hope,Positive
This camera made everything more reliable. 👍,Joy,Positive
"Honestly, pretty grievous.",Sadness,Negative
I'm uneasy about the exam.,Fear,Negative
"fyi, the temperature is around twenty degrees today",Neutral,Neutral
the pizza is closed and thin,Neutral,Neutral
So happy right now,Joy,Positive
I paid off my last loan and I couldn't be happier.,Joy,Positive
What a raging day.,Anger,Negative
Been reading up on how sourdough bread is made.,Curiosity,Neutral
This plot was full of life.,Joy,Positive
The journey was regretful.,Disappointment,Negative
Can't believe how fast the website turned out.,Joy,Positive
I'll call the client after dinner.,Neutral,Neutral
"Honestly, pretty grimy.",Disgust,Negative
Everything felt forgiving.,Joy,Positive
the finance team sent an update sometime this week,Neutral,Neutral
The steak was privileged.,Joy,Positive
Everything felt doomed.,Disappointment,Negative
The weekend was positive. #news,Joy,Positive
"I can't believe it, my sister passed her exams! So pumped!",Excitement,Positive
Definitely pathetic: the dinner.,Anger,Negative
My workshop was draining today.,Disappointment,Negative
"can't sleep, too excited about my first day at the new job",Excitement,Positive
She left without saying goodbye and I just feel numb. #weekend,Sadness,Negative
The city announced new recycling rules for the north district.,Neutral,Neutral
Everything felt happy.,Joy,Positive
"Nobody checks on me anymore, staring at my phone waiting for someone to reply. #monday",Loneliness,Negative
Bitterly disappointed: I failed the driving test.,Disappointment,Negative
"Got the jacket yesterday, it came with a manual.",Neutral,Neutral
the park was peaceful tbh,Joy,Positive
Feeling irritated today.,Anger,Negative
Feeling hopeful about the interview tomorrow.,Hope,Positive
The neighbourhood was fascinating.,Joy,Positive
The interface was useless but the battery was excellent.,Ambivalence,Neutral
What time does it start?,Curiosity,Neutral
I felt glum today.,Sadness,Negative
That was so treasured!,Joy,Positive
"calm and cozy today, writing in my journal by candlelight",Contentment,Positive
The support team was lovely and full of warmth.,Joy,Positive
"The fridge stank of rotten fish, it made me gag.",Disgust,Negative
"Surprisingly, the plot was not predictable at all!",Joy,Positive
"Nobody checks on me anymore, talking to the walls again.",Loneliness,Negative
The workshop is held in the main hall. #daily,Neutral,Neutral
I can't thank my parents enough for your endless support.,Gratitude,Positive
Thank you to my mentor for all your help this year. ❤️,Gratitude,Positive
"great service, would buy again",Joy,Positive
The museum was really disappointing.,Disappointment,Negative
I have to book the tickets on Thursday. #life,Neutral,Neutral
It was discouraging.,Disappointment,Negative
"Surprisingly, the airport was not frustrating at all!",Joy,Positive
It is a heavy campsite.,Neutral,Neutral
It was bad.,Disappointment,Negative
I used the beach this morning.,Neutral,Neutral
the staff was scandalous,Disappointment,Negative
the delivery van stops at the gym every morning,Neutral,Neutral
"What a letdown, my flight got cancelled. 😡",Disappointment,Negative
"Staying positive about the scholarship decision, it will work out.",Hope,Positive
Feeling delighted today.,Joy,Positive
i feel thankful today,Gratitude,Positive
The charger was typical.,Ambivalence,Neutral
The restaurant was a nightmare from start to finish.,Disappointment,Negative
"Can't stop the tears, my pet rabbit died.",Sadness,Negative
the staff was alright tbh,Ambivalence,Neutral
The bank is on the second floor next to the kitchen!!,Neutral,Neutral
"A big thank you to everyone who sent birthday wishes, I'm touched.",Gratitude,Positive
"terrible meal, never again",Disappointment,Negative
it is a thin soundtrack,Neutral,Neutral
I can't believe how outstanding the router was!,Joy,Positive
The cake was so underwhelming!,Disappointment,Negative
"Honestly, pretty panicked. 😞",Fear,Negative
My new backpack is useless and overpriced.,Disappointment,Negative
"Not enjoyable at all, very underwhelming.",Disappointment,Negative
"Not useful at all, I expected much better.",Disappointment,Negative
The event went completely wrong.,Disappointment,Negative
It was shamefaced. 😤,Disappointment,Negative
"Overall, the staff was wonderful.",Joy,Positive
The legal team sent an update sometime this week.,Neutral,Neutral
Can someone confirm whether registration closes at the end of the month?,Curiosity,Neutral
I feel disappointed today.,Disappointment,Negative
Slow living at its best: floating in the pool on a warm afternoon.,Contentment,Positive
The product launch tomorrow is going to be epic!,Excitement,Positive
heads up: the bus route changes next week,Neutral,Neutral
I can't believe how top notch the training was! ❤️,Joy,Positive
Simple pleasures: taking my time over a homemade breakfast. I'm perfectly content. #update,Contentment,Positive
This apartment made everything simpler.,Joy,Positive
This whole thing is just wisest. #life,Joy,Positive
Our ending was very good.,Joy,Positive
Would definitely recommend the delivery driver.,Joy,Positive
That was so trustworthy!,Joy,Positive
proud of myself because my painting sold at the exhibition,Pride,Positive
Everything felt heartbroken.,Sadness,Negative
Just thinking of my aunt makes me smile with love.,Love,Positive
The burger is full of delays.,Disappointment,Negative
It is a large dinner.,Neutral,Neutral
The store has a sale on office supplies until Monday. #today,Neutral,Neutral
we have a team call scheduled for wednesday morning,Neutral,Neutral
Simple pleasures: cooking a slow Sunday lunch. I'm perfectly content!!,Contentment,Positive
Every day with my girlfriend is a gift and I'm so in love.,Love,Positive
"honestly, so so",Ambivalence,Neutral
"Staying positive about the job application, it will work out.",Hope,Positive
i'm truly thankful because we finally finished the project,Gratitude,Positive
The weekend trip to the coast is going to be epic!,Excitement,Positive
This film was full of delays.,Disappointment,Negative
Everything felt spiteful.,Anger,Negative
Everything felt hypocritical.,Anger,Negative
My laptop was really bad today.,Disappointment,Negative
The ice cream was stinking. 😢,Disgust,Negative
That was so friendly!,Joy,Positive
"What a letdown, the sequel was a letdown.",Disappointment,Negative
i thought the park was absolutely pathetic,Anger,Negative
I read that the lecture was moved to another room.,Neutral,Neutral
The latest gym made things less reliable.,Disappointment,Negative
I miss having someone to talk to. Making plans that nobody joins.,Loneliness,Negative
I'm devastated that the old cafe closed for good.,Sadness,Negative
One star for the steak.,Disappointment,Negative
my new laptop works perfectly,Joy,Positive
My beach was delightful today.,Joy,Positive
Feeling disappointed today.,Disappointment,Negative
My son took his first steps and I'm bursting with pride.,Pride,Positive
What is the story behind the plot?,Curiosity,Neutral
Can't believe how pathetic the hotel room turned out.,Anger,Negative
The show was a real treat. 😊,Joy,Positive
The class was really abysmal.,Disappointment,Negative
"Can't stop the tears, we said goodbye at the airport.",Sadness,Negative
The software exceeded my expectations.,Joy,Positive
I have everything I need right here and I'm at ease.,Contentment,Positive
the hotel was fine tbh,Ambivalence,Neutral
It was darling.,Love,Positive
"Honestly, the cake was pretty first class. #news",Joy,Positive
Thank you to my parents for the wonderful advice.,Gratitude,Positive
hoping and praying for my health,Hope,Positive
I wouldn't call the sushi delightful.,Disappointment,Negative
What a lovely day.,Love,Positive
"Enough is enough, the driver ran the red light and nearly hit me!",Anger,Negative
"It hurts so much, my old teacher passed away.",Sadness,Negative
I can't believe how wonderful the apartment was! #daily,Joy,Positive
The kettle I ordered arrived earlier than promised!!,Joy,Positive
Your invoice will be processed on Wednesday.,Neutral,Neutral
"Calm and cozy today, watching the snow fall through the window.",Contentment,Positive
the museum here is adequate,Ambivalence,Neutral
The shop is next to the post office.,Neutral,Neutral
I can't believe how crisp the headset was!,Joy,Positive
Announcement: the manual is available in three languages.,Neutral,Neutral
"overall, the documentary was okay",Ambivalence,Neutral
Definitely dreadful: the commute.,Disappointment,Negative
"I nearly vomited, the shower drain was clogged with hair.",Disgust,Negative
standing tall today because i gave the speech without stumbling,Pride,Positive
Praying that the interview tomorrow turns out fine.,Hope,Positive
Nobody would notice if I disappeared for a week.,Loneliness,Negative
the journey was underwhelming tbh,Disappointment,Negative
I thought the pasta was absolutely lousy. 😡,Disappointment,Negative
My campsite was average today.,Ambivalence,Neutral
Standing tall today because my daughter made the team.,Pride,Positive
The game was really touching.,Joy,Positive
this drone has been flawless so far,Joy,Positive
"Honestly, feeling very anxious #thoughts",Fear,Negative
Update: the laptop was a total scam.,Disappointment,Negative
Can someone confirm whether the app is available on both Android and iOS?,Curiosity,Neutral
Today I'm let down.,Disappointment,Negative
The event couldn't have been better.,Joy,Positive
"Best day ever, we won the science fair!",Joy,Positive
The store has a sale on winter coats until Sunday. #news,Neutral,Neutral
Praying that the test results turns out fine.,Hope,Positive
the software supports both android and dark mode,Neutral,Neutral
I thought the neighbourhood was absolutely lovely.,Joy,Positive
i'm heartbroken that the funeral was today,Sadness,Negative
Bitterly disappointed: the trip didn't live up to the hype.,Disappointment,Negative
Hopeful that things will improve with the weather this weekend.,Hope,Positive
Very happy with the park. #update,Joy,Positive
"Nobody to share it with, coming home to a silent house. 😤",Loneliness,Negative
The interview was dirty.,Disgust,Negative
The beach was stunning but the park was run down.,Ambivalence,Neutral
the weekend was inspiring,Joy,Positive
"Not good at all, quite a letdown.",Disappointment,Negative
That was so prejudicial!,Disappointment,Negative
I'm terrified because I have to speak in front of two hundred people.,Fear,Negative
I'd love to learn what is inside a black hole.,Curiosity,Neutral
i'll be out of the office on friday,Neutral,Neutral
This whole thing is just enlightened.,Joy,Positive
Walking through a crowd and feeling invisible and nobody cares.,Loneliness,Negative
"Worst purchase ever, avoid.",Disappointment,Negative
"Support never replied, very disappointed.",Disappointment,Negative
I felt dehumanized today.,Disappointment,Negative
"I can't believe it, we won the science fair! So pumped! #news",Excitement,Positive
Everything felt unfortunate.,Disappointment,Negative
i felt welcome today,Joy,Positive
the gym is on the second floor next to the kitchen,Neutral,Neutral
"Got the mattress yesterday, it stopped working after two days.",Disappointment,Negative
Amazing work 👍,Joy,Positive
It wasn't noisy at all!,Joy,Positive
"Got the speaker yesterday, it exceeded my expectations.",Joy,Positive
"Honestly, pretty troublesome.",Disappointment,Negative
I feel worried because of the new job.,Fear,Negative
"I froze on stage, my heart pounding and my mouth dry.",Fear,Negative
This whole thing is just neglected.,Loneliness,Negative
The camera was so disappointing!,Disappointment,Negative
The delivery driver is wide and closed.,Neutral,Neutral
"The phone was terrific, although the tablet was bad.",Ambivalence,Neutral
Is it true that the bus route changes next week?,Curiosity,Neutral
Walking home to an empty flat. I feel so alone.,Loneliness,Negative
The plot was meaningless.,Disappointment,Negative
the movie here is so so,Ambivalence,Neutral
That was so brutal!,Disappointment,Negative
I can't stop praising the tablet.,Joy,Positive
"I expected so much more, but the concert was cancelled.",Disappointment,Negative
Forever grateful to my coach for being there when I needed you. 😊,Gratitude,Positive
What an affectional day.,Joy,Positive
This film was full of surprises.,Joy,Positive
I'd love to learn how coffee beans are roasted.,Curiosity,Neutral
i've been working on my report all afternoon,Neutral,Neutral
I'm furious that my manager blamed me for his mistake!,Anger,Negative
can you tell me where the nearest pool is?,Curiosity,Neutral
I can't believe how moving the novel was!,Joy,Positive
That was so honest!,Joy,Positive
Absolutely the worst phone I can remember.,Disappointment,Negative
super hyped because our startup closed its first funding round,Excitement,Positive
"The sound is muffled and crackly, what a joke.",Disappointment,Negative
"Feeling broken, my best friend moved away.",Sadness,Negative
Is there a museum near the bike station?,Curiosity,Neutral
I read that registration closes at the end of the month.,Neutral,Neutral
I found the cashier to be alright.,Ambivalence,Neutral
Can't stop smiling because the new apartment turned out lovely.,Joy,Positive
"FYI, the store opens at nine. #life",Neutral,Neutral
How does it work?,Curiosity,Neutral
The staff is full of energy.,Joy,Positive
"Yuck, the chicken smelled off. #today",Disgust,Negative
Totally worth it today #monday,Joy,Positive
Bitterly disappointed: our team lost the final.,Disappointment,Negative
"Honestly, pretty unpleasant!!",Disappointment,Negative
"Nobody to share it with, eating lunch by myself at my desk.",Loneliness,Negative
the campsite was unremarkable,Ambivalence,Neutral
The app looked local.,Neutral,Neutral
Trying to figure out what is inside a black hole.,Curiosity,Neutral
Feeling proud today.,Pride,Positive
"I nearly vomited, the public toilet was disgusting.",Disgust,Negative
Just thinking of my dog makes me smile with love.,Love,Positive
"Honestly, really happy with this!!",Joy,Positive
The latest city centre made things simpler.,Joy,Positive
slow living at its best: watching the sunset from the balcony,Contentment,Positive
I'm meeting my cousin for breakfast on Thursday.,Neutral,Neutral
Average today,Ambivalence,Neutral
"Not rude at all, genuinely enjoyed it. #today",Joy,Positive
Feeling so sad today because my cat went missing. 👎,Sadness,Negative
"Got the vacuum cleaner yesterday, it was delivered to the front desk!!",Neutral,Neutral
The finance team sent an update on Wednesday.,Neutral,Neutral
Today I'm uneasy.,Fear,Negative
He teaches history at the university.,Neutral,Neutral
Forever grateful to my neighbours for your kindness. ❤️,Gratitude,Positive
"Surprisingly, the service was not atrocious at all!",Joy,Positive
Feeling hopeful about the peace talks.,Hope,Positive
"All is calm, walking along the beach at sunset.",Contentment,Positive
the cake was excellent but the coffee was pathetic,Ambivalence,Neutral
Ew. The kitchen was crawling with cockroaches. I can't unsee it.,Disgust,Negative
"It wasn't helpful, sadly.",Disappointment,Negative
Can you tell me where the nearest post office is?,Curiosity,Neutral
I felt honest today. #life,Joy,Positive
The waiter was rancid.,Disgust,Negative
I felt stimulating today.,Joy,Positive
The staff wasn't great at all.,Disappointment,Negative
"I'm so scared, I have to speak in front of two hundred people.",Fear,Negative
The park was disappointing. #today,Disappointment,Negative
Five stars for the curry!,Joy,Positive
"Great day, would buy again!",Joy,Positive
Everything felt sympathetic.,Joy,Positive
Does anyone know if the library is closed on Sundays?,Curiosity,Neutral
Our delivery driver was first class.,Joy,Positive
Many thanks today,Gratitude,Positive
The play was negative.,Disappointment,Negative
My new tent arrived earlier than promised.,Joy,Positive
What a disqualified day.,Disappointment,Negative
i have mixed feelings about the new policy,Ambivalence,Neutral
i sent the request to the finance department,Neutral,Neutral
I felt superb today.,Joy,Positive
"Honestly, the gym was pretty breathtaking.",Joy,Positive
Ew. The trash bin was overflowing with maggots. I can't unsee it.,Disgust,Negative
The platform includes voice search and Android.,Neutral,Neutral
I'm heartbroken that the old cafe closed for good.,Sadness,Negative
the software supports both linux and file sharing,Neutral,Neutral
Everything felt rejected. #news,Loneliness,Negative
She is head of the sales team.,Neutral,Neutral
definitely typical: the dinner,Ambivalence,Neutral
"Can't stop the tears, I got the sad news this morning.",Sadness,Negative
The meeting is at five o'clock tomorrow.,Neutral,Neutral
"I'm so scared, the smoke alarm is beeping and I smell smoke.",Fear,Negative
It was horrifying.,Fear,Negative
This whole thing is just strong.,Joy,Positive
She gave a talk about urban gardening on Monday.,Neutral,Neutral
"overall, the cake was impressive",Joy,Positive
"Honestly, pretty courteous.",Joy,Positive
reminder: the form has to be submitted online,Neutral,Neutral
The manager here is annoying.,Disappointment,Negative
"I'm so scared, the doctor wants more tests. 👎",Fear,Negative
The latest website made things more frustrating.,Disappointment,Negative
the cake was entertaining,Joy,Positive
"Overall, the phone was worthless.",Disappointment,Negative
The website let me down.,Disappointment,Negative
"Can't sleep, too excited about the grand opening next week.",Excitement,Positive
"ok, noted",Neutral,Neutral
"Ugh, the project got cancelled after months of work. What a waste.",Disappointment,Negative
So curious about the wedding right now.,Curiosity,Neutral
i'm heading to chicago on friday,Neutral,Neutral
How do I get to the bank from the ferry stop? #thoughts,Curiosity,Neutral
"I can't believe it, the hike ended with an incredible view! So pumped!",Excitement,Positive
I'm furious that the bank charged me hidden fees!,Anger,Negative
"Honestly, pretty horrifying.",Fear,Negative
This cafe was full of scratches.,Disappointment,Negative
The staff was so wonderful!,Joy,Positive
The cafe was public.,Neutral,Neutral
"Overall, the delivery driver was average.",Ambivalence,Neutral
Feeling hopeful about the school application!!,Hope,Positive
the service was helpful but the cashier was really bad,Ambivalence,Neutral
The call with the bank is at nine in the morning tomorrow.,Neutral,Neutral
"Got the tent yesterday, it works perfectly. 👍",Joy,Positive
Thanks to the nurses who took such good care of my mother!!,Gratitude,Positive
The play was harassed.,Disappointment,Negative
"Honestly, pretty admirable.",Joy,Positive
"My heart is pounding, the layoffs are announced next week.",Fear,Negative
I sent the request to the finance department!!,Neutral,Neutral
I'm honestly glad about the hearing. #today,Joy,Positive
That was so shamefaced!,Disappointment,Negative
"Just so you know, the deadline has been extended to next week. #life",Neutral,Neutral
this experience made everything better,Joy,Positive
Everything felt exploited.,Disappointment,Negative
I've been wondering why we dream.,Curiosity,Neutral
Gross! I found mould in the fridge. 👎,Disgust,Negative
"Overall, the play was okay.",Ambivalence,Neutral
I'm so proud that the client loved our proposal!,Pride,Positive
Loved every minute today,Joy,Positive
it was impressive,Joy,Positive
"i'm thrilled, we opened our own bakery! what's next?",Excitement,Positive
We are reviewing the plan and will get back to you.,Neutral,Neutral
"It charges in minutes, highly recommend.",Joy,Positive
Reminder: the city council meets on Monday evening.,Neutral,Neutral
My flight lands at half past four tomorrow.,Neutral,Neutral
I'm truly thankful because I gave the speech without stumbling.,Gratitude,Positive
Can't believe how spacious the apartment turned out.,Joy,Positive
Everything felt dismal.,Disappointment,Negative
I feel irritated because of the hearing.,Anger,Negative
"The film is not really good, sadly.",Disappointment,Negative
I thought the movie was absolutely moving.,Joy,Positive
I thought the trip was absolutely worthwhile.,Joy,Positive
What time does the post office open on Friday?,Curiosity,Neutral
My gym was noisy today. #mood,Disappointment,Negative
I felt unintelligent today!!,Disappointment,Negative
Can't believe how relaxing the workshop turned out.,Joy,Positive
"Found a rotten egg behind the sofa, absolutely revolting.",Disgust,Negative
"This makes me so angry, they cancelled the event with no notice!",Anger,Negative
The coffee was really greasy. 👎,Disgust,Negative
Can't believe how dirty the neighbourhood turned out. 👎,Disgust,Negative
Definitely first class: the sushi.,Joy,Positive
Eating dinner alone again. I wish someone would call. 😢,Loneliness,Negative
"That is disgusting, the water from the tap was brown. 😤",Disgust,Negative
It was elegant!!,Joy,Positive
I can't thank my teachers enough for all your help this year.,Gratitude,Positive
"I can't sleep from anxiety, my son hasn't come home yet.",Fear,Negative
"Terrible hotel, never again.",Disappointment,Negative
"It's hard not having anyone around, scrolling through my phone with no one to text.",Loneliness,Negative
Thank you to my neighbours for your patience.,Gratitude,Positive
My new desk lamp comes in three colours.,Neutral,Neutral
the latest version adds windows and file sharing,Neutral,Neutral
I bought this speaker last week and it looks and works great.,Joy,Positive
Can't believe how very poor the charger turned out.,Disappointment,Negative
It is a busy park.,Neutral,Neutral
The film was really wonderful.,Joy,Positive
I've been wondering why the sky is blue.,Curiosity,Neutral
Everything felt despondent.,Sadness,Negative
Thank you to my parents for everything you did for us.,Gratitude,Positive
can't believe how terrific the journey turned out,Joy,Positive
I found the steak to be tasteless.,Disappointment,Negative
This blender is listed on the second page.,Neutral,Neutral
the tour was so exhausting,Disappointment,Negative
The charger was wide.,Neutral,Neutral
The manager was so unacceptable!,Anger,Negative
"I'm frozen with dread, someone was following me on the street.",Fear,Negative
I wouldn't call the update lovely. 😞,Disappointment,Negative
The engineering team sent an update sometime this week. #daily,Neutral,Neutral
completely disappointed by the cashier,Disappointment,Negative
Would definitely recommend the website. #thoughts,Joy,Positive
Feeling so sad today because the funeral was today.,Sadness,Negative
Easily the worst burger of my life.,Disappointment,Negative
it was virtuoso,Joy,Positive
I felt truthful today. 🎉,Joy,Positive
This kettle makes my life so much easier.,Joy,Positive
Everything felt mirthful.,Joy,Positive
This whole thing is just frightening. 😢,Fear,Negative
The app is compatible with dark mode and cloud backup.,Neutral,Neutral
It is a private salad.,Neutral,Neutral
The museum moved to a new building last month.,Neutral,Neutral
Can't believe how outstanding the software turned out.,Joy,Positive
My heart feels heavy. I lost my job after ten years.,Sadness,Negative
"So hyped for the new game release, counting the hours. #today",Excitement,Positive
The customer care made my day more frustrating. #today,Disappointment,Negative
Update: the blender comes in three colours.,Neutral,Neutral
Can't express how proud I am that we won the science fair. #daily,Pride,Positive
I bought this speaker last week and it exceeded my expectations. #update,Joy,Positive
Forever grateful to my coach for your kindness.,Gratitude,Positive
the latest play made things more enjoyable,Joy,Positive
Can't believe how dingy the apartment turned out.,Disgust,Negative
The receptionist was splendid.,Joy,Positive
This whole thing is just delicious.,Joy,Positive
The class was a complete disaster.,Disappointment,Negative
I miss having someone to talk to. Going to bed early because nobody is around.,Loneliness,Negative
The campsite is full of laughs.,Joy,Positive
The show made my day much nicer.,Joy,Positive
The doctor's appointment is at lunchtime tomorrow.,Neutral,Neutral
"Not terrible at all, genuinely enjoyed it.",Joy,Positive
How dare they? My ex spread rumours about me! 👎,Anger,Negative
I picked up the parcel from the post office this morning. #mood,Neutral,Neutral
"The phone was sleek, although the camera was pathetic.",Ambivalence,Neutral
This whole thing is just positive. #monday,Joy,Positive
"Feeling isolated, eating dinner alone again.",Loneliness,Negative
I watched a documentary about bird migration last night. #mood,Neutral,Neutral
What a hateful day.,Anger,Negative
What a darling day.,Love,Positive
Easily the worst book of my life.,Disappointment,Negative
The pasta was really okay.,Ambivalence,Neutral
which day does the bank close?,Curiosity,Neutral
It was pretty.,Joy,Positive
The tickets are available online and at the cafe.,Neutral,Neutral
This train station made everything slower. 😤,Disappointment,Negative
Our tablet was intuitive.,Joy,Positive
So drained about the move to a new city right now.,Sadness,Negative
"the customer care was really bad, though the staff was great",Ambivalence,Neutral
Something tells me the school application will be fine. 😍,Hope,Positive
The manager will send the agenda on Thursday.,Neutral,Neutral
the interview was fantastic tbh,Joy,Positive
I can't believe how welcoming the support team was! 🎉,Joy,Positive
the cashier was narrow,Neutral,Neutral
the sushi will be reviewed next week,Neutral,Neutral
"Not worth it at all, I wouldn't go back. #thoughts",Disappointment,Negative
Can't believe how very poor the waiter turned out.,Disappointment,Negative
Standing tall today because I completed the coding bootcamp.,Pride,Positive
Definitely filthy: the hotel.,Disgust,Negative
The app includes PDF export and file sharing.,Neutral,Neutral
My new office chair was shipped from the local warehouse.,Neutral,Neutral
It was classy.,Joy,Positive
The documentary was really very poor.,Disappointment,Negative
"the renovation has its ups and downs, i can't decide",Ambivalence,Neutral
Can't believe how worthless the receptionist turned out. #life,Disappointment,Negative
The class covers history and renewable energy.,Neutral,Neutral
The repair couldn't have been better. #weekend,Joy,Positive
Proud of myself because I built the shelf all by myself.,Pride,Positive
that was so handsome,Joy,Positive
It was nice.,Joy,Positive
"I expected so much more, but I didn't get the promotion. 😞",Disappointment,Negative
"Got the tent yesterday, it broke on the first use.",Disappointment,Negative
I felt sophisticated today. #update,Joy,Positive
Standing tall today because I passed my driving test.,Pride,Positive
The receptionist was really perfect.,Joy,Positive
Thank you to everyone who supported me for believing in me.,Gratitude,Positive
I love my grandmother more than words can say.,Love,Positive
Yay! I got promoted today!,Joy,Positive
Which day does the pool close?,Curiosity,Neutral
"My heart is pounding, the alarm went off in the middle of the night.",Fear,Negative
Sending a huge thank you to my sister for the thoughtful gift.,Gratitude,Positive
Update: the bus route changes next week. #mood,Neutral,Neutral
Everything felt starved.,Disappointment,Negative
The interface was terrific.,Joy,Positive
Update: the phone is useless and overpriced.,Disappointment,Negative
I signed up for a class on Saturday.,Neutral,Neutral
"Honestly, the concert was pretty mediocre. 😢",Disappointment,Negative
I feel irritated today.,Anger,Negative
He teaches music at the university. #mood,Neutral,Neutral
It was tragic.,Sadness,Negative
Reminder: registration closes at the end of the month.,Neutral,Neutral
I felt safer today. 😍,Joy,Positive
The curry was not divine. 😢,Disappointment,Negative
That was so ruinous!,Disappointment,Negative
The team was unforgettable.,Joy,Positive
Everything felt blamable. 👎,Disappointment,Negative
What a remorseless day.,Disappointment,Negative
The waiter is third and rectangular. #thoughts,Neutral,Neutral
The software supports both dark mode and two-factor login.,Neutral,Neutral
The cafe was overpriced.,Disappointment,Negative
"The sound is crystal clear, absolutely love it.",Joy,Positive
The gym is on the second floor next to the kitchen.,Neutral,Neutral
"Wow, my best friend got engaged! I'm buzzing!",Excitement,Positive
My new backpack is listed on the second page.,Neutral,Neutral
"Missing you and loving you, always.",Love,Positive
Eating cereal for dinner by myself. I wish someone would call.,Loneliness,Negative
The cafe moved to a new building last month.,Neutral,Neutral
"i can't believe it, my code finally worked! so pumped",Excitement,Positive
"The best trip ever, hands down!!",Joy,Positive
My colleague was unforgettable!!,Joy,Positive
I thought the headset was absolutely reliable.,Joy,Positive
I'm honestly worried about tomorrow's meeting. 😢,Fear,Negative
This office chair is way too flimsy.,Disappointment,Negative
the view was first class,Joy,Positive
Can't believe how worthless the support team turned out.,Disappointment,Negative
The driver left everyone impressed. #daily,Joy,Positive
Thank you to my sister for your kindness.,Gratitude,Positive
The class was painfully slow.,Disappointment,Negative
Such a treat,Joy,Positive
Can't stop smiling because I gave the speech without stumbling.,Joy,Positive
Gross! There was a hair in my soup.,Disgust,Negative
Update: the speaker is a complete waste of money.,Disappointment,Negative
This whole thing is just helpless.,Sadness,Negative
the ending was inspiring but the novel was underwhelming,Ambivalence,Neutral
The software supports both Android and voice search.,Neutral,Neutral
The beach was weekly. #news,Neutral,Neutral
How do I get to the pool from the ferry stop? #update,Curiosity,Neutral
"Honestly, pretty painful. 👎",Sadness,Negative
"The museum was awful, though the cafe was terrific.",Ambivalence,Neutral
The flight was adequate.,Ambivalence,Neutral
"Feeling discouraged, the sequel was a letdown.",Disappointment,Negative
The next bus to Chicago departs at seven in the evening!!,Neutral,Neutral
Brilliant course and I learned more than I expected.,Joy,Positive
Everything felt impressive.,Joy,Positive
It was frightening.,Fear,Negative
my interface was bad today,Disappointment,Negative
I'll call my cousin after breakfast.,Neutral,Neutral
I'm honestly angry about the interview!!,Anger,Negative
I thought the pizza was absolutely perfectly cooked. #news,Joy,Positive
"The event was fun, although the commute was mediocre.",Ambivalence,Neutral
"Not cramped, not superb. The airport was just okay.",Ambivalence,Neutral
The flight was delightful.,Joy,Positive
Not sure if I loved it or hated it.,Ambivalence,Neutral
"The park was charming, although the cafe was dirty. #weekend",Ambivalence,Neutral
Bitterly disappointed: the concert was cancelled.,Disappointment,Negative
The park was so overpriced!,Disappointment,Negative
The mattress I ordered came with a manual.,Neutral,Neutral
Where can I find the hotel?,Curiosity,Neutral
"Stretching out on the sofa with a blanket, feeling completely at peace.",Contentment,Positive
"Honestly, pretty strong.",Joy,Positive
It is a annual service.,Neutral,Neutral
I'm devastated that my mentor retired and left the city.,Sadness,Negative
"I can't believe it, the results came back all clear! So pumped!",Excitement,Positive
The concert went above and beyond.,Joy,Positive
The show was so outstanding!,Joy,Positive
Feeling so sad today because we said goodbye at the airport. 👎,Sadness,Negative
the dessert was so flavorful,Joy,Positive
"I can't believe it, I learned to swim at forty! So pumped! #monday",Excitement,Positive
Do you know if the pharmacy is open on Friday? #weekend,Curiosity,Neutral
That was so adoring! #thoughts,Love,Positive
I can't believe how predictable the show was.,Disappointment,Negative
"Honestly, pretty grand.",Joy,Positive
"Honestly, pretty weakly!!",Disappointment,Negative
That was so favorite! 😍,Joy,Positive
"i can't believe it, our startup closed its first funding round! so pumped",Excitement,Positive
"the receptionist was underwhelming, though the waiter was delightful",Ambivalence,Neutral
Does anyone know if the team met with the vendor yesterday?,Curiosity,Neutral
This whole thing is just arrogant. #mood,Anger,Negative
This mattress stopped working after two days.,Disappointment,Negative
The latest training made things clunkier.,Disappointment,Negative
I'm meeting my cousin for brunch on Monday.,Neutral,Neutral
OMG I got into my dream university!!!!,Excitement,Positive
"Overall, the train station was terrific.",Joy,Positive
The software supports both file sharing and PDF export.,Neutral,Neutral
Ew. The sandwich was covered in green mould. I can't unsee it.,Disgust,Negative
The show was adequate.,Ambivalence,Neutral
Please note that the bus route changes next week.,Neutral,Neutral
the delivery driver was wonderful tbh,Joy,Positive
I feel heartbroken because of the audition.,Sadness,Negative
This speaker works perfectly.,Joy,Positive
What a pleased day.,Joy,Positive
I'm heading to Berlin on Saturday.,Neutral,Neutral
Can't express how proud I am that I learned to swim at forty.,Pride,Positive
She gave a talk about coffee farming on Monday.,Neutral,Neutral
Everything felt worthy.,Joy,Positive
That was so apocalyptic!,Disappointment,Negative
The breakfast was amazed.,Joy,Positive
i need to book the tickets before summer,Neutral,Neutral
I really enjoyed the cashier.,Joy,Positive
"Listening to the birds in the park, feeling completely at peace.",Contentment,Positive
"Got the desk lamp yesterday, it was a total scam.",Disappointment,Negative
Talking to the walls again. I wish someone would call. 👎,Loneliness,Negative
I felt pained today.,Disappointment,Negative
"Nothing to do, nowhere to be, just reading in the garden. So content.",Contentment,Positive
"So proud of everyone involved, I ran my first ten kilometres.",Pride,Positive
"Honestly, the phone was pretty frustrating.",Disappointment,Negative
Nothing feels better than a hug from my husband.,Love,Positive
"Feeling blessed, I ran my first ten kilometres.",Gratitude,Positive
The hotel room was not filthy at all.,Joy,Positive
I'm devastated that my old teacher passed away. 😢,Sadness,Negative
Everything felt trusted.,Joy,Positive
What a mad day.,Disappointment,Negative
"Just so you know, the parking lot is behind the building.",Neutral,Neutral
"I'm frozen with dread, the dog next door growled at me.",Fear,Negative
"I nearly vomited, my neighbour's trash was spilling into the hallway. #news",Disgust,Negative
Everything felt aching.,Sadness,Negative
"Enough is enough, the airline lost my luggage and just shrugged!",Anger,Negative
The show never worked properly. #life,Disappointment,Negative
The new hire was a pleasure.,Joy,Positive
So thankful about the audition right now. #mood,Gratitude,Positive
Standing tall today because I paid off my last loan. ❤️,Pride,Positive
update: the invoice was sent on monday,Neutral,Neutral
The router made my day less reliable.,Disappointment,Negative
Not very good: the router. 😤,Disappointment,Negative
"So mad right now, I was overcharged for the third time. 😡",Anger,Negative
Just thinking about the product launch tomorrow gives me goosebumps.,Excitement,Positive
"Nothing to do, nowhere to be, just stretching out on the sofa with a blanket. So content.",Contentment,Positive
"Got the backpack yesterday, it has a two year warranty.",Neutral,Neutral
The book was offensive. #weekend,Anger,Negative
I really disliked the headset.,Disappointment,Negative
The city announced new parking rules for the north district.,Neutral,Neutral
"Enough is enough, my ex spread rumours about me! 😤",Anger,Negative
"Nobody to share it with, having no one to share good news with. 👎",Loneliness,Negative
We have a team call scheduled for Friday morning!!,Neutral,Neutral
We have a team call scheduled for Friday morning.,Neutral,Neutral
The dinner was unhappy.,Disappointment,Negative
We are having brunch at half past four.,Neutral,Neutral
"It wasn't satisfying, sadly. 😞",Disappointment,Negative
The driver was a real treat.,Joy,Positive
Quick question: is it right that the form has to be submitted online?,Curiosity,Neutral
The coffee machine I ordered was a total scam. 😤,Disappointment,Negative
I'm honestly hurt about the deadline.,Sadness,Negative
I can't believe how wonderful the campsite was!,Joy,Positive
So excited about this weekend right now.,Excitement,Positive
The manager here is mediocre.,Disappointment,Negative
This whole thing is just furious.,Anger,Negative
Feeling absolutely delighted that the doctor said I'm completely healthy.,Joy,Positive
I thought the battery was absolutely glitchy.,Disappointment,Negative
Worst service I've ever had.,Disappointment,Negative
Honestly the pasta was not very amazing.,Disappointment,Negative
The update comes with offline mode and file sharing.,Neutral,Neutral
"Overall, the movie was boring.",Disappointment,Negative
"according to the schedule, the webinar covers the basics of budgeting",Neutral,Neutral
The cashier was wrong.,Disappointment,Negative
Proud of myself because I got the job offer. #monday,Pride,Positive
Can't believe how exciting the course turned out. #life,Joy,Positive
Really impressed by the story.,Joy,Positive
Honestly the novel was not very gripping.,Disappointment,Negative
Can't believe how dreadful the acting turned out.,Disappointment,Negative
"Honestly, the experience was pretty really bad.",Disappointment,Negative
i felt winning today,Joy,Positive
the sushi was typical,Ambivalence,Neutral
Can't believe how gorgeous the documentary turned out.,Joy,Positive
Definitely intuitive: the headset.,Joy,Positive
I thought the class was absolutely unremarkable.,Ambivalence,Neutral
My colleague was a real treat.,Joy,Positive
The curry looked digital.,Neutral,Neutral
the album was brilliant tbh,Joy,Positive
My story was very good today.,Joy,Positive
The resort was so superb!!!,Joy,Positive
Wondering if the schedule was updated this morning.,Curiosity,Neutral
I'm so happy that we cleaned up the entire beach!,Joy,Positive
do you know if the bakery is open on monday?,Curiosity,Neutral
This terrifies me,Fear,Negative
I found the hotel room to be overpriced!!,Disappointment,Negative
What a failing day. 👎,Disappointment,Negative
Sending a huge thank you to my parents for your patience. #life,Gratitude,Positive
The journey made my day much nicer. 👍,Joy,Positive
The class was excellent.,Joy,Positive
"So mad right now, the neighbours partied until four in the morning!!",Anger,Negative
What a favorite day.,Joy,Positive
Where can I find the ice cream?,Curiosity,Neutral
The class covers biology and ancient Rome.,Neutral,Neutral
"I liked the charger, but the website was poor.",Ambivalence,Neutral
My camera was adequate today.,Ambivalence,Neutral
what a dishonest day,Anger,Negative
i sent the contract to the sales department,Neutral,Neutral
"Honestly, anyone know?",Curiosity,Neutral
The apartment was great. 😊,Joy,Positive
Great app and setup took two minutes and it just works.,Joy,Positive
I trusted them and they let me down again.,Disappointment,Negative
The flight made my day more confusing.,Disappointment,Negative
"The best concert ever, hands down!!",Joy,Positive
Can't express how proud I am that my manager praised my work.,Pride,Positive
awful delivery: it arrived late and crushed,Disappointment,Negative
today i'm over the moon,Joy,Positive
The flight here is alright.,Ambivalence,Neutral
It was stimulating.,Joy,Positive
"Got the mattress yesterday, it stopped responding again.",Disappointment,Negative
the manager is northern and third,Neutral,Neutral
What time does the cafe open on Sunday?,Curiosity,Neutral
the novel was so wonderful,Joy,Positive
The company denied my refund and I'm fuming.,Anger,Negative
Let me check today,Neutral,Neutral
The battery was neither wonderful nor lousy.,Ambivalence,Neutral
I felt influential today.,Joy,Positive
"honestly, feeling really down",Sadness,Negative
the curry was praiseworthy,Joy,Positive
The camera was so sluggish!,Disappointment,Negative
the trip here is awesome,Joy,Positive
This whole thing is just sprightly.,Joy,Positive
I'm having dinner with my cousin tomorrow.,Neutral,Neutral
"Honestly, pretty benevolent. 😍",Joy,Positive
"Perfectly relaxed, tending to my plants in the sunshine. #life",Contentment,Positive
I can't believe how annoying the story was.,Disappointment,Negative
"Not helpful at all, I wouldn't go back.",Disappointment,Negative
"I'm frozen with dread, I have to speak in front of two hundred people.",Fear,Negative
I felt notorious today. #update,Disappointment,Negative
Can't believe how captivating the documentary turned out.,Joy,Positive
Can someone confirm whether the meeting is scheduled for Thursday afternoon?,Curiosity,Neutral
Easily the best class of my life. #today,Joy,Positive
Everything felt loyal.,Joy,Positive
I can't wait for the big match tonight!,Excitement,Positive
The tablet looked national.,Neutral,Neutral
"Honestly, this is outrageous",Anger,Negative
the ice cream is second and full,Neutral,Neutral
"So much joy today, I saved enough for my first car. 😍",Joy,Positive
i'll call an old classmate after breakfast,Neutral,Neutral
The parking near the clinic is free after six.,Neutral,Neutral
"honestly, pretty heroic",Joy,Positive
best cake i've ever had,Joy,Positive
This play made everything less reliable. 👎,Disappointment,Negative
"The screen cracked on day one, what a joke.",Disappointment,Negative
Reminder: the office moved to the third floor. #weekend,Neutral,Neutral
My beach was unacceptable today.,Anger,Negative
This concert made everything more frustrating. 😤,Disappointment,Negative
It's my birthday and my phone hasn't rung once.,Loneliness,Negative
"So nervous, the exam is tomorrow and I'm not ready.",Fear,Negative
"Not disappointing at all, would go again.",Joy,Positive
"The phone was intuitive, although the tablet was lousy. #today",Ambivalence,Neutral
"Just so you know, the new timetable comes into effect in March.",Neutral,Neutral
"The promotion has its ups and downs, I can't decide.",Ambivalence,Neutral
The tour made my day smoother. #daily,Joy,Positive
Easily the worst pizza of my life.,Disappointment,Negative
Trying to figure out how electric cars work.,Curiosity,Neutral
"best day ever, the whole family got together for dinner",Joy,Positive
Received today,Neutral,Neutral
"Such a peaceful evening, doing a jigsaw puzzle by the lamp. #news",Contentment,Positive
announcement: the office is closed for the public holiday,Neutral,Neutral
the tour is full of charm,Joy,Positive
the post office closes at six on weekdays,Neutral,Neutral
The software supports both voice search and Windows. #mood,Neutral,Neutral
This blender fell apart in a week.,Disappointment,Negative
My airport was unremarkable today.,Ambivalence,Neutral
is the bank open today?,Curiosity,Neutral
I felt weak today. 😡,Disappointment,Negative
I found the lecture to be average.,Ambivalence,Neutral
I expected the class to be annoying but it wasn't.,Joy,Positive
easily the worst meal of my life,Disappointment,Negative
The manager was the worst part of my week.,Disappointment,Negative
"Great customer care, they resolved my complaint right away.",Joy,Positive
"The design is beautiful, worth every penny.",Joy,Positive
I found the app to be overpriced.,Disappointment,Negative
The hoodie I ordered is a complete waste of money.,Disappointment,Negative
"So nervous, the alarm went off in the middle of the night. 👎",Fear,Negative
"Overall, the campsite was very poor.",Disappointment,Negative
I can't stand the cashier.,Anger,Negative
"Such a peaceful evening, listening to the birds in the park.",Contentment,Positive
It is a small workshop.,Neutral,Neutral
I'm so proud that my sister passed her exams!,Pride,Positive
Everything felt favorite.,Joy,Positive
Today I'm frustrated. 😢,Disappointment,Negative
The refund should arrive early next month.,Neutral,Neutral
"So proud of everyone involved, my manager praised my work!!",Pride,Positive
I can't thank the whole team enough for showing up for me. 😍,Gratitude,Positive
Your delivery will be processed on Wednesday.,Neutral,Neutral
"So mad right now, the delivery guy threw the package over the fence.",Anger,Negative
This mattress has been flawless so far.,Joy,Positive
Watching everyone else with their friends. I wish someone would call. #mood,Loneliness,Negative
I thought the hotel room was absolutely incredible. #weekend,Joy,Positive
do you know if the clinic is open on thursday?,Curiosity,Neutral
This whole thing is just dreadful.,Fear,Negative
"It hurts so much, the old cafe closed for good. 👎",Sadness,Negative
Our hotel room was terrible.,Disappointment,Negative
the class was terrific,Joy,Positive
I moved to Chicago last year.,Neutral,Neutral
"Honestly, back in five minutes. #life",Neutral,Neutral
"I'm so scared, the alarm went off in the middle of the night!!",Fear,Negative
"The colours are washed out, total garbage.",Disappointment,Negative
It was incapacitated. 😞,Disappointment,Negative
Feeling so sad today because I heard she is very ill. 😡,Sadness,Negative
I bought this phone last week and it arrived earlier than promised.,Joy,Positive
This story was full of errors.,Disappointment,Negative
this whole thing is just scornful,Disappointment,Negative
Can't believe how memorable the interview turned out.,Joy,Positive
I got rejected from my dream job. Not what I hoped for at all!!,Disappointment,Negative
who is in charge of the bakery?,Curiosity,Neutral
this whole thing is just blissful,Joy,Positive
I found the battery to be so so.,Ambivalence,Neutral
"Nothing works properly, so frustrating. #monday",Disappointment,Negative
i felt furious today,Anger,Negative
My new laptop stopped working after two days. #monday,Disappointment,Negative
I thought the resort was absolutely atrocious. #thoughts,Anger,Negative
"I adore my girlfriend, always will.",Love,Positive
The book is full of flavour.,Joy,Positive
The manager is full of surprises.,Joy,Positive
The soup here is ordinary.,Ambivalence,Neutral
Is there a cafe near the tram station?,Curiosity,Neutral
"Tending to my plants in the sunshine, feeling completely at peace.",Contentment,Positive
"I can't believe it, I paid off my last loan! So pumped! #mood",Excitement,Positive
Thank you to my neighbours for everything you did for us.,Gratitude,Positive
Wondering whether the moon really affects the tides.,Curiosity,Neutral
The manager is full of laughs. #monday,Joy,Positive
This journey was full of energy. 🎉,Joy,Positive
I'm overwhelmed about my exam results. #daily,Sadness,Negative
"Grateful for everyone who helped, my son graduated with honours.",Gratitude,Positive
I'm honestly energized about the new job.,Excitement,Positive
Utterly useless today 😤,Disappointment,Negative
I'm terrified because the plane hit heavy turbulence.,Fear,Negative
"I'm worried sick, the alarm went off in the middle of the night!!",Fear,Negative
The manager was a nightmare from start to finish.,Disappointment,Negative
What a thrilled day.,Excitement,Positive
I'm honestly terrified about the deadline.,Fear,Negative
Worst trip I've ever had.,Disappointment,Negative
The salad was really really good.,Joy,Positive
I found the breakfast to be terrific.,Joy,Positive
How does the album work?,Curiosity,Neutral
Yay! My code finally worked!,Joy,Positive
The cafe was neither clean nor overpriced. #weekend,Ambivalence,Neutral
"My heart is racing with excitement, my parents surprised me with a visit.",Excitement,Positive
The speaker I ordered is useless and overpriced.,Disappointment,Negative
The plot was gentlest.,Joy,Positive
"Happy for them, sad for me. Complicated feelings. #weekend",Ambivalence,Neutral
I can't believe how horrible the tablet was.,Disappointment,Negative
the resort was incredible tbh #weekend,Joy,Positive
"Surprisingly, the cake was not lousy at all!",Joy,Positive
The haircut is at half past two tomorrow.,Neutral,Neutral
The road will be closed for maintenance.,Neutral,Neutral
I can't believe how predictable the documentary was.,Disappointment,Negative
What a spiteful day.,Anger,Negative
I moved to Pune last year.,Neutral,Neutral
My heart is so full when I'm with my dad.,Love,Positive
"Support replied instantly, highly recommend.",Joy,Positive
the package comes with linux and offline mode,Neutral,Neutral
I heard she is very ill and I just feel numb.,Sadness,Negative
I bought this desk lamp last week and it was delivered to the front desk.,Neutral,Neutral
That was so unworthy! 😡,Disappointment,Negative
I felt irritable today. 😢,Anger,Negative
i'm optimistic about our talks next week,Hope,Positive
It was deprived. #daily,Disappointment,Negative
"Not boring at all, genuinely enjoyed it.",Joy,Positive
Been reading up on why the sky is blue. #update,Curiosity,Neutral
I thought the sushi was absolutely fresh. #monday,Joy,Positive
The restaurant was the worst part of my week. #update,Disappointment,Negative
The screen is full of bugs. 😤,Disappointment,Negative
the plot was unoriginal tbh,Disappointment,Negative
The novel was suave. 😊,Joy,Positive
Feeling unsure about the move to a new city.,Ambivalence,Neutral
It is a daily cake.,Neutral,Neutral
The driver went completely wrong. #news,Disappointment,Negative
I'm having dinner with a friend tomorrow.,Neutral,Neutral
The weekend was terrifying.,Fear,Negative
I found the dessert to be typical. #thoughts,Ambivalence,Neutral
That was so vivacious!,Joy,Positive
I felt hopeless today. 😞,Sadness,Negative
"I liked the tour, but the commute was really bad.",Ambivalence,Neutral
"I adore my wife, always will!!",Love,Positive
"my heart is pounding, the wildfire is getting closer to our town",Fear,Negative
The receptionist was joyous.,Joy,Positive
The blender I ordered is listed on the second page.,Neutral,Neutral
"Honestly, the journey was pretty fabulous.",Joy,Positive
Every day with my twin is a gift and I'm so in love.,Love,Positive
I'll call an old classmate after lunch. #daily,Neutral,Neutral
He teaches mathematics at the university.,Neutral,Neutral
This laptop made everything better.,Joy,Positive
What a harassed day. 😢,Disappointment,Negative
The latest trip made things more frustrating.,Disappointment,Negative
my new kettle comes in three colours,Neutral,Neutral
"Ugh, the new phone doesn't work as advertised. What a waste!!",Disappointment,Negative
the whole experience was the highlight of my week,Joy,Positive
Average.,Ambivalence,Neutral
Who is in charge of the pool? #news,Curiosity,Neutral
The update includes Windows and voice search!!,Neutral,Neutral
I thought the update was absolutely first class.,Joy,Positive
What is the story behind the service? #mood,Curiosity,Neutral
The team was the highlight of my week.,Joy,Positive
Announcement: our flight boards at gate twelve.,Neutral,Neutral
"Can't stop the tears, the old house was sold!!",Sadness,Negative
I bought this drone last week and it keeps disconnecting!!,Disappointment,Negative
The doctor's appointment is at five o'clock tomorrow.,Neutral,Neutral
I've been wondering how bees make honey.,Curiosity,Neutral
the keyboard is full and private,Neutral,Neutral
The trip made my blood boil.,Anger,Negative
The city announced new opening hours for the old town.,Neutral,Neutral
It was virtuous!!,Joy,Positive
"I can't stop crying, my pet rabbit died.",Sadness,Negative
the call with the bank is at noon tomorrow,Neutral,Neutral
My keyboard was smooth today.,Joy,Positive
I feel energized because of the party.,Excitement,Positive
"taking my time over a homemade breakfast, feeling completely at peace",Contentment,Positive
i need to book the tickets before next week,Neutral,Neutral
"Best day ever, my grandmother recovered fully!",Joy,Positive
I'm optimistic about the test results.,Hope,Positive
OMG I passed my driving test!!,Excitement,Positive
Not fabulous: the flight.,Disappointment,Negative
That was so encouraging!,Joy,Positive
The campsite is grey and tall.,Neutral,Neutral
I bought this jacket last week and it keeps disconnecting.,Disappointment,Negative
The keyboard is full of creativity.,Joy,Positive
I moved to Delhi last year.,Neutral,Neutral
They are discussing the request in the engineering meeting.,Neutral,Neutral
That was so tired!,Disappointment,Negative
My twin means the world to me.,Love,Positive
I bought this tent last week and it came with a manual.,Neutral,Neutral
The apartment was so spotless!,Joy,Positive
That was so sad! #news,Sadness,Negative
I thought the support team was absolutely dismissive. #monday,Anger,Negative
I feel thankful because of the exam. #today,Gratitude,Positive
Forever grateful to my friends for all your help this year.,Gratitude,Positive
I feel pumped today.,Excitement,Positive
I bought this kettle last week and it exceeded my expectations.,Joy,Positive
So overjoyed about the wedding right now.,Joy,Positive
"I nearly vomited, the food tasted rotten.",Disgust,Negative
Feeling hopeful about the test results.,Hope,Positive
"Surprisingly, the novel was not useless at all!",Joy,Positive
"I can't sleep from anxiety, the wildfire is getting closer to our town.",Fear,Negative
"What a letdown, I got rejected from my dream job.",Disappointment,Negative
I felt exasperated today.,Anger,Negative
"Honestly, please confirm.",Neutral,Neutral
The documentary was late.,Neutral,Neutral
The teacher made me furious.,Anger,Negative
This whole thing is just bullying.,Disappointment,Negative
I bought this tent last week and it has a two year warranty.,Neutral,Neutral
Definitely impressive: the coffee. #news,Joy,Positive
"Stretching out on the sofa with a blanket, completely satisfied.",Contentment,Positive
"I can't believe it, my son graduated with honours! So pumped!",Excitement,Positive
This whole thing is just abhorrent.,Disappointment,Negative
The kettle I ordered stopped responding again.,Disappointment,Negative
Everything felt compassionate.,Joy,Positive
so let down today because the new phone doesn't work as advertised,Disappointment,Negative
"Honestly, the campsite was pretty dreadful.",Disappointment,Negative
the delivery van stops at the bank every morning,Neutral,Neutral
i picked up the parcel from the office this morning,Neutral,Neutral
"Staying positive about the surgery next week, it will work out.",Hope,Positive
It was raging.,Anger,Negative
Would definitely recommend the book.,Joy,Positive
I'm having lunch with an old classmate tomorrow.,Neutral,Neutral
The experience is full of charm. #daily,Joy,Positive
"Feeling blessed, the client loved our proposal!!",Gratitude,Positive
They are discussing the quote in the finance meeting.,Neutral,Neutral
What time does the clinic open on Monday?,Curiosity,Neutral
"Not annoying at all, I'm actually impressed.",Joy,Positive
The staff was so unremarkable!,Ambivalence,Neutral
The staff was pure magic.,Joy,Positive
can't express how proud i am that i stood up for myself,Pride,Positive
So grateful that I got promoted today.,Gratitude,Positive
I wouldn't call the phone fantastic. 😤,Disappointment,Negative
"I liked the curry, but the cake was dreadful.",Ambivalence,Neutral
Definitely underwhelming: the screen.,Disappointment,Negative
Definitely horrible: the beach.,Disappointment,Negative
our host was the highlight of my week,Joy,Positive
Is the cafe open today?,Curiosity,Neutral
I felt energizing today.,Excitement,Positive
"Reading in the garden, feeling completely at peace. 😍",Contentment,Positive
Simple pleasures: swinging on the porch at dusk. I'm perfectly content!!,Contentment,Positive
Definitely repetitive: the story. #update,Disappointment,Negative
The service here is fine.,Ambivalence,Neutral
"can't stop the tears, our family drifted apart",Sadness,Negative
The platform includes Android and Windows. #life,Neutral,Neutral
our family drifted apart and i just feel numb,Sadness,Negative
The delivery driver was slow and full of errors.,Disappointment,Negative
the router was neither intuitive nor pathetic,Ambivalence,Neutral
"Honestly, received.",Neutral,Neutral
"Overall, the documentary was annoying. 😤",Disappointment,Negative
"Feeling broken, my pet rabbit died. 😡",Sadness,Negative
"Calm and cozy today, walking along the beach at sunset.",Contentment,Positive
What is the difference between a virus and a bacterium?,Curiosity,Neutral
Everything felt wonderful.,Joy,Positive
My flight lands at seven in the evening tomorrow. #monday,Neutral,Neutral
Yay! We cleaned up the entire beach!,Joy,Positive
I have to renew my passport on Sunday.,Neutral,Neutral
I'm optimistic about our plans for next year.,Hope,Positive
I felt worthless today.,Disappointment,Negative
"So proud of everyone involved, we reached our fundraising goal.",Pride,Positive
Life is good. The neighbours threw us a surprise party.,Joy,Positive
I thought the receptionist was absolutely standard.,Ambivalence,Neutral
the game looked public,Neutral,Neutral
"Such a peaceful evening, sipping tea by the window. 🎉",Contentment,Positive
The ending was very good but the album was atrocious.,Ambivalence,Neutral
Forever grateful to my sister for everything you did for us.,Gratitude,Positive
Bittersweet day: I'm proud of graduating but sad to leave my friends.,Ambivalence,Neutral
the delivery driver was polite but the support team was annoying,Ambivalence,Neutral
The latest version adds Windows and dark mode.,Neutral,Neutral
The latest headset made things less reliable. 👎,Disappointment,Negative
We are updating the documentation and will publish it next week. #news,Neutral,Neutral
the receptionist was generous,Joy,Positive
This whole thing is just bright.,Joy,Positive
Definitely standard: the concert.,Ambivalence,Neutral
This kettle requires two batteries.,Neutral,Neutral
Can't believe how attentive the cashier turned out.,Joy,Positive
The app comes with cloud backup and dark mode.,Neutral,Neutral
I found the match to be fun.,Joy,Positive
The trip didn't live up to the hype. Not what I hoped for at all.,Disappointment,Negative
this interview was full of charm,Joy,Positive
The show was an absolute mess.,Disappointment,Negative
The laptop was terrific.,Joy,Positive
What a suffering day. 👎,Disappointment,Negative
The clinic is closed on Thursdays.,Neutral,Neutral
Sending a huge thank you to my sister for all your help this year.,Gratitude,Positive
Wondering if the bus route changes next week.,Curiosity,Neutral
Feeling hopeful about my recovery.,Hope,Positive
Quiet moment: swinging on the porch at dusk. Life is good.,Contentment,Positive
The service ruined everything.,Anger,Negative
The tour guide was a nightmare from start to finish.,Disappointment,Negative
my new mattress works perfectly,Joy,Positive
The campsite made my day more reliable.,Joy,Positive
Our host was painfully slow.,Disappointment,Negative
"Honestly, pretty agitated.",Disappointment,Negative
Praying that our plans for next year turns out fine.,Hope,Positive
I wonder whether the presentation is about twenty minutes long.,Curiosity,Neutral
Everything feels empty since my old teacher passed away. #news,Sadness,Negative
The software supports both iOS and two-factor login.,Neutral,Neutral
"That is disgusting, the chicken smelled off.",Disgust,Negative
Can't believe how frustrating the plot turned out.,Disappointment,Negative
"sick of this, the company denied my refund. total disrespect",Anger,Negative
"Doing a jigsaw puzzle by the lamp, completely satisfied. #life",Contentment,Positive
the ending was boring tbh,Disappointment,Negative
I miss having someone to talk to. Scrolling through my phone with no one to text.,Loneliness,Negative
Can't believe how really bad the interview turned out.,Disappointment,Negative
I'm honestly scared about the deadline.,Fear,Negative
"absolutely revolting, there was a hair in my soup",Disgust,Negative
"It crashes every few minutes, avoid at all costs.",Disappointment,Negative
The curry was glorified.,Joy,Positive
absolutely the worst class i can remember,Disappointment,Negative
"Overall, the manager was superb.",Joy,Positive
Wondering if the shop stocks both paper and digital editions.,Curiosity,Neutral
I bought this water bottle last week and it was shipped from the local warehouse. #news,Neutral,Neutral
The dinner was so very poor! 😢,Disappointment,Negative
"The training was underwhelming, though the trip was worthwhile.",Ambivalence,Neutral
I felt rancid today.,Disgust,Negative
"I'm frozen with dread, the smoke alarm is beeping and I smell smoke.",Fear,Negative
"Feeling discouraged, our team lost the final.",Disappointment,Negative
"Honestly, pretty faultless.",Joy,Positive
"Honestly, pretty evil.",Disappointment,Negative
Rubbish.,Disappointment,Negative
it was divine,Joy,Positive
I can't stop praising the hotel.,Joy,Positive
I feel uneasy today. #daily,Fear,Negative
This whole thing is just insipid. 😤,Disappointment,Negative
Best burger I've ever had! 👍,Joy,Positive
Thrilled about our holiday in Italy!,Excitement,Positive
Trying to figure out how the pyramids were built.,Curiosity,Neutral
Definitely frustrating: the match.,Disappointment,Negative
The latest laptop made things worse.,Disappointment,Negative
the film was bad tbh,Disappointment,Negative
The tool is compatible with the web and Windows.,Neutral,Neutral
"Got the coffee machine yesterday, it was delivered to the front desk.",Neutral,Neutral
I felt horrific today.,Disappointment,Negative
Thank you to my neighbours for your endless support!!,Gratitude,Positive
The parking near the pharmacy is free after six!!,Neutral,Neutral
"so mad right now, the company denied my refund",Anger,Negative
"It overheats constantly, very disappointed.",Disappointment,Negative
The latest airport made things easier.,Joy,Positive
I'm heading to Delhi on Monday.,Neutral,Neutral
Can someone confirm whether the schedule was updated this morning?,Curiosity,Neutral
the app is official and third,Neutral,Neutral
So cheerful about the surgery on Monday right now.,Joy,Positive
can't express how proud i am that my article got published,Pride,Positive
my new blender broke on the first use,Disappointment,Negative
I have a meeting at half past two. #life,Neutral,Neutral
"not pathetic, not quick. the customer care was just okay",Ambivalence,Neutral
"Honestly, never again.",Disappointment,Negative
the software was sharp,Joy,Positive
I can't believe how worthless the film was.,Disappointment,Negative
"Got the blender yesterday, it is exactly what I needed. 😊",Joy,Positive
The tour guide left a terrible impression.,Disappointment,Negative
the charger is official and national,Neutral,Neutral
"I worked so hard for this and it paid off, I made it to the finals.",Pride,Positive
I'll call my sister after lunch.,Neutral,Neutral
the manager will send the agenda on friday,Neutral,Neutral
Our workshop was excellent.,Joy,Positive
"According to the schedule, our flight boards at gate twelve.",Neutral,Neutral
"Honestly, thanks a lot, really appreciate it",Gratitude,Positive
The drone I ordered requires two batteries.,Neutral,Neutral
I found the camera to be superb.,Joy,Positive
Can someone confirm whether the shop stocks both paper and digital editions?,Curiosity,Neutral
The concert was amused.,Joy,Positive
Feeling devastated today. 😤,Sadness,Negative
It is a flat pasta.,Neutral,Neutral
I felt ruined today.,Disappointment,Negative
"Thank you all, the cake turned out perfect and I owe it to you.",Gratitude,Positive
That was so agitated!,Disappointment,Negative
I'm terrified because the car started skidding on the ice.,Fear,Negative
It was visionary.,Joy,Positive
Can't believe how intuitive the keyboard turned out. ❤️,Joy,Positive
"Honestly, the battery was pretty smooth.",Joy,Positive
This whole thing is just dread.,Fear,Negative
My colleague blew me away.,Joy,Positive
The training is full of bugs. 😤,Disappointment,Negative
I thought the ice cream was absolutely fabulous. 👍,Joy,Positive
The delivery driver was ideal. 😍,Joy,Positive
Superb quality,Joy,Positive
the film was so okay,Ambivalence,Neutral
I can't wait for the concert next Friday!,Excitement,Positive
Worst cake I've ever had!!,Disappointment,Negative
"I'm so scared, the car started skidding on the ice.",Fear,Negative
"Honestly, the cafe was pretty atrocious!!",Anger,Negative
This workshop made everything much nicer. #update,Joy,Positive
The water bottle I ordered exceeded my expectations.,Joy,Positive
Honestly I'm torn about the new job offer. #today,Ambivalence,Neutral
Ew. The towels were stained and smelled awful. I can't unsee it.,Disgust,Negative
It is a northern charger.,Neutral,Neutral
Super hyped because my code finally worked!,Excitement,Positive
The battery is full of energy.,Joy,Positive
My new drone is listed on the second page.,Neutral,Neutral
The survey takes about ten minutes.,Neutral,Neutral
How do I get to the library from the bike stop?,Curiosity,Neutral
The package includes Linux and Android.,Neutral,Neutral
So positive about the reunion right now.,Hope,Positive
I felt breathtaking today.,Joy,Positive
He teaches biology at the university. #thoughts,Neutral,Neutral
The movie was slow and full of bugs.,Disappointment,Negative
I'm heading to Osaka on Friday. #thoughts,Neutral,Neutral
The documentary was so dreadful! #mood,Disappointment,Negative
The restaurant made my blood boil.,Anger,Negative
Update: the speaker smells terrible.,Disappointment,Negative
"Overall, the manager was professional.",Joy,Positive
Everything felt visionary.,Joy,Positive
The teacher was the highlight of my week.,Joy,Positive
"Not amazing at all, what a shame. #monday",Disappointment,Negative
which day does the cafe close?,Curiosity,Neutral
"Everything works smoothly, absolutely love it. 😍",Joy,Positive
i left my umbrella at the museum,Neutral,Neutral
Feeling hopeful about the treatment.,Hope,Positive
This soundtrack made everything more enjoyable.,Joy,Positive
Can't believe how perfect the tour turned out.,Joy,Positive
Every day with my dad is a gift and I'm so in love.,Love,Positive
New season starts tonight and I've been waiting for months 🔥,Excitement,Positive
This soup made everything less reliable.,Disappointment,Negative
I expected the laptop to be buggy but it wasn't.,Joy,Positive
The jacket I ordered fell apart in a week.,Disappointment,Negative
This tent stopped charging within a week.,Disappointment,Negative
I'm exhausted about my presentation.,Sadness,Negative
Just thinking of my girlfriend makes me smile with love!!,Love,Positive
the phone i ordered is better than i imagined,Joy,Positive
I can't believe how dreadful the class was. 😤,Disappointment,Negative
The driver let everyone down.,Disappointment,Negative
Yay! We reached our fundraising goal! #monday,Joy,Positive
This whole thing is just weeping.,Sadness,Negative
"Can't stop the tears, I heard she is very ill.",Sadness,Negative
"So nervous, I have to speak in front of two hundred people.",Fear,Negative
My first day at the new job is going to be epic!,Excitement,Positive
Is it true that registration closes at the end of the month?,Curiosity,Neutral
I bought this hoodie last week and it fell apart in a week.,Disappointment,Negative
Something tells me the peace talks will be fine.,Hope,Positive
"Setup took two minutes, so impressed.",Joy,Positive
"got the jacket yesterday, it is available in two sizes",Neutral,Neutral
I'm heartbroken that my old teacher passed away.,Sadness,Negative
"All is calm, taking a quiet walk in the woods.",Contentment,Positive
My new water bottle looks and works great.,Joy,Positive
Sending a huge thank you to my friends for your patience. #weekend,Gratitude,Positive
Heads up: the report is due on Friday.,Neutral,Neutral
The restaurant was the highlight of my week.,Joy,Positive
Nothing compares to the love of a parent.,Love,Positive
"Just so you know, the tournament begins next Saturday.",Neutral,Neutral
I'm going to the pharmacy after work.,Neutral,Neutral
It was crushed.,Sadness,Negative
So let down today because our vacation was ruined by the weather. #mood,Disappointment,Negative
Update: the blender keeps disconnecting!!,Disappointment,Negative
The training was lovely and full of character.,Joy,Positive
"Not horrible, not fabulous. The cashier was just okay.",Ambivalence,Neutral
I thought the train station was absolutely beautiful.,Joy,Positive
"Perfectly relaxed, watching the snow fall through the window.",Contentment,Positive
I felt handsome today.,Joy,Positive
"Not dull at all, much better than expected. 😊",Joy,Positive
Spending the holidays without anyone. I feel so alone.,Loneliness,Negative
Everything felt angry. 😤,Anger,Negative
So over the moon about tomorrow's meeting right now.,Joy,Positive
"Wow, my parents surprised me with a visit! I'm buzzing!",Excitement,Positive
I'll call my manager after brunch.,Neutral,Neutral
What time does the pharmacy open on Sunday?,Curiosity,Neutral
The staff did a fantastic job. #thoughts,Joy,Positive
the manager was unacceptable tbh,Anger,Negative
the waiter was delightful tbh #life,Joy,Positive
I bought this kettle last week and it makes my life so much easier.,Joy,Positive
What a problematical day. 😢,Disappointment,Negative
I thought the staff was absolutely abysmal.,Disappointment,Negative
"Not annoying at all, much better than expected.",Joy,Positive
my flight lands at six o'clock tomorrow,Neutral,Neutral
The store opens at nine.,Neutral,Neutral
i feel glad today,Joy,Positive
"honestly, thanks for the update",Neutral,Neutral
"I'm so scared, the plane hit heavy turbulence. 😢",Fear,Negative
I'm heartbroken that the summer ended and everyone went home.,Sadness,Negative
This whole thing is just damaged. 😞,Disappointment,Negative
"honestly, absolutely furious",Anger,Negative
The class covers economics and renewable energy.,Neutral,Neutral
I can't believe how gorgeous the story was! #mood,Joy,Positive
"Honestly, pretty improving.",Joy,Positive
This documentary made everything smoother.,Joy,Positive
I can't believe how cozy the city centre was! #mood,Joy,Positive
"Can't stop the tears, the old cafe closed for good.",Sadness,Negative
The post office closes at six on weekdays. #mood,Neutral,Neutral
I'm furious that they cancelled the event with no notice!,Anger,Negative
Life is good. The surprise party was a total success. 🎉,Joy,Positive
I'm so disappointed that the trip didn't live up to the hype.,Disappointment,Negative
My soup was typical today.,Ambivalence,Neutral
Feeling really anxious because the flight is taking off soon and I hate flying.,Fear,Negative
The soup was delicious but the sushi was very poor.,Ambivalence,Neutral
"It hurts so much, my grandfather passed away. 😞",Sadness,Negative
This lecture was full of surprises.,Joy,Positive
My heart is so full when I'm with my brother. 😊,Love,Positive
The ending was so typical! #weekend,Ambivalence,Neutral
Please note that the survey takes about ten minutes.,Neutral,Neutral
I felt trusty today. #weekend,Joy,Positive
Our vacation was ruined by the weather. Not what I hoped for at all.,Disappointment,Negative
can someone tell me about the resort?,Curiosity,Neutral
the manager was mediocre tbh,Disappointment,Negative
I hate the flight.,Anger,Negative
Where can I find the soundtrack?,Curiosity,Neutral
Forever grateful to the whole team for everything you did for us!!,Gratitude,Positive
Update: the schedule was updated this morning!!,Neutral,Neutral
I felt encouraging today.,Joy,Positive
This router was full of charm.,Joy,Positive
Fingers crossed for the economy next year! #mood,Hope,Positive
The acting was discredited!!,Disappointment,Negative
I felt ruinous today.,Disappointment,Negative
"absolutely revolting, the kitchen was crawling with cockroaches",Disgust,Negative
Not lovely: the breakfast.,Disappointment,Negative
"so nervous, someone was following me on the street",Fear,Negative
The speaker I ordered works perfectly.,Joy,Positive
The training was unremarkable. #mood,Ambivalence,Neutral
The training was lovely and full of laughs.,Joy,Positive
can't believe how wonderful the curry turned out,Joy,Positive
"The campsite was not smelly, but not incredible either.",Ambivalence,Neutral
"Rainy afternoon, a pot of tea and a good book: quietly happy.",Contentment,Positive
"This makes me so angry, the bank charged me hidden fees! 😢",Anger,Negative
"The curry is not divine, sadly.",Disappointment,Negative
update: the office chair is available in two sizes,Neutral,Neutral
The sushi made my day more confusing.,Disappointment,Negative
I can't thank my coach enough for the thoughtful gift. 🎉,Gratitude,Positive
I watched a documentary about ancient Rome last night.,Neutral,Neutral
"nothing to do, nowhere to be, just writing in my journal by candlelight. so content",Contentment,Positive
The backpack I ordered exceeded my expectations.,Joy,Positive
The flight let me down.,Disappointment,Negative
The latest gym made things more confusing.,Disappointment,Negative
The delivery driver was slow and full of bugs.,Disappointment,Negative
Announcement: the form has to be submitted online.,Neutral,Neutral
The post office is on the second floor next to the kitchen.,Neutral,Neutral
My neighbourhood was terrific today.,Joy,Positive
I'm working from home this week. #thoughts,Neutral,Neutral
I might lose my house and I'm shaking with fear.,Fear,Negative
Can't believe how salty the burger turned out.,Disappointment,Negative
"not noisy at all, much better than expected",Joy,Positive
Definitely lovely: the show.,Joy,Positive
How dare they? The cashier was incredibly rude to my mother!,Anger,Negative
The concert made my blood boil.,Anger,Negative
Our city centre was beautiful.,Joy,Positive
My new kettle arrived on Tuesday. #thoughts,Neutral,Neutral
Proud of myself because I ran the whole marathon.,Pride,Positive
This tour made everything easier.,Joy,Positive
"Can't sleep, too excited about the big match tonight.",Excitement,Positive
What happens inside the brain while we sleep?!!,Curiosity,Neutral
i asked my neighbour about the schedule,Neutral,Neutral
Feeling hyped today.,Excitement,Positive
your shipment will be processed on wednesday,Neutral,Neutral
This flight made everything smoother.,Joy,Positive
Sending a huge thank you to everyone who supported me for showing up for me.,Gratitude,Positive
I found the airport to be useless. #daily,Disappointment,Negative
the keyboard was unreliable tbh,Disappointment,Negative
The concert did a fantastic job.,Joy,Positive
Sending a huge thank you to my teachers for your endless support!!,Gratitude,Positive
What a dread day.,Fear,Negative
Definitely unremarkable: the tablet.,Ambivalence,Neutral
"The manager was disappointing, though the customer care was fabulous. #mood",Ambivalence,Neutral
i felt heroic today,Joy,Positive
falling in love with my boyfriend all over again,Love,Positive
update: the mattress is available in two sizes,Neutral,Neutral
What a creditable day. 🎉,Joy,Positive
"Calm and cozy today, baking bread on a slow afternoon. #life",Contentment,Positive
my pasta was worthless today,Disappointment,Negative
"Honestly, the interface was pretty seamless.",Joy,Positive
"The tour was lousy, though the experience was worthwhile. #monday",Ambivalence,Neutral
Everything felt terrified.,Fear,Negative
Would definitely recommend the airport.,Joy,Positive
Back in five minutes today!!,Neutral,Neutral
Please note that the museum offers guided tours in the morning.,Neutral,Neutral
the parking near the pharmacy is free after six,Neutral,Neutral
What a dangerous day.,Fear,Negative
"Yuck, there was a hair in my soup.",Disgust,Negative
the battery was mediocre tbh 😡,Disappointment,Negative
"So proud of everyone involved, I got promoted today.",Pride,Positive
This is so sad 😤,Sadness,Negative
I thought the hotel was absolutely mediocre.,Disappointment,Negative
"Just so you know, the store opens at nine.",Neutral,Neutral
The sandwich was not worth it.,Disappointment,Negative
This weekend was full of laughs.,Joy,Positive
The flight is taking off soon and I hate flying and I'm shaking with fear. #today,Fear,Negative
I wonder whether the manual is available in three languages.,Curiosity,Neutral
I can't believe how lovely the concert was!,Joy,Positive
My salad was unacceptable today. #daily,Anger,Negative
"so much joy today, the client loved our proposal",Joy,Positive
The class covers biology and coffee farming.,Neutral,Neutral
So intrigued about the new job right now.,Curiosity,Neutral
Our charger was fine.,Ambivalence,Neutral
The vacuum cleaner I ordered is made of stainless steel.,Neutral,Neutral
"Honestly, pretty wise.",Joy,Positive
I can't believe how fantastic the tablet was!,Joy,Positive
The staff left a terrible impression.,Disappointment,Negative
My boyfriend means the world to me.,Love,Positive
i have mixed feelings about the new job offer,Ambivalence,Neutral
I feel isolated today.,Loneliness,Negative
My puppy looks at me like I'm her whole world and I'm completely smitten.,Love,Positive
The lecture here is tiresome. 👎,Disappointment,Negative
She gave a talk about medieval castles on Monday.,Neutral,Neutral
Update: the vacuum cleaner has been flawless so far.,Joy,Positive
The manager wasted my whole afternoon.,Anger,Negative
The hotel was really alright.,Ambivalence,Neutral
"i worked so hard for this and it paid off, i gave the speech without stumbling",Pride,Positive
I found the headset to be horrible.,Disappointment,Negative
our course was worthwhile,Joy,Positive
I found the resort to be wonderful.,Joy,Positive
"part of me is excited about the new job offer, but part of me is dreading it",Ambivalence,Neutral
It was mourning!!,Sadness,Negative
Please check the curry before Friday.,Neutral,Neutral
I can't believe how fabulous the technician was! #weekend,Joy,Positive
Slow living at its best: drinking hot chocolate under a blanket.,Contentment,Positive
My heart is so full when I'm with my boyfriend.,Love,Positive
The delivery van stops at the clinic every morning.,Neutral,Neutral
"I feel sick, the bathroom was filthy.",Disgust,Negative
"honestly, pretty dignifying",Joy,Positive
Simple pleasures: tending to my plants in the sunshine. I'm perfectly content.,Contentment,Positive
"It's hard not having anyone around, eating dinner alone again.",Loneliness,Negative
The workshop made my day more confusing.,Disappointment,Negative
What an energizing day.,Excitement,Positive
the cashier was slow and full of glitches,Disappointment,Negative
So grateful that the whole family got together for dinner. 😍,Gratitude,Positive
This breakfast made everything faster. 🎉,Joy,Positive
Announcement: the shop stocks both paper and digital editions.,Neutral,Neutral
My heart is so full when I'm with my grandmother.,Love,Positive
"Delivery took three weeks, completely useless. #weekend",Disappointment,Negative
Update: the headset stopped responding again.,Disappointment,Negative
"Ugh, the cake collapsed in the oven. What a waste.",Disappointment,Negative
My new speaker is available in two sizes.,Neutral,Neutral
"Nothing to do, nowhere to be, just walking along the beach at sunset. So content.",Contentment,Positive
"can't sleep, too excited about the concert next friday",Excitement,Positive
The restaurant was a pleasure.,Joy,Positive
that was so cute,Joy,Positive
"Honestly, where is this?",Curiosity,Neutral
"Honestly, pretty worthless.",Disappointment,Negative
The cake was not really bad at all.,Joy,Positive
The tent I ordered smells terrible.,Disappointment,Negative
I wonder what the city looked like a hundred years ago.,Curiosity,Neutral
"Honestly, pretty fumed.",Anger,Negative
Everything felt criminal.,Disappointment,Negative
"Honestly, pretty trustful.",Joy,Positive
i have mixed feelings about the merger,Ambivalence,Neutral
I felt villainous today. 😞,Disappointment,Negative
The jacket I ordered has a two year warranty.,Neutral,Neutral
I'm optimistic about the future for the first time in a long while.,Hope,Positive
"What a proud moment, I made it to the finals.",Pride,Positive
Gross! The food tasted rotten.,Disgust,Negative
The parking lot is behind the building. #monday,Neutral,Neutral
This delivery driver made everything more enjoyable.,Joy,Positive
Feeling unsure today.,Ambivalence,Neutral
This whole thing is just haunted.,Fear,Negative
I'm truly thankful because the neighbours threw us a surprise party.,Gratitude,Positive
My brother works in logistics.,Neutral,Neutral
the game looked red,Neutral,Neutral
Can't believe how useless the course turned out. 👎,Disappointment,Negative
i bought this speaker last week and it is listed on the second page,Neutral,Neutral
I'm so proud that I stood up for myself! #news,Pride,Positive
Our host wasted my whole afternoon.,Anger,Negative
Our dinner was impressive.,Joy,Positive
This whole thing is just vindicated.,Joy,Positive
Our host left everyone impressed.,Joy,Positive
Laughing with old friends is the best medicine.,Joy,Positive
Our flight was top notch.,Joy,Positive
I can't thank everyone who supported me enough for all your help this year.,Gratitude,Positive
The phone made my day more confusing. 😞,Disappointment,Negative
"I worked so hard for this and it paid off, we opened our own bakery. #update",Pride,Positive
That was so scornful!,Disappointment,Negative
"My heart is racing with excitement, I ran my first ten kilometres.",Excitement,Positive
The teacher was beyond frustrating.,Anger,Negative
The tickets are available online and at the museum.,Neutral,Neutral
Quiet moment: tending to my plants in the sunshine. Life is good.,Contentment,Positive
Our film was ordinary.,Ambivalence,Neutral
It was troublesome.,Disappointment,Negative
This whole thing is just playful. #news,Joy,Positive
I appreciate every single person who stood by me this year.,Gratitude,Positive
this coffee machine came with a manual,Neutral,Neutral
It was insecure. #thoughts,Fear,Negative
Nobody makes my heart flutter like my aunt.,Love,Positive
Announcement: the road will be closed for maintenance.,Neutral,Neutral
I felt livid today.,Anger,Negative
Just thinking of my grandparents makes me smile with love.,Love,Positive
The museum is closed on Sundays. #mood,Neutral,Neutral
"I liked the course, but the lecture was underwhelming.",Ambivalence,Neutral
Our phone was fine.,Ambivalence,Neutral
Our app was smooth.,Joy,Positive
I can't believe how charming the hotel room was!!!,Joy,Positive
I used the flight this morning.,Neutral,Neutral
Best purchase I've ever had! 😊,Joy,Positive
"I can't believe it, I stood up for myself! So pumped!",Excitement,Positive
The update was grey.,Neutral,Neutral
The acting is full of laughs.,Joy,Positive
Standing tall today because I stood up for myself.,Pride,Positive
That was so despairing!,Sadness,Negative
I expected the ice cream to be dreadful but it wasn't.,Joy,Positive
"Anxiety is through the roof, the stock market crashed and I'm invested.",Fear,Negative
It was shameful.,Disappointment,Negative
Can't believe how poor the lecture turned out.,Disappointment,Negative
The steak was so underwhelming!,Disappointment,Negative
"I feel sick, the sandwich was covered in green mould.",Disgust,Negative
"Got the phone yesterday, it fell apart in a week!!",Disappointment,Negative
I wouldn't call the update intuitive.,Disappointment,Negative
My acting was very good today.,Joy,Positive
The coffee was really bland. 😡,Disappointment,Negative
Update: the toaster is worth every penny.,Joy,Positive
I thought the tour was absolutely standard.,Ambivalence,Neutral
"Honestly, pretty agonized!!",Disappointment,Negative
Can't stop smiling because my sister passed her exams.,Joy,Positive
"i believe in the treatment, better days are ahead",Hope,Positive
That was so genial!,Joy,Positive
Feeling livid about the deadline.,Anger,Negative
Honestly I'm torn about moving abroad.,Ambivalence,Neutral
I hate the commute.,Anger,Negative
The phone was slow and full of errors.,Disappointment,Negative
"Not pathetic, not gorgeous. The acting was just okay.",Ambivalence,Neutral
I thought the service was absolutely quick.,Joy,Positive
our host was beyond frustrating,Anger,Negative
"Feeling broken, my cat went missing.",Sadness,Negative
"Part of me wants to go, part of me wants to stay home.",Ambivalence,Neutral
Please confirm.,Neutral,Neutral
i cherish my kids so much,Love,Positive
Definitely poor: the sushi. 😢,Disappointment,Negative
"The cake was not horrible, but not impressive either. #thoughts",Ambivalence,Neutral
This dinner made everything more frustrating. #today,Disappointment,Negative
Everything felt cherished. 😍,Love,Positive
The new schedule is posted on the notice board. #monday,Neutral,Neutral
"Honestly, pretty burdensome.",Disappointment,Negative
Simple pleasures: writing in my journal by candlelight. I'm perfectly content.,Contentment,Positive
"Honestly, the course was pretty fabulous.",Joy,Positive
"surprisingly, the ice cream was not underwhelming at all",Joy,Positive
is it true that the deadline has been extended to next week?,Curiosity,Neutral
I'm frustrated about my birthday. 😡,Disappointment,Negative
please remember to bring your passport to the appointment,Neutral,Neutral
I'm honestly discouraged about the test. #mood,Disappointment,Negative
"Surprisingly, the lecture was not frustrating at all!",Joy,Positive
this water bottle is made of stainless steel,Neutral,Neutral
It was respectable!!,Joy,Positive
I'm blessed about the audition!!,Gratitude,Positive
The workshop looked narrow.,Neutral,Neutral
The delivery should arrive early next month.,Neutral,Neutral
Update: the jacket was delivered to the front desk.,Neutral,Neutral
Can't believe how amazing the coffee turned out.,Joy,Positive
Wonderful news today,Joy,Positive
Feeling nervous about the wedding.,Fear,Negative
What an useless day.,Disappointment,Negative
"Not impressive at all, very underwhelming.",Disappointment,Negative
The film was fantastic. #mood,Joy,Positive
"According to the schedule, the deadline has been extended to next week.",Neutral,Neutral
"Overall, the phone was okay.",Ambivalence,Neutral
"the design is ugly, avoid at all costs",Disappointment,Negative
The sushi was starved.,Disappointment,Negative
"Overall, the album was confusing.",Disappointment,Negative
"The best service ever, hands down.",Joy,Positive
the flight is daily and heavy,Neutral,Neutral
"Anxiety is through the roof, my heart was pounding after that scary noise.",Fear,Negative
i can't thank my sister enough for the wonderful advice,Gratitude,Positive
My brother works in engineering.,Neutral,Neutral
I felt sunny today.,Joy,Positive
I thought the beach was absolutely perfect. #today,Joy,Positive
"I can't sleep from anxiety, the biopsy results come tomorrow.",Fear,Negative
Buggy app and it crashes every few minutes. 👎,Disappointment,Negative
Grateful for your help today ❤️,Gratitude,Positive
today i'm terrified,Fear,Negative
I found our old photos and I just feel numb. #mood,Sadness,Negative
My new laptop has a two year warranty.,Neutral,Neutral
The train station was slow and full of bugs.,Disappointment,Negative
The airport was abysmal.,Disappointment,Negative
How does the play work?,Curiosity,Neutral
The flight looked red.,Neutral,Neutral
"Honestly, pretty creditable.",Joy,Positive
"Honestly, the breakfast was pretty atrocious.",Anger,Negative
"that is disgusting, the meat looked grey and slimy",Disgust,Negative
Falling in love with my niece all over again!!,Love,Positive
This drone arrived damaged. 👎,Disappointment,Negative
"staying positive about our plans for next year, it will work out",Hope,Positive
"It fits perfectly, so impressed.",Joy,Positive
The class was typical. #news,Ambivalence,Neutral
Feeling absolutely delighted that I paid off my last loan.,Joy,Positive
"I worked so hard for this and it paid off, I saved enough for my first car.",Pride,Positive
I'm going to the gym after work.,Neutral,Neutral
Quick question: is it right that the road will be closed for maintenance?,Curiosity,Neutral
The software update includes several bug fixes. #thoughts,Neutral,Neutral
The platform includes dark mode and Windows.,Neutral,Neutral
My brother works in legal.,Neutral,Neutral
hopeful that things will improve with the move to a new city,Hope,Positive
the dinner was incredible tbh,Joy,Positive
feeling absolutely delighted that the sun came out for the whole trip,Joy,Positive
It was aggravated. #weekend,Anger,Negative
"It's hard not having anyone around, waiting for a call that never comes.",Loneliness,Negative
I can't believe how top notch the event was! #life,Joy,Positive
"Walking along the beach at sunset, completely satisfied!!",Contentment,Positive
The app comes with file sharing and Android.,Neutral,Neutral
Worst experience ever today,Disappointment,Negative
Nothing feels better than a hug from my grandmother. #mood,Love,Positive
The team was beyond frustrating.,Anger,Negative
Update: the office chair makes my life so much easier.,Joy,Positive
This curry made everything less reliable.,Disappointment,Negative
"It's hard not having anyone around, spending the holidays without anyone. #news",Loneliness,Negative
"Overall, the customer care was frustrating. 👎",Disappointment,Negative
This train station made everything better.,Joy,Positive
Slow living at its best: watching the rain from the porch.,Contentment,Positive
i'm meeting my sister for breakfast on wednesday,Neutral,Neutral
Our acting was typical.,Ambivalence,Neutral
The repair never worked properly.,Disappointment,Negative
Honestly I'm torn about the renovation.,Ambivalence,Neutral
I can't believe how outstanding the charger was! #today,Joy,Positive
I'm so proud that I built the shelf all by myself! 😊,Pride,Positive
Gross! The meat looked grey and slimy.,Disgust,Negative
Can't believe how wonderful the coffee turned out.,Joy,Positive
"The support team was awesome, although the technician was really bad.",Ambivalence,Neutral
The staff fell apart.,Disappointment,Negative
Update: the temperature is around twenty degrees today.,Neutral,Neutral
This blender stopped responding again.,Disappointment,Negative
"Honestly, pretty kind!!",Joy,Positive
Is it true that the meeting is scheduled for Thursday afternoon?,Curiosity,Neutral
I'm terrified because the dog next door growled at me.,Fear,Negative
The latest coffee made things slower. 😤,Disappointment,Negative
Can't believe how awesome the course turned out.,Joy,Positive
Nobody makes my heart flutter like my little sister. #weekend,Love,Positive
I have to pick up the parcel on Wednesday.,Neutral,Neutral
The pizza was really typical.,Ambivalence,Neutral
I feel grateful today.,Gratitude,Positive
The concert was guilty.,Disappointment,Negative
update: the office is closed for the public holiday,Neutral,Neutral
I felt rotten today. #weekend,Disgust,Negative
Can someone confirm whether the class starts at ten?!!,Curiosity,Neutral
I felt trusted today.,Joy,Positive
"Such a peaceful evening, taking my time over a homemade breakfast.",Contentment,Positive
I wouldn't call the film captivating. 😤,Disappointment,Negative
We usually have lunch at five o'clock.,Neutral,Neutral
my colleague couldn't have been better,Joy,Positive
That was so disgusted!,Disgust,Negative
Thank you to my friends for all your help this year.,Gratitude,Positive
I can't believe how terrible the tour was. 😢,Disappointment,Negative
she is head of the legal team,Neutral,Neutral
I can't believe how abysmal the gym was.,Disappointment,Negative
Fingers crossed for the negotiations!,Hope,Positive
"Overall, the airport was mediocre. #weekend",Disappointment,Negative
"Not helpful at all, I expected much better.",Disappointment,Negative
The event was a total letdown.,Disappointment,Negative
slow living at its best: having a lazy morning with coffee,Contentment,Positive
The tool comes with macOS and offline mode.,Neutral,Neutral
Absolutely the worst pizza I can remember.,Disappointment,Negative
Can't believe how excellent the ice cream turned out.,Joy,Positive
"Such a peaceful evening, walking along the beach at sunset.",Contentment,Positive
My new desk lamp feels premium.,Joy,Positive
"Overall, the software was average.",Ambivalence,Neutral
The curry was central.,Neutral,Neutral
The headset was perfect. 🎉,Joy,Positive
The tour guide left everyone impressed.,Joy,Positive
"Honestly, the service was pretty really bad.",Disappointment,Negative
"Honestly, pretty vibrant. ❤️",Joy,Positive
My airport was pathetic today. #monday,Anger,Negative
It is a rectangular app.,Neutral,Neutral
My heart feels heavy. Our family drifted apart.,Sadness,Negative
One star for the apartment.,Disappointment,Negative
The sushi was really stale.,Disappointment,Negative
I read about the campsite yesterday.,Neutral,Neutral
"Not clean at all, I wouldn't go back.",Disappointment,Negative
The software supports both the web and Android.,Neutral,Neutral
The trip fell apart. #today,Disappointment,Negative
I can see the good and the bad in the renovation.,Ambivalence,Neutral
This whole thing is just disillusioned.,Disappointment,Negative
Our pizza was frustrating.,Disappointment,Negative
The interview was public.,Neutral,Neutral
I'm never going back. The fridge stank of rotten fish.,Disgust,Negative
This desk lamp was shipped from the local warehouse.,Neutral,Neutral
"What a proud moment, my painting sold at the exhibition.",Pride,Positive
I feel torn because of the wedding. #monday,Ambivalence,Neutral
Thank you to my sister for believing in me.,Gratitude,Positive
"Worst pizza ever, avoid.",Disappointment,Negative
the post office moved to a new building last month,Neutral,Neutral
I bought this water bottle last week and it is better than I imagined.,Joy,Positive
Honestly I'm torn about living in the city. #daily,Ambivalence,Neutral
"Honestly, pretty helpless.",Sadness,Negative
This whole thing is just obnoxious. #life,Anger,Negative
I'm devastated that I said goodbye to my childhood home.,Sadness,Negative
The launch is tomorrow and the whole team is buzzing with energy. #weekend,Excitement,Positive
My heart feels heavy. The summer ended and everyone went home.,Sadness,Negative
Feeling so sad today because my pet rabbit died.,Sadness,Negative
I wouldn't call the tablet brilliant. #life,Disappointment,Negative
"Baking bread on a slow afternoon, feeling completely at peace.",Contentment,Positive
"Honestly, pretty mindless.",Disappointment,Negative
The update was glitchy. 😢,Disappointment,Negative
I didn't get the promotion. Not what I hoped for at all.,Disappointment,Negative
heads up: the new policy applies to all employees,Neutral,Neutral
would not recommend the play,Disappointment,Negative
"The audacity of these people is beyond belief, so irritating.",Anger,Negative
Easily the worst coffee of my life.,Disappointment,Negative
"Just so you know, the office moved to the third floor.",Neutral,Neutral
"Got the vacuum cleaner yesterday, it is way too flimsy.",Disappointment,Negative
The workshop was really awful.,Disappointment,Negative
"Not very poor, not lovely. The museum was just okay. #monday",Ambivalence,Neutral
That was so thrilled!,Excitement,Positive
I'm optimistic about the peace talks.,Hope,Positive
the shipment should arrive by the end of the day,Neutral,Neutral
The concert exceeded all expectations. 👍,Joy,Positive
The beach was very poor but the train station was really good.,Ambivalence,Neutral
"My heart is racing with excitement, I learned to swim at forty.",Excitement,Positive
"It charges in minutes, absolutely love it. #monday",Joy,Positive
I'm furious that the contractor abandoned the renovation halfway!,Anger,Negative
This whole thing is just motivated.,Joy,Positive
The bathroom floor was covered in something sticky and vile. 👎,Disgust,Negative
The screen is full of stains!!,Disappointment,Negative
The steak was typical.,Ambivalence,Neutral
I wouldn't call the sushi brilliant.,Disappointment,Negative
"Sick of this, my colleague took credit for my work. Total disrespect.",Anger,Negative
can someone explain how the pyramids were built?,Curiosity,Neutral
"Grateful for everyone who helped, the whole family got together for dinner.",Gratitude,Positive
"honestly, really worried right now",Fear,Negative
our plot was incredible,Joy,Positive
the service made my day simpler,Joy,Positive
"Overall, the city centre was frustrating.",Disappointment,Negative
"Got the phone yesterday, it does not work as advertised. 👎",Disappointment,Negative
Worst day I've ever had.,Disappointment,Negative
Absolutely the worst match I can remember.,Disappointment,Negative
making plans that nobody joins. i feel so alone,Loneliness,Negative
Can't believe how buggy the keyboard turned out.,Disappointment,Negative
Forever grateful to my mentor for the wonderful advice. #weekend,Gratitude,Positive
Proud of myself because our team won the championship. 👍,Pride,Positive
"So much joy today, I got into my dream university.",Joy,Positive
"Surprisingly, the game was not awful at all!",Joy,Positive
I can't believe how shabby the resort was.,Disgust,Negative
I'm honestly hyped about the hearing.,Excitement,Positive
"so proud of everyone involved, we cleaned up the entire beach",Pride,Positive
Announcement: the parcel is out for delivery.,Neutral,Neutral
my brother works in sales,Neutral,Neutral
This whole thing is just jovial.,Joy,Positive
Standing tall today because I got into my dream university.,Pride,Positive
Really impressed by the airport.,Joy,Positive
Which day does the library close?,Curiosity,Neutral
This whole thing is just degrading!!,Disappointment,Negative
I found the neighbourhood to be worthless.,Disappointment,Negative
"Honestly, pretty agitating. #today",Disappointment,Negative
Everything felt savage.,Disappointment,Negative
"I'm livid, my colleague took credit for my work!",Anger,Negative
Update: the water bottle came with a manual.,Neutral,Neutral
The laptop was really average.,Ambivalence,Neutral
i'll be out of the office on wednesday,Neutral,Neutral
I'm meeting the client for coffee on Saturday.,Neutral,Neutral
The soup was great but the ice cream was abysmal. #daily,Ambivalence,Neutral
"My heart is pounding, the building shook during the earthquake.",Fear,Negative
the steak was so so tbh,Ambivalence,Neutral
Fantastic service today,Joy,Positive
Announcement: the shop is next to the post office.,Neutral,Neutral
what a fulfilled day,Joy,Positive
He works in the marketing department. #life,Neutral,Neutral
Easily the best book of my life.,Joy,Positive
"My heart is racing with excitement, I paid off my last loan. #daily",Excitement,Positive
"the play was underwhelming, though the documentary was fabulous",Ambivalence,Neutral
"Delivery arrived a day early, absolutely love it.",Joy,Positive
I can't believe how very poor the website was. 👎,Disappointment,Negative
Not fabulous: the play.,Disappointment,Negative
"The city centre was worthless, though the park was delightful. #monday",Ambivalence,Neutral
I have a doctor's appointment at five o'clock.,Neutral,Neutral
I can't thank my mentor enough for the thoughtful gift.,Gratitude,Positive
The manager was slow and full of delays.,Disappointment,Negative
Feeling curious about the reunion.,Curiosity,Neutral
The show was gratifying. #today,Joy,Positive
Everything felt flawed.,Disappointment,Negative
the beach was frightened,Fear,Negative
"My heart is pounding, my heart was pounding after that scary noise.",Fear,Negative
The update was slow and full of problems. #news,Disappointment,Negative
life is good. the client loved our proposal,Joy,Positive
The latest version adds file sharing and two-factor login.,Neutral,Neutral
i love my aunt more than words can say,Love,Positive
"Swinging on the porch at dusk, completely satisfied.",Contentment,Positive
I'm heartbroken that my dog died last night.,Sadness,Negative
The breakfast was so standard!,Ambivalence,Neutral
The restaurant lost our reservation. Not what I hoped for at all.,Disappointment,Negative
The acting was so unacceptable! 😢,Anger,Negative
"part of me is excited about the new manager, but part of me is dreading it",Ambivalence,Neutral
How dare they? The neighbours partied until four in the morning!,Anger,Negative
It was profitable.,Joy,Positive
So grateful that we cleaned up the entire beach.,Gratitude,Positive
the flight is full of surprises,Joy,Positive
My new hoodie is way too flimsy.,Disappointment,Negative
update: the parcel is out for delivery,Neutral,Neutral
"surprisingly, the soup was not frustrating at all",Joy,Positive
every little thing about you makes me smile and melt,Love,Positive
I asked the client about the schedule.,Neutral,Neutral
the restaurant was worth every minute,Joy,Positive
Is there a gym near the ferry station?,Curiosity,Neutral
"Feeling discouraged, the restaurant lost our reservation.",Disappointment,Negative
I'll be out of the office on Wednesday.,Neutral,Neutral
i love my family more than anything in the world ❤️,Love,Positive
"Thank you for always being there for me, it means everything.",Gratitude,Positive
What a degrading day. 😢,Disappointment,Negative
The drone I ordered is a complete waste of money.,Disappointment,Negative
This whole thing is just guilty.,Disappointment,Negative
Standing tall today because my code finally worked. #daily,Pride,Positive
"Perfectly relaxed, having a lazy morning with coffee.",Contentment,Positive
I'm so proud that I completed the coding bootcamp!!!,Pride,Positive
The tour guide was the highlight of my week.,Joy,Positive
Bitterly disappointed: I missed my train by a minute.,Disappointment,Negative
My colleague made my day.,Joy,Positive
Can't express how proud I am that I passed my driving test.,Pride,Positive
Today I'm nervous.,Fear,Negative
I feel scared because of my exam results.,Fear,Negative
The flight was mourning. #daily,Sadness,Negative
"Honestly, pretty intimidating.",Fear,Negative
The cafe is closed on Wednesdays.,Neutral,Neutral
OMG I completed the coding bootcamp!!!!,Excitement,Positive
"Not annoying at all, genuinely enjoyed it.",Joy,Positive
The service looked tall. #news,Neutral,Neutral
My grandmother recovered fully and I couldn't be happier.,Joy,Positive
The cashier was incredibly rude to my mother and I'm fuming. #life,Anger,Negative
My new headset is a complete waste of money.,Disappointment,Negative
I thought the manager was absolutely alright.,Ambivalence,Neutral
The concert was fantastic!!,Joy,Positive
Super hyped because my manager praised my work!,Excitement,Positive
The soundtrack was invincible. ❤️,Joy,Positive
It wasn't annoying at all!,Joy,Positive
worst holiday i've ever had,Disappointment,Negative
The latest version adds Linux and Android.,Neutral,Neutral
I felt positive today.,Joy,Positive
I can't wait for the product launch tomorrow!,Excitement,Positive
She gave a talk about machine learning on Monday. #thoughts,Neutral,Neutral
The neighbourhood is full of problems.,Disappointment,Negative
just thinking of my dad makes me smile with love,Love,Positive
"I can't sleep from anxiety, the stock market crashed and I'm invested.",Fear,Negative
Worst purchase I've ever had. #news,Disappointment,Negative
I read about the concert yesterday.,Neutral,Neutral
The refund should arrive next Tuesday.,Neutral,Neutral
I feel grossed out today.,Disgust,Negative
Definitely helpful: the cashier.,Joy,Positive
The show looked blue. #update,Neutral,Neutral
That was so sinister!,Fear,Negative
Does anyone know how the pyramids were built?,Curiosity,Neutral
I can't thank my mentor enough for the wonderful advice.,Gratitude,Positive
"Honestly, let me check. #today",Neutral,Neutral
praying that my recovery turns out fine,Hope,Positive
I'm optimistic about next season.,Hope,Positive
"Surprisingly, the airport was not cramped at all!",Joy,Positive
The campsite is full of charm.,Joy,Positive
"Nobody checks on me anymore, spending another weekend with nobody to call.",Loneliness,Negative
"Wow, my son graduated with honours! I'm buzzing!",Excitement,Positive
Is it true that the schedule was updated this morning?,Curiosity,Neutral
Our host was unforgettable!!,Joy,Positive
"Just so you know, registration closes at the end of the month.",Neutral,Neutral
"I'm heartbroken, I never thought it would end like this 💔",Sadness,Negative
That was so jealous!,Disappointment,Negative
Feeling psyched about my presentation.,Excitement,Positive
"The zipper broke immediately, completely useless.",Disappointment,Negative
This whole thing is just frantic. #update,Disappointment,Negative
My heart feels heavy. I said goodbye to my childhood home.,Sadness,Negative
Our staff was great.,Joy,Positive
"I worked so hard for this and it paid off, my sister passed her exams.",Pride,Positive
"So nervous, the plane hit heavy turbulence.",Fear,Negative
Can't stop smiling because I paid off my last loan.,Joy,Positive
she is head of the procurement team,Neutral,Neutral
Sending my application today and hoping for the best.,Hope,Positive
"Nobody checks on me anymore, going to bed early because nobody is around.",Loneliness,Negative
I'm furious that the support agent hung up on me! #mood,Anger,Negative
The waiter is full of laughs.,Joy,Positive
So thrilled about the trip right now.,Excitement,Positive
This whole thing is just generous.,Joy,Positive
We are having coffee at seven in the evening.,Neutral,Neutral
The latest version adds Linux and Windows.,Neutral,Neutral
The mattress I ordered was a total scam.,Disappointment,Negative
That was so easy!,Joy,Positive
I got a strange call from an unknown number and I'm shaking with fear.,Fear,Negative
They are discussing the request in the logistics meeting.,Neutral,Neutral
Can't believe how worthless the laptop turned out.,Disappointment,Negative
I'm reading a book about coffee farming.,Neutral,Neutral
The office chair I ordered looks and works great!!,Joy,Positive
"Honestly, pretty magnificent.",Joy,Positive
She is head of the marketing team.,Neutral,Neutral
This whole thing is just honored.,Pride,Positive
"The ending was fantastic, although the acting was mediocre.",Ambivalence,Neutral
"Not noisy at all, I'm actually impressed. #update",Joy,Positive
The game was not superb.,Disappointment,Negative
Falling in love with my dad all over again.,Love,Positive
I have to call the bank on Friday.,Neutral,Neutral
I can't believe how undercooked the ice cream was. #life,Disgust,Negative
"Honestly, average.",Ambivalence,Neutral
Everything felt invigorating. #monday,Joy,Positive
Life is simple and I am comfortable and serene.,Contentment,Positive
I left my umbrella at the bakery.,Neutral,Neutral
i'm so proud that we finally finished the project,Pride,Positive
That was so precious!!!,Joy,Positive
Can't stop smiling because our baby took her first steps!!,Joy,Positive
i can't thank my mentor enough for believing in me,Gratitude,Positive
Feeling hopeful about our plans for next year!!,Hope,Positive
Our curry was so so. #update,Ambivalence,Neutral
The parking near the bakery is free after six.,Neutral,Neutral
trying to figure out what the first computers looked like,Curiosity,Neutral
The tour guide was pure magic.,Joy,Positive
"I liked the album, but the plot was overhyped.",Ambivalence,Neutral
The keyboard I ordered stopped charging within a week.,Disappointment,Negative
the battery is full of charm,Joy,Positive
How do I get to the bakery from the ferry stop?,Curiosity,Neutral
My grandfather passed away and I just feel numb. 😢,Sadness,Negative
Nobody makes my heart flutter like my grandparents. 🎉,Love,Positive
the tour was neither awesome nor awful,Ambivalence,Neutral
"Battery lasts all day, five stars.",Joy,Positive
Standing tall today because I built the shelf all by myself.,Pride,Positive
So excited for the big match tonight!,Excitement,Positive
The salad was slow and full of scratches.,Disappointment,Negative
"I liked the receptionist, but the manager was lousy.",Ambivalence,Neutral
I found the coffee to be really bad.,Disappointment,Negative
The curry is manual and open.,Neutral,Neutral
So afraid about tomorrow's meeting right now.,Fear,Negative
"I believe in my health, better days are ahead.",Hope,Positive
the research team sent an update next tuesday,Neutral,Neutral
Today I'm furious.,Anger,Negative
Forever grateful to my parents for everything you did for us.,Gratitude,Positive
Please check the support team before Friday!!,Neutral,Neutral
The museum moved to a new building last month!!,Neutral,Neutral
Honestly not helpful.,Disappointment,Negative
The latest flight made things clunkier.,Disappointment,Negative
I watched a documentary about renewable energy last night.,Neutral,Neutral
Can't believe how very good the journey turned out.,Joy,Positive
"It was an ordinary morning, nothing much happened. #life",Neutral,Neutral
Trying to figure out what lives at the bottom of the ocean.,Curiosity,Neutral
Announcement: the class starts at ten.,Neutral,Neutral
The salad was neither terrific nor horrible.,Ambivalence,Neutral
Feeling livid today. 😤,Anger,Negative
Update: the drone is better than I imagined.,Joy,Positive
"honestly, pretty innovative",Joy,Positive
"Lying in the hammock, listening to the birds, not a worry in sight.",Contentment,Positive
"I feel sick, the shower drain was clogged with hair.",Disgust,Negative
I'm hurt about the trip. #update,Sadness,Negative
The game was not worth it. 👎,Disappointment,Negative
I hate the weekend.,Anger,Negative
Everything felt intimidated. #thoughts,Fear,Negative
The manager will send the agenda on Friday.,Neutral,Neutral
My keyboard was confusing today.,Disappointment,Negative
They are discussing the plan in the HR meeting.,Neutral,Neutral
i'll call my neighbour after breakfast,Neutral,Neutral
So fed up about the new job right now.,Anger,Negative
Counting down the days until my first day at the new job!,Excitement,Positive
What a worsening day.,Disappointment,Negative
Feeling devastated about the wedding.,Sadness,Negative
I found the view to be useless. #life,Disappointment,Negative
The dessert wasn't divine at all.,Disappointment,Negative
The trip was an absolute mess.,Disappointment,Negative
The pasta was so delicious!,Joy,Positive
Best class I've ever had! 😊,Joy,Positive
So scared about tomorrow's meeting right now. #news,Fear,Negative
I cherish my wife so much.,Love,Positive
It was innovative.,Joy,Positive
"Calm and cozy today, swinging on the porch at dusk.",Contentment,Positive
I'm proud about the party.,Pride,Positive
our support team was courteous,Joy,Positive
"perfectly relaxed, listening to the birds in the park",Contentment,Positive
i thought the novel was absolutely unremarkable,Ambivalence,Neutral
That was so smiling!!!,Joy,Positive
"Sitting alone in my room again, nobody to call. 👎",Loneliness,Negative
The train station looked third!!,Neutral,Neutral
The headset I ordered does not work as advertised. #news,Disappointment,Negative
Feeling really anxious because the stock market crashed and I'm invested.,Fear,Negative
I'm devastated that the funeral was today.,Sadness,Negative
Proud of myself because I got into my dream university. #mood,Pride,Positive
"My heart is pounding, my son hasn't come home yet. 😡",Fear,Negative
I'm so disappointed that my exam went terribly.,Disappointment,Negative
"What a proud moment, we opened our own bakery.",Pride,Positive
The class was lovely and full of laughs!!,Joy,Positive
So excited for my first day at the new job!,Excitement,Positive
This whole thing is just disastrous.,Disappointment,Negative
"got the keyboard yesterday, it is listed on the second page",Neutral,Neutral
Can't believe how terrific the game turned out.,Joy,Positive
the library closes at six on weekdays,Neutral,Neutral
the train station was fabulous tbh,Joy,Positive
"Perfectly relaxed, watching the sunset from the balcony.",Contentment,Positive
The latest game made things worse.,Disappointment,Negative
We are having brunch at ten thirty.,Neutral,Neutral
Quiet moment: cooking a slow Sunday lunch. Life is good.,Contentment,Positive
The interface is full of delays.,Disappointment,Negative
"I can't believe it, I saved enough for my first car! So pumped!",Excitement,Positive
The repair went above and beyond. ❤️,Joy,Positive
The exam is tomorrow and I'm not ready and I'm shaking with fear.,Fear,Negative
the laptop i ordered works perfectly,Joy,Positive
Our website was fast.,Joy,Positive
The battery was slow and full of lies. 😞,Disappointment,Negative
"It fits perfectly, highly recommend.",Joy,Positive
This whole thing is just noble.,Joy,Positive
I'll be at the office until five o'clock!!,Neutral,Neutral
The post office moved to a new building last month. #update,Neutral,Neutral
Message sent today #mood,Neutral,Neutral
Absolutely the worst meal I can remember.,Disappointment,Negative
I felt cheering today.,Joy,Positive
My cafe was unacceptable today.,Anger,Negative
We are reviewing the draft and will get back to you. #news,Neutral,Neutral
"I nearly vomited, the man spat on the pavement next to me.",Disgust,Negative
This whole thing is just miserable.,Sadness,Negative
i signed up for a class on saturday,Neutral,Neutral
i moved to osaka last year,Neutral,Neutral
"I can't believe it, the neighbours partied until four in the morning. Absolutely unacceptable! #today",Anger,Negative
Everything felt exasperated.,Anger,Negative
"Worst weekend ever, avoid.",Disappointment,Negative
The interview was worthwhile but the flight was chaotic.,Ambivalence,Neutral
The latest game made things better.,Joy,Positive
I can't believe how excellent the interface was!,Joy,Positive
Is the sushi worth checking out?,Curiosity,Neutral
The event here is well organized.,Joy,Positive
I felt regrettable today.,Disappointment,Negative
"This makes me so angry, the neighbours partied until four in the morning!!!",Anger,Negative
I expected the city centre to be horrible but it wasn't.,Joy,Positive
I found the ending to be frustrating.,Disappointment,Negative
The weekend looked northern.,Neutral,Neutral
So let down today because the trip didn't live up to the hype.,Disappointment,Negative
Please note that the exhibition runs until the end of June.,Neutral,Neutral
not sure how to feel about the merger,Ambivalence,Neutral
"I'm so scared, I might lose my house.",Fear,Negative
We are reviewing the quote and will get back to you.,Neutral,Neutral
Update: the blender feels premium.,Joy,Positive
Hopeful that things will improve with next season.,Hope,Positive
the latest update made things better,Joy,Positive
Can't believe how awful the hotel room turned out. #thoughts,Disappointment,Negative
the teacher was a real treat,Joy,Positive
Ew. The smell from the garbage was unbearable. I can't unsee it.,Disgust,Negative
"That is disgusting, the man spat on the pavement next to me.",Disgust,Negative
It was traumatic.,Sadness,Negative
I wouldn't call the service helpful.,Disappointment,Negative
Standing tall today because my article got published.,Pride,Positive
"Calm and cozy today, taking my time over a homemade breakfast.",Contentment,Positive
It was degraded.,Disappointment,Negative
This whole thing is just lighthearted. 😊,Joy,Positive
The delivery driver was neither fantastic nor frustrating.,Ambivalence,Neutral
What a regretful day.,Disappointment,Negative
This office chair has a two year warranty. #today,Neutral,Neutral
Is the post office open today?,Curiosity,Neutral
"It fits perfectly, five stars.",Joy,Positive
Update: the blender came with a manual.,Neutral,Neutral
Can't believe how inattentive the cashier turned out.,Disappointment,Negative
Great customer care: they resolved my complaint right away!!!,Joy,Positive
"What a letdown, the project got cancelled after months of work!!",Disappointment,Negative
The campsite was national.,Neutral,Neutral
Today I'm grossed out. 😢,Disgust,Negative
Best book I've had in years.,Joy,Positive
Quiet moment: drinking hot chocolate under a blanket. Life is good.,Contentment,Positive
What an influential day.,Joy,Positive
"Such a peaceful evening, reading in the garden.",Contentment,Positive
The match was neither incredible nor exhausting.,Ambivalence,Neutral
Can you tell me where the nearest cafe is?,Curiosity,Neutral
the campsite is full of delays,Disappointment,Negative
The dinner here is disappointing.,Disappointment,Negative
"Honestly, pretty chaotic.",Disappointment,Negative
"Not reliable at all, very underwhelming.",Disappointment,Negative
"Not depressing, not amazing. The park was just okay.",Ambivalence,Neutral
My cat went missing and I just feel numb.,Sadness,Negative
I can't believe how perfectly cooked the salad was!,Joy,Positive
That was so outrageous!,Anger,Negative
I cherish my brother so much.,Love,Positive
It was grim.,Sadness,Negative
"What a proud moment, I gave the speech without stumbling.",Pride,Positive
reminder: the app is available on both android and ios,Neutral,Neutral
Waking up next to you is my favourite part of every day.,Love,Positive
My airport was excellent today!!,Joy,Positive
I'm never going back. The meat looked grey and slimy.,Disgust,Negative
"Full belly, warm bed, quiet mind. Content!!",Contentment,Positive
What a woeful day.,Sadness,Negative
Thank you to my coach for being there when I needed you. 👍,Gratitude,Positive
It was bitter.,Disappointment,Negative
Can't believe how overpriced the gym turned out.,Disappointment,Negative
Can't believe how terrific the apartment turned out.,Joy,Positive
I bought this blender last week and it is a complete waste of money.,Disappointment,Negative
I can't believe how delightful the city centre was!,Joy,Positive
"I liked the plot, but the show was shallow. #mood",Ambivalence,Neutral
It was heavyhearted.,Disappointment,Negative
"The curry was atrocious, though the coffee was superb.",Ambivalence,Neutral
Super hyped because I paid off my last loan! #monday,Excitement,Positive
I thought the neighbourhood was absolutely ordinary.,Ambivalence,Neutral
The update is compatible with offline mode and PDF export.,Neutral,Neutral
Honestly not enjoyable.,Disappointment,Negative
Can't believe how superb the class turned out. #update,Joy,Positive
"i'm worried sick, the flight is taking off soon and i hate flying",Fear,Negative
I love my twin more than words can say.,Love,Positive
"Honestly, the delivery driver was pretty dreadful.",Disappointment,Negative
The pasta was cold but the curry was great.,Ambivalence,Neutral
The tour was ungrateful!!,Anger,Negative
Definitely standard: the film.,Ambivalence,Neutral
The city centre has been updated.,Neutral,Neutral
"Not tasty at all, very underwhelming.",Disappointment,Negative
"Overall, the technician was outstanding.",Joy,Positive
"I'm over the moon, the rain finally stopped in time for the wedding!!!",Joy,Positive
"Support never replied, total garbage. #daily",Disappointment,Negative
The book has fifteen chapters and an index. #life,Neutral,Neutral
"the album was thrilling, although the movie was mediocre",Ambivalence,Neutral
"it was an ordinary morning, nothing much happened",Neutral,Neutral
"Great purchase, would buy again! ❤️",Joy,Positive
"Grateful for everyone who helped, I paid off my last loan.",Gratitude,Positive
I hate the hotel.,Anger,Negative
Feeling hopeful today. #update,Hope,Positive
Reminder: the shop stocks both paper and digital editions.,Neutral,Neutral
I can't believe how really good the lecture was!,Joy,Positive
Definitely ordinary: the curry.,Ambivalence,Neutral
"FYI, the webinar covers the basics of budgeting.",Neutral,Neutral
Feeling disgusted about tomorrow's meeting.,Disgust,Negative
My new water bottle requires two batteries.,Neutral,Neutral
"Honestly, i'm so scared",Fear,Negative
I felt clever today.,Joy,Positive
The keyboard was so superb!,Joy,Positive
"It was an ordinary morning, nothing much happened.",Neutral,Neutral
I feel delighted today.,Joy,Positive
"Not inattentive, not wonderful. The customer care was just okay.",Ambivalence,Neutral
"Thank you all, the whole family got together for dinner and I owe it to you.",Gratitude,Positive
The meeting is at half past two tomorrow.,Neutral,Neutral
i'm reading a book about jazz history,Neutral,Neutral
The service was a breath of fresh air. #life,Joy,Positive
The cashier was thrilling.,Excitement,Positive
The event ruined everything.,Anger,Negative
"Honestly, pretty delicious.",Joy,Positive
"Got the headset yesterday, it feels premium.",Joy,Positive
I felt marvelous today.,Joy,Positive
Does anyone know if the new policy applies to all employees? #daily,Curiosity,Neutral
"Enough is enough, the cashier was incredibly rude to my mother!",Anger,Negative
My heart feels heavy. My dog died last night.,Sadness,Negative
So stressed about the storm right now. 😢,Fear,Negative
The jacket I ordered is nothing like the pictures. 😡,Disappointment,Negative
The laptop was really superb.,Joy,Positive
I found the staff to be ordinary.,Ambivalence,Neutral
"I liked the journey, but the class was tiresome.",Ambivalence,Neutral
The latest delivery driver made things smoother.,Joy,Positive
Do you know if the gym is open on Sunday?,Curiosity,Neutral
I found the journey to be incredible.,Joy,Positive
"terrible coffee, never again",Disappointment,Negative
what a trusted day,Joy,Positive
My heart was pounding after that scary noise and I'm shaking with fear. 😡,Fear,Negative
"Overall, the sandwich was bland.",Disappointment,Negative
This app made everything more reliable. 😍,Joy,Positive
I felt infected today.,Disgust,Negative
"Not good at all, very underwhelming.",Disappointment,Negative
What a fabulous day.,Joy,Positive
"Wow, my painting sold at the exhibition! I'm buzzing!",Excitement,Positive
Thrilled about my first day at the new job!,Excitement,Positive
Sending a huge thank you to the whole team for showing up for me.,Gratitude,Positive
Best concert I've ever had!,Joy,Positive
The concert left everyone impressed.,Joy,Positive
I watched a documentary about medieval castles last night.,Neutral,Neutral
"The customer care was brilliant, although the service was really bad.",Ambivalence,Neutral
What a defective day.,Disappointment,Negative
Do not bother with the cake.,Disappointment,Negative
"So proud of everyone involved, I completed the coding bootcamp. ❤️",Pride,Positive
The interface was blue.,Neutral,Neutral
"Overall, the charger was terrific.",Joy,Positive
so excited for our wedding next month,Excitement,Positive
Everything felt intelligent.,Joy,Positive
"Anxiety is through the roof, someone was following me on the street.",Fear,Negative
the parking near the pool is free after six,Neutral,Neutral
Bitterly disappointed: I got rejected from my dream job.,Disappointment,Negative
This burger made everything more confusing.,Disappointment,Negative
"Sick of this, they cancelled the event with no notice. Total disrespect.",Anger,Negative
Bus number 12 stops at the corner of Main Street.,Neutral,Neutral
Super hyped because I completed the coding bootcamp!,Excitement,Positive
Not sure how to feel about the renovation.,Ambivalence,Neutral
Please note that the new policy applies to all employees.,Neutral,Neutral
I'm undecided about the new manager. #life,Ambivalence,Neutral
i'll call the client after brunch,Neutral,Neutral
The gym was slow and full of complaints.,Disappointment,Negative
Our airport was clean. #weekend,Joy,Positive
honestly not impressive,Disappointment,Negative
"It doesn't fit at all, very disappointed.",Disappointment,Negative
What a cruel day. 👎,Anger,Negative
"Just me again, spending another weekend with nobody to call.",Loneliness,Negative
The cashier was frustrating.,Disappointment,Negative
The hotel room made my day better.,Joy,Positive
The class covers economics and medieval castles.,Neutral,Neutral
OMG I paid off my last loan!!,Excitement,Positive
"I adore my brother, always will.",Love,Positive
"Honestly, pretty honored. 😍",Pride,Positive
The dessert was revered. 👍,Joy,Positive
I'm so proud that I got the job offer!,Pride,Positive
I'm sick and tired of being ignored by this company 😡 😞,Anger,Negative
this water bottle is listed on the second page,Neutral,Neutral
I read about the album yesterday!!,Neutral,Neutral
"Ugh, the sequel was a letdown. What a waste.",Disappointment,Negative
So overwhelmed about the test right now. #thoughts,Sadness,Negative
I felt offending today. #today,Disappointment,Negative
I cherish my boyfriend so much.,Love,Positive
I found the hotel to be impressive.,Joy,Positive
The headset I ordered is worth every penny.,Joy,Positive
What a vile day.,Disgust,Negative
I feel miserable today.,Sadness,Negative
is it true that the city council meets on monday evening?,Curiosity,Neutral
The story here is superb.,Joy,Positive
Our film was overhyped.,Disappointment,Negative
"I can't sleep from anxiety, the exam is tomorrow and I'm not ready.",Fear,Negative
Can't believe how atrocious the hotel room turned out.,Anger,Negative
What is the story behind the support team?,Curiosity,Neutral
I have mixed feelings about the new office.,Ambivalence,Neutral
Update: the laptop is way too flimsy.,Disappointment,Negative
Our battery was intuitive.,Joy,Positive
So sickened about my exam results right now.,Disgust,Negative
The gym was lovely and full of surprises.,Joy,Positive
"Honestly, ok, noted. #mood",Neutral,Neutral
"FYI, the team met with the vendor yesterday.",Neutral,Neutral
Can't believe how welcoming the manager turned out.,Joy,Positive
"Honestly, everything hurts",Sadness,Negative
Who is in charge of the pharmacy? #news,Curiosity,Neutral
"So lonely tonight, talking to the walls again.",Loneliness,Negative
Message sent.,Neutral,Neutral
Honestly the concert was not very very good.,Disappointment,Negative
"Just so you know, the exhibition runs until the end of June. #today",Neutral,Neutral
Honestly the pizza was not very really good.,Disappointment,Negative
"Nobody checks on me anymore, watching everyone else with their friends.",Loneliness,Negative
Today I'm overjoyed. #today,Joy,Positive
The driver was simply wonderful.,Joy,Positive
Update: the blender is made of stainless steel.,Neutral,Neutral
It was sunny.,Joy,Positive
Update: the backpack was delivered to the front desk.,Neutral,Neutral
I thought the steak was absolutely underwhelming.,Disappointment,Negative
I felt miserable today.,Sadness,Negative
The soundtrack was harmonic.,Joy,Positive
The drone I ordered looks and works great.,Joy,Positive
What a disappointed day.,Disappointment,Negative
i bought this water bottle last week and it was delivered to the front desk,Neutral,Neutral
"Honestly, pretty unsavory.",Disappointment,Negative
Feeling cheerful about the game tonight.,Joy,Positive
i bought this drone last week and it stopped working after two days,Disappointment,Negative
My dog means the world to me.,Love,Positive
"Great app, setup took two minutes and it just works.",Joy,Positive
"Sick of this, he lied to my face. Total disrespect.",Anger,Negative
Yay! The surprise party was a total success!,Joy,Positive
The latest resort made things more enjoyable.,Joy,Positive
How do I get to the bank from the bike stop?,Curiosity,Neutral
The support team is national and green.,Neutral,Neutral
"The screen cracked on day one, avoid at all costs.",Disappointment,Negative
I feel delighted because of the new school.,Joy,Positive
buggy app: it crashes every few minutes,Disappointment,Negative
I can't wait for the new season of my favourite show!,Excitement,Positive
"Such a peaceful evening, sitting by the fire with a book. #daily",Contentment,Positive
The wildfire is getting closer to our town and I'm shaking with fear.,Fear,Negative
best haircut i've had in years,Joy,Positive
I can't believe how atrocious the interface was.,Anger,Negative
the ending was impressive tbh,Joy,Positive
"Just me again, waiting for a call that never comes.",Loneliness,Negative
The pool closes at six on weekdays. #mood,Neutral,Neutral
"i liked the park, but the city centre was underwhelming",Ambivalence,Neutral
Definitely fantastic: the tour.,Joy,Positive
The new schedule is posted on the notice board!!,Neutral,Neutral
I can't believe how amazing the movie was!,Joy,Positive
"Honestly, pretty furious.",Anger,Negative
I expected the lecture to be abysmal but it wasn't.,Joy,Positive
that was so marvelous,Joy,Positive
I can't thank everyone who supported me enough for showing up for me. 👍,Gratitude,Positive
"So mad right now, my landlord raised the rent again.",Anger,Negative
The weekend was slow and full of bugs. #daily,Disappointment,Negative
"my dad walked me down the aisle, and i know how proud he is",Pride,Positive
This whole thing is just violent. 👎,Disappointment,Negative
Going to bed early because nobody is around. I wish someone would call. #thoughts,Loneliness,Negative
I can't thank my sister enough for all your help this year. 🎉,Gratitude,Positive
"Overall, the curry was fantastic. 🎉",Joy,Positive
"Not disappointing at all, much better than expected.",Joy,Positive
I read that the bridge connects the two districts.,Neutral,Neutral
I'm meeting my cousin for breakfast on Monday.,Neutral,Neutral
It is a red show. #life,Neutral,Neutral
I bought this speaker last week and it was shipped from the local warehouse.,Neutral,Neutral
"Watching my daughter sleep, my heart could burst with love.",Love,Positive
that was so neglected,Loneliness,Negative
I can't believe how enjoyable the trip was!,Joy,Positive
The class covers history and bird migration.,Neutral,Neutral
It was genial.,Joy,Positive
It was great.,Joy,Positive
Everything felt problematical. 😤,Disappointment,Negative
Definitely nightmarish: the event.,Disappointment,Negative
"Feeling isolated, sitting at a table for one.",Loneliness,Negative
Brilliant course: I learned more than I expected!,Joy,Positive
i have to update my resume on friday,Neutral,Neutral
I bought this phone last week and it comes in three colours.,Neutral,Neutral
"Feeling discouraged, the game was postponed once more.",Disappointment,Negative
Poor fit and it looks cheap and feels worse.,Disappointment,Negative
"Feeling isolated, coming home to a silent house.",Loneliness,Negative
"Honestly, pretty crying.",Sadness,Negative
Really bad today,Disappointment,Negative
"The neighbourhood was cramped, though the city centre was awesome.",Ambivalence,Neutral
Disgraceful behaviour,Anger,Negative
The support team was so impressive!,Joy,Positive
can't believe how brilliant the salad turned out,Joy,Positive
The customer care here is incompetent.,Anger,Negative
So undecided about the wedding right now.,Ambivalence,Neutral
I bought this toaster last week and it is way too flimsy. 😞,Disappointment,Negative
What a powerful day.,Joy,Positive
the documentary was perfect tbh #today,Joy,Positive
That was so profitable!,Joy,Positive
"So nervous, the dog next door growled at me.",Fear,Negative
Reminder: the new policy applies to all employees.,Neutral,Neutral
"I liked the training, but the class was frustrating.",Ambivalence,Neutral
the invoice should arrive sometime this week,Neutral,Neutral
The salad is full of scratches.,Disappointment,Negative
The campsite was liked.,Joy,Positive
The dumpster smelled so foul I nearly threw up 🤢,Disgust,Negative
So grateful that I gave the speech without stumbling.,Gratitude,Positive
Everything felt ungrateful. #monday,Anger,Negative
So psyched about the game tonight right now. 👍,Excitement,Positive
Hopeful that things will improve with the economy next year.,Hope,Positive
I'm meeting a friend for lunch on Wednesday.,Neutral,Neutral
"Honestly, pretty harassed. 😞",Disappointment,Negative
The class was grim.,Sadness,Negative
"Feeling broken, I got the sad news this morning!!",Sadness,Negative
"Support never replied, what a joke.",Disappointment,Negative
My new office chair fell apart in a week. #life,Disappointment,Negative
"overall, the keyboard was superb",Joy,Positive
I felt exciting today.,Excitement,Positive
This watch has a two year warranty!!,Neutral,Neutral
That was so winning! #monday,Joy,Positive
"Honestly, pretty frightful!!",Fear,Negative
Sending a huge thank you to my parents for your endless support.,Gratitude,Positive
Ew. The man spat on the pavement next to me. I can't unsee it. 😞,Disgust,Negative
I felt classy today.,Joy,Positive
"The delivery driver was attentive, although the support team was horrible.",Ambivalence,Neutral
Can't believe how lousy the pizza turned out.,Disappointment,Negative
The battery here is fine.,Ambivalence,Neutral
It was weeping.,Sadness,Negative
It was invigorating!!,Joy,Positive
"Hopeful that the treatment will work, the doctors seem confident.",Hope,Positive
This whole thing is just proud.,Pride,Positive
The customer care made my day more frustrating.,Disappointment,Negative
"I'm livid, the driver ran the red light and nearly hit me!",Anger,Negative
I picked up the parcel from the post office this morning.,Neutral,Neutral
I got the job offer and I couldn't be happier.,Joy,Positive
Update: the office chair is better than I imagined.,Joy,Positive
This whole thing is just breathtaking.,Joy,Positive
everything felt appalled,Disappointment,Negative
This whole thing is just ambitious. #monday,Joy,Positive
Please remember to bring the documents to the appointment!!,Neutral,Neutral
the class made my day clunkier,Disappointment,Negative
Trying to figure out how the stock market works.,Curiosity,Neutral
It is a tall keyboard.,Neutral,Neutral
Is there a post office near the ferry station?,Curiosity,Neutral
"The customer care was mediocre, though the staff was fantastic.",Ambivalence,Neutral
"The support team was poor, though the delivery driver was lovely.",Ambivalence,Neutral
The tablet was sluggish but the battery was really good.,Ambivalence,Neutral
"Not helpful at all, quite a letdown. 😞",Disappointment,Negative
"Honestly, so happy right now",Joy,Positive
"Delivery took three weeks, total garbage.",Disappointment,Negative
The course was comfortable!!,Contentment,Positive
The park is full of creativity.,Joy,Positive
Celebrating my birthday by myself. I wish someone would call.,Loneliness,Negative
i sent the quote to the logistics department,Neutral,Neutral
This support team made everything more frustrating. 👎,Disappointment,Negative
"The journey was stressful, though the training was perfect.",Ambivalence,Neutral
I'd love to learn how bees make honey.,Curiosity,Neutral
The trip couldn't have been better.,Joy,Positive
"Surprisingly, the ending was not dull at all!",Joy,Positive
I bought this headset last week and it came with a manual.,Neutral,Neutral
"the pasta was bad, though the pizza was terrific",Ambivalence,Neutral
What a fumed day. 😤,Anger,Negative
so let down today because my flight got cancelled,Disappointment,Negative
we usually have lunch at half past two,Neutral,Neutral
my new jacket requires two batteries,Neutral,Neutral
I thought the match was absolutely mediocre. #daily,Disappointment,Negative
"The design is beautiful, so impressed.",Joy,Positive
The camera here is wonderful.,Joy,Positive
I'm optimistic about the move to a new city.,Hope,Positive
"Got the coffee machine yesterday, it was a total scam.",Disappointment,Negative
Poor quality,Disappointment,Negative
I need to call the bank before the end of the month.,Neutral,Neutral
The breakfast was slow and full of problems.,Disappointment,Negative
I found the delivery driver to be clueless.,Disappointment,Negative
I can't stop praising the coffee.,Joy,Positive
The whole experience was the worst part of my week.,Disappointment,Negative
The news left me utterly heartbroken.,Sadness,Negative
The contractor abandoned the renovation halfway and I'm fuming. 😢,Anger,Negative
This movie was full of creativity. #update,Joy,Positive
"Overall, the tablet was poor.",Disappointment,Negative
It was shattered.,Sadness,Negative
We talked about the soup in the meeting. #monday,Neutral,Neutral
I'm reading a book about the French revolution.,Neutral,Neutral
"Got the hoodie yesterday, it smells terrible.",Disappointment,Negative
This park was full of flavour.,Joy,Positive
The gym was not charming.,Disappointment,Negative
My new headset was a total scam. #mood,Disappointment,Negative
"Graduated with honours today, and the whole family is beaming with pride!",Pride,Positive
The salad was pathetic.,Anger,Negative
Our class was lovely.,Joy,Positive
Can't believe how impressive the neighbourhood turned out. 😊,Joy,Positive
Can't stop smiling because we cleaned up the entire beach.,Joy,Positive
I expected the journey to be disorganized but it wasn't.,Joy,Positive
The waiter was failing.,Disappointment,Negative
I found the screen to be atrocious. 😢,Anger,Negative
The tool includes two-factor login and iOS.,Neutral,Neutral
"Anxiety is through the roof, the flight is taking off soon and I hate flying.",Fear,Negative
She is head of the research team.,Neutral,Neutral
I can't believe how burnt the ice cream was. 😢,Disappointment,Negative
I cherish my partner so much.,Love,Positive
The parking near the bank is free after six.,Neutral,Neutral
This whole thing is just broken. 😡,Disappointment,Negative
"Yuck, the man spat on the pavement next to me!!",Disgust,Negative
The park made my day faster.,Joy,Positive
"i worked so hard for this and it paid off, my son graduated with honours",Pride,Positive
Worst phone I've ever had.,Disappointment,Negative
"The sound is crystal clear, five stars. #thoughts",Joy,Positive
"What a proud moment, we won the science fair.",Pride,Positive
"honestly, lunch at one?",Neutral,Neutral
"Nothing to do, nowhere to be, just watching the rain from the porch. So content. 🎉",Contentment,Positive
Please remember to bring the receipt to the appointment. #mood,Neutral,Neutral
it was passionless,Disappointment,Negative
this sushi was full of errors,Disappointment,Negative
I felt poor today.,Disappointment,Negative
"Grateful for everyone who helped, we got the keys to our first home.",Gratitude,Positive
The phone was lovely and full of creativity. #news,Joy,Positive
"The steak was pathetic, though the pizza was excellent.",Ambivalence,Neutral
Our host went above and beyond.,Joy,Positive
The vacuum cleaner I ordered is better than I imagined.,Joy,Positive
Every day with my kids is a gift and I'm so in love. 🎉,Love,Positive
How does the flight work?,Curiosity,Neutral
The city announced new bus routes for the downtown area.,Neutral,Neutral
That was so dreaded! 😡,Fear,Negative
The city centre was perfect.,Joy,Positive
Which day does the clinic close?,Curiosity,Neutral
The commute was lovely and full of energy.,Joy,Positive
i'm having dinner with my manager tomorrow,Neutral,Neutral
OMG I got promoted today!!,Excitement,Positive
The order should arrive sometime this week.,Neutral,Neutral
Do not bother with the neighbourhood.,Disappointment,Negative
"I'm livid, the support agent hung up on me!",Anger,Negative
"Overall, the documentary was captivating.",Joy,Positive
"Feeling discouraged, I got rejected from my dream job.",Disappointment,Negative
The repair wasted my whole afternoon.,Anger,Negative
can't believe how poor the pizza turned out,Disappointment,Negative
The train station is a ten minute walk from here.,Neutral,Neutral
Terrible customer service and nobody answered my calls.,Disappointment,Negative
Update: the kettle arrived earlier than promised.,Joy,Positive
"Not fun at all, I expected much better.",Disappointment,Negative
"I'm thrilled, I finished my degree! What's next?!!",Excitement,Positive
Forever grateful to everyone who supported me for everything you did for us. 😊,Gratitude,Positive
Thank you to my friends for your endless support.,Gratitude,Positive
Best concert I've had in years.,Joy,Positive
"It hurts so much, my best friend moved away.",Sadness,Negative
This whole thing is just intimidating.,Fear,Negative
we are having breakfast at six o'clock,Neutral,Neutral
I felt insipid today.,Disappointment,Negative
the battery looked black,Neutral,Neutral
How dare they? The support agent hung up on me!,Anger,Negative
"What a letdown, I missed my train by a minute. #mood",Disappointment,Negative
"Nothing works properly, completely useless.",Disappointment,Negative
Can't believe how tasteless the coffee turned out.,Disappointment,Negative
The curry made my day less reliable.,Disappointment,Negative
The screen was not worthless at all.,Joy,Positive
Can someone tell me about the technician?,Curiosity,Neutral
The staff was the worst part of my week. 😞,Disappointment,Negative
The teacher exceeded all expectations.,Joy,Positive
"Ok, noted today!!",Neutral,Neutral
That was so fatal!,Disappointment,Negative
I'm so happy that I paid off my last loan!,Joy,Positive
"Honestly, pretty favored.",Joy,Positive
That was so enlightened! 👍,Joy,Positive
The pasta was rejected.,Loneliness,Negative
What a supreme day. 😍,Joy,Positive
Easily the worst match of my life.,Disappointment,Negative
Very happy with the documentary.,Joy,Positive
"Grateful for everyone who helped, my best friend got engaged.",Gratitude,Positive
Can someone explain how electric cars work?,Curiosity,Neutral
"i'm thrilled, my article got published! what's next?",Excitement,Positive
What a wicked day. 👎,Disappointment,Negative
This waiter made everything easier.,Joy,Positive
I picked up the parcel from the office this morning.,Neutral,Neutral
"I'm so scared, I heard footsteps outside at midnight.",Fear,Negative
"Best day ever, my best friend got engaged!",Joy,Positive
I thought the pasta was absolutely horrible.,Disappointment,Negative
"Overall, the movie was entertaining.",Joy,Positive
How do I get to the gym from the tram stop?!!,Curiosity,Neutral
I found the match to be exhausting. #mood,Disappointment,Negative
Just thinking of my cat makes me smile with love.,Love,Positive
I found the game to be shallow.,Disappointment,Negative
Fingers crossed for the move to a new city!,Hope,Positive
Please remember to bring a printed copy to the appointment.,Neutral,Neutral
Counting down the days until the big match tonight!,Excitement,Positive
I found the pizza to be poor.,Disappointment,Negative
Can't complain about the gym.,Joy,Positive
The delivery driver was so average!,Ambivalence,Neutral
What an amused day.,Joy,Positive
The workshop was superb but the tour was really bad.,Ambivalence,Neutral
The service let everyone down.,Disappointment,Negative
The update comes with dark mode and Linux. #today,Neutral,Neutral
Absolutely furious today,Anger,Negative
What a fascinated day.,Joy,Positive
The documentary made my day much nicer.,Joy,Positive
So grateful that we adopted a puppy.,Gratitude,Positive
i'm never going back. the milk had gone sour,Disgust,Negative
the ice cream was great tbh,Joy,Positive
Every day with my dog is a gift and I'm so in love. 👍,Love,Positive
The charger was really okay.,Ambivalence,Neutral
i have to call the bank on friday,Neutral,Neutral
Not touching: the documentary. 😡,Disappointment,Negative
"The house is quiet, the soup is simmering, and I feel at peace.",Contentment,Positive
Feeling really anxious because I heard footsteps outside at midnight.,Fear,Negative
We usually have lunch at nine in the morning.,Neutral,Neutral
Easily the worst purchase of my life.,Disappointment,Negative
Can't stop smiling because we won the science fair.,Joy,Positive
My dessert was awesome today.,Joy,Positive
This journey made everything more confusing.,Disappointment,Negative
What a pathetic day.,Disappointment,Negative
I feel fed up because of the flight. #news,Anger,Negative
"Wow, our startup closed its first funding round! I'm buzzing!!!",Excitement,Positive
I found the novel to be really good.,Joy,Positive
"My heart is pounding, I heard footsteps outside at midnight.",Fear,Negative
"Honestly, thanks, that was very kind",Gratitude,Positive
My colleague was beyond frustrating.,Anger,Negative
announcement: the bridge connects the two districts,Neutral,Neutral
"That is disgusting, the bathroom was filthy.",Disgust,Negative
feeling thankful about the deadline,Gratitude,Positive
That was so mature!,Joy,Positive
I can't believe how impressive the tour was! ❤️,Joy,Positive
Praying that my health turns out fine!!,Hope,Positive
The interview here is pointless.,Disappointment,Negative
Proud to serve my community and to see it thrive.,Pride,Positive
I've been wondering what the first computers looked like.,Curiosity,Neutral
The watch I ordered is listed on the second page.,Neutral,Neutral
"I adore my niece, always will.",Love,Positive
"Honestly, pretty pleasurable.",Joy,Positive
My colleague was way better than I expected.,Joy,Positive
Can't express how proud I am that I finished my degree.,Pride,Positive
My brother works in marketing!!,Neutral,Neutral
What a remarkable day.,Joy,Positive
"Honestly, pretty discouraging. 😞",Disappointment,Negative
I found the laptop to be buggy.,Disappointment,Negative
The soundtrack was so awful! 😤,Disappointment,Negative
I found the album to be awful.,Disappointment,Negative
Wondering if the survey takes about ten minutes.,Curiosity,Neutral
I feel overjoyed today. #daily,Joy,Positive
This train station made everything easier.,Joy,Positive
Thrilled about our wedding next month!,Excitement,Positive
it is a large journey,Neutral,Neutral
i sent the draft to the marketing department,Neutral,Neutral
How do I get to the museum from the bus stop? #monday,Curiosity,Neutral
It was popular.,Joy,Positive
The latest dinner made things more reliable.,Joy,Positive
"Honestly, the flight was pretty very poor. 😢",Disappointment,Negative
This drone works perfectly.,Joy,Positive
"My heart is racing with excitement, I ran the whole marathon.",Excitement,Positive
"I'm over the moon, my daughter made the team!",Joy,Positive
my interview was disappointing today,Disappointment,Negative
"So nervous, the doctor wants more tests.",Fear,Negative
I wonder whether the clinic accepts appointments by phone.,Curiosity,Neutral
"Honestly, pretty comforted. #news",Contentment,Positive
"Was hoping for a promotion, got a pat on the back instead. Bitter.",Disappointment,Negative
I feel positive because of the test.,Hope,Positive
The park was underwhelming.,Disappointment,Negative
That was so aghast!,Fear,Negative
this whole thing is just cheery,Joy,Positive
I expected the steak to be frustrating but it wasn't.,Joy,Positive
It was triumphant.,Joy,Positive
the soundtrack was moving tbh #monday,Joy,Positive
I can't believe how really bad the film was.,Disappointment,Negative
Proud of myself because I ran my first ten kilometres. 🎉,Pride,Positive
"Honestly, pretty grateful. ❤️",Gratitude,Positive
Thank you to my sister for the thoughtful gift.,Gratitude,Positive
quick question: is it right that the office is closed for the public holiday?,Curiosity,Neutral
"Thank you all, we reached our fundraising goal and I owe it to you.",Gratitude,Positive
This acting made everything less reliable. 😡,Disappointment,Negative
"The course was frustrating, though the weekend was fantastic.",Ambivalence,Neutral
Trying to figure out how coffee beans are roasted.,Curiosity,Neutral
the customer care exceeded my expectations,Joy,Positive
The plot was so dreadful! #daily,Disappointment,Negative
I'm optimistic about the scholarship decision.,Hope,Positive
"Honestly, pretty shamed. 😢",Disappointment,Negative
"Honestly, the ending was pretty entertaining.",Joy,Positive
Not worth it today!!,Disappointment,Negative
can't believe how perfect the flight turned out,Joy,Positive
"the colours are vivid, worth every penny",Joy,Positive
I'm so disappointed that the new phone doesn't work as advertised. #mood,Disappointment,Negative
Can't stop smiling because I made it to the finals.,Joy,Positive
I expected the story to be tedious but it wasn't.,Joy,Positive
"Overall, the pizza was fantastic!!",Joy,Positive
Can't believe how delightful the battery turned out.,Joy,Positive
"So nervous, I'm walking home alone in the dark.",Fear,Negative
I'm walking home alone in the dark and I'm shaking with fear. 😞,Fear,Negative
sending a huge thank you to my parents for believing in me,Gratitude,Positive
OMG I got the job offer!!,Excitement,Positive
i'm meeting my cousin for breakfast on wednesday,Neutral,Neutral
"I believe in our talks next week, better days are ahead. #thoughts",Hope,Positive
"The interview was not pathetic, but not brilliant either.",Ambivalence,Neutral
Can't believe how delightful the burger turned out.,Joy,Positive
what a glad day,Joy,Positive
The latest flight made things much nicer.,Joy,Positive
The library is closed on Mondays. #mood,Neutral,Neutral
This workshop made everything slower.,Disappointment,Negative
It wasn't awful at all!,Joy,Positive
the hotel room here is ordinary,Ambivalence,Neutral
The waiter is full of problems.,Disappointment,Negative
Watching the world go by from my window. I wish someone would call.,Loneliness,Negative
Which day does the museum close?,Curiosity,Neutral
"I can't believe it, I passed my driving test! So pumped! 🎉",Excitement,Positive
I'm so scared,Fear,Negative
Everything felt esteemed.,Joy,Positive
I feel stressed today!!,Fear,Negative
I left my umbrella at the pool. #monday,Neutral,Neutral
"Everything works smoothly, worth every penny.",Joy,Positive
Really bad,Disappointment,Negative
I signed up for a class on Wednesday.,Neutral,Neutral
The acting here is inspiring!!,Joy,Positive
"so proud of everyone involved, i gave the speech without stumbling",Pride,Positive
What an insincere day. #monday,Anger,Negative
Can't believe how incredible the lecture turned out. #mood,Joy,Positive
That was so distressed!,Disappointment,Negative
"What a proud moment, our team won the championship.",Pride,Positive
The trip went completely wrong.,Disappointment,Negative
can't believe how overhyped the concert turned out,Disappointment,Negative
This workshop made everything more frustrating.,Disappointment,Negative
The tent I ordered stopped responding again. 😡,Disappointment,Negative
Awful service today,Disappointment,Negative
The interface was profitable.,Joy,Positive
"The kitchen was crawling with cockroaches, it made me gag.",Disgust,Negative
I'm reading a book about marine life.,Neutral,Neutral
Do not bother with the staff. #thoughts,Disappointment,Negative
I found the sandwich to be lovely.,Joy,Positive
Everything felt irritative. 👎,Disappointment,Negative
"I nearly vomited, there was a hair in my soup.",Disgust,Negative
My staff was unremarkable today.,Ambivalence,Neutral
The play was really fantastic.,Joy,Positive
It was yummy.,Joy,Positive
Does anyone know how bees make honey?,Curiosity,Neutral
"I believe in my recovery, better days are ahead.",Hope,Positive
The view was lovely but the hotel was frustrating!!,Ambivalence,Neutral
I can't believe how fantastic the ending was!,Joy,Positive
counting down the days until the new season of my favourite show,Excitement,Positive
Something tells me the job application will be fine.,Hope,Positive
The journey was neither great nor disorganized.,Ambivalence,Neutral
This whole thing is just burdensome.,Disappointment,Negative
Today I'm disappointed.,Disappointment,Negative
"Just me again, eating lunch by myself at my desk.",Loneliness,Negative
The tickets are available online and at the post office.,Neutral,Neutral
I felt virtuoso today!!,Joy,Positive
Everything felt evil.,Disappointment,Negative
The waiter is late and rectangular.,Neutral,Neutral
It was threatening.,Fear,Negative
My brother means the world to me.,Love,Positive
That was so attacking!,Disappointment,Negative
Please find the attached agenda for tomorrow's call.,Neutral,Neutral
The manager will send the agenda on Saturday.,Neutral,Neutral
i love the breakfast,Joy,Positive
Honestly the website was not very sleek.,Disappointment,Negative
the latest training made things easier,Joy,Positive
We usually have lunch at lunchtime.,Neutral,Neutral
Update: the city council meets on Monday evening.,Neutral,Neutral
That was so mindless!,Disappointment,Negative
Ew. The shower drain was clogged with hair. I can't unsee it.,Disgust,Negative
Update: the laptop is exactly what I needed.,Joy,Positive
the curry was resentful,Anger,Negative
The lecture was large. #weekend,Neutral,Neutral
I'm having brunch with my colleagues tomorrow.,Neutral,Neutral
My salad was frustrating today. #update,Disappointment,Negative
that was so laughing,Joy,Positive
What a broke day. 😤,Disappointment,Negative
It was dedicated.,Joy,Positive
"So lonely tonight, sitting at a table for one.",Loneliness,Negative
"I nearly vomited, the fridge stank of rotten fish.",Disgust,Negative
"Honestly, pretty terrible.",Disappointment,Negative
"Such a peaceful evening, watching the snow fall through the window.",Contentment,Positive
The latest train station made things more enjoyable.,Joy,Positive
Can't believe how memorable the match turned out.,Joy,Positive
"I believe in the peace talks, better days are ahead.",Hope,Positive
"Honestly, the workshop was pretty unremarkable.",Ambivalence,Neutral
I bought this backpack last week and it stopped working after two days. 😡,Disappointment,Negative
that was so weakly,Disappointment,Negative
The customer care here is rude.,Anger,Negative
The logistics team sent an update within five working days.,Neutral,Neutral
The screen is located on the second floor.,Neutral,Neutral
"Honestly, really bad #thoughts",Disappointment,Negative
My new drone has a two year warranty.,Neutral,Neutral
I'm so happy that the doctor said I'm completely healthy!,Joy,Positive
The customer care here is average.,Ambivalence,Neutral
Definitely unoriginal: the film.,Disappointment,Negative
"Honestly, pretty treasured.",Joy,Positive
that was so disgustful,Disgust,Negative
forever grateful to my teachers for your patience,Gratitude,Positive
I'm truly thankful because our baby took her first steps.,Gratitude,Positive
so down about the game tonight right now,Sadness,Negative
"Honestly, the cafe was pretty stunning.",Joy,Positive
Proud of myself because my manager praised my work.,Pride,Positive
i wonder whether the new timetable comes into effect in march,Curiosity,Neutral
I read that the form has to be submitted online.,Neutral,Neutral
the delivery van stops at the museum every morning,Neutral,Neutral
Life is good. I learned to swim at forty.,Joy,Positive
the train station is full of life,Joy,Positive
My new jacket works perfectly.,Joy,Positive
Honestly the salad was not very outstanding.,Disappointment,Negative
Reminder: the parcel is out for delivery.,Neutral,Neutral
"FYI, the conference takes place in Berlin this year.",Neutral,Neutral
"Feeling isolated, sitting in an empty apartment.",Loneliness,Negative
I feel hopeful because of tomorrow's meeting.,Hope,Positive
"According to the schedule, the invoice was sent on Monday.",Neutral,Neutral
Update: the webinar covers the basics of budgeting.,Neutral,Neutral
the album was awesome tbh #today,Joy,Positive
the software supports both offline mode and pdf export,Neutral,Neutral
I can't believe how wonderful the flight was!,Joy,Positive
I felt elated today.,Joy,Positive
"Just me again, watching the world go by from my window.",Loneliness,Negative
So at peace about the wedding right now.,Contentment,Positive
"I worked so hard for this and it paid off, the client loved our proposal.",Pride,Positive
My sushi was unremarkable today.,Ambivalence,Neutral
the course was so worthwhile,Joy,Positive
I need to return the library books before summer.,Neutral,Neutral
I watched a documentary about bird migration last night. #daily,Neutral,Neutral
Everything felt insulting.,Anger,Negative
i took a photo of the beach,Neutral,Neutral
This whole thing is just tragical.,Disappointment,Negative
Reminder: the temperature is around twenty degrees today.,Neutral,Neutral
My staff was fantastic today.,Joy,Positive
Standing tall today because I ran my first ten kilometres.,Pride,Positive
Update: the watch does not work as advertised.,Disappointment,Negative
Sending the file now today,Neutral,Neutral
this service made everything better,Joy,Positive
The delivery driver was so so.,Ambivalence,Neutral
fantastic staff and they were so helpful and kind,Joy,Positive
Just thinking of my partner makes me smile with love.,Love,Positive
"Part of me is excited about graduating, but part of me is dreading it.",Ambivalence,Neutral
not sure how to feel about moving abroad,Ambivalence,Neutral
Can't believe how captivating the novel turned out.,Joy,Positive
This whole thing is just amazing.,Joy,Positive
"What a nauseating sight, I had to look away.",Disgust,Negative
Super hyped because the concert was even better than expected!,Excitement,Positive
My curry was frustrating today.,Disappointment,Negative
Feeling absolutely delighted that I got the job offer. 😍,Joy,Positive
"Nothing to do, nowhere to be, just swinging on the porch at dusk. So content!!",Contentment,Positive
My concert was superb today.,Joy,Positive
The latest soup made things smoother.,Joy,Positive
So good today,Joy,Positive
The update was unpleasant.,Disappointment,Negative
What a bully day. #weekend,Disappointment,Negative
what a defeated day,Disappointment,Negative
so excited for our holiday in italy,Excitement,Positive
Definitely alright: the park.,Ambivalence,Neutral
Not first class: the tour.,Disappointment,Negative
Can't believe how breathtaking the gym turned out.,Joy,Positive
The train station was dreaded.,Fear,Negative
Watching everyone else with their friends and nobody cares. 😤,Loneliness,Negative
My curry was greasy today.,Disgust,Negative
What an excellent day.,Joy,Positive
I feel so alone today.,Loneliness,Negative
"The hotel was nice, though the noise at night was annoying.",Ambivalence,Neutral
"Revolting behaviour, it makes my skin crawl. #daily",Disgust,Negative
Thank you to the nurses for being there when I needed you.,Gratitude,Positive
this training was full of energy,Joy,Positive
The parcel should arrive on Wednesday. #weekend,Neutral,Neutral
The concert looked national.,Neutral,Neutral
This coffee machine stopped charging within a week.,Disappointment,Negative
"Honestly, pretty ethical. #daily",Joy,Positive
"I liked the pasta, but the steak was really bad.",Ambivalence,Neutral
Can't express how proud I am that I made it to the finals.,Pride,Positive
"I'm livid, the bank charged me hidden fees!",Anger,Negative
The latest version adds macOS and offline mode.,Neutral,Neutral
The delivery van stops at the museum every morning.,Neutral,Neutral
I can't thank my teachers enough for showing up for me.,Gratitude,Positive
I felt entertaining today.,Joy,Positive
The latest laptop made things clunkier. #news,Disappointment,Negative
Best movie I've had in years. #daily,Joy,Positive
Planting seeds today and looking forward to what grows.,Hope,Positive
This tent smells terrible.,Disappointment,Negative
this sandwich made everything simpler,Joy,Positive
"Feeling broken, my dog died last night.",Sadness,Negative
Yay! We opened our own bakery! ❤️,Joy,Positive
Standing tall today because we reached our fundraising goal.,Pride,Positive
"That is disgusting, my neighbour's trash was spilling into the hallway.",Disgust,Negative
The cashier was a waste of time and money.,Disappointment,Negative
The hoodie I ordered stopped responding again.,Disappointment,Negative
I thought the view was absolutely dreadful.,Disappointment,Negative
The dessert was so terrible!,Disappointment,Negative
Wondering if the parking lot is behind the building.,Curiosity,Neutral
"Nobody to share it with, going to bed early because nobody is around.",Loneliness,Negative
"My heart is racing with excitement, the sun came out for the whole trip.",Excitement,Positive
"What a proud moment, I completed the coding bootcamp.",Pride,Positive
"I'm worried sick, the building shook during the earthquake.",Fear,Negative
My airport was impressive today.,Joy,Positive
I picked up the parcel from the pharmacy this morning.,Neutral,Neutral
Thank you to my sister for your endless support. ❤️,Gratitude,Positive
My new desk lamp is exactly what I needed.,Joy,Positive
The novel was displeased.,Disappointment,Negative
The pharmacy is closed on Saturdays.,Neutral,Neutral
"Not comfortable at all, what a shame.",Disappointment,Negative
Feeling uneasy today.,Fear,Negative
The ice cream was really salty.,Disappointment,Negative
"Such a peaceful evening, floating in the pool on a warm afternoon.",Contentment,Positive
Thank you to everyone who supported me for your kindness. ❤️,Gratitude,Positive
It was sickening.,Disgust,Negative
"So lonely tonight, spending the holidays without anyone.",Loneliness,Negative
What a good day. #mood,Joy,Positive
It was adoring.,Love,Positive
I can't believe how underwhelming the receptionist was. #monday,Disappointment,Negative
The hotel room was first class.,Joy,Positive
the lecture was so adequate,Ambivalence,Neutral
"Ugh, the trip didn't live up to the hype. What a waste. 😢",Disappointment,Negative
Is there a library near the bus station? #news,Curiosity,Neutral
"i liked the soundtrack, but the ending was overhyped",Ambivalence,Neutral
Forever grateful to my mentor for your kindness.,Gratitude,Positive
I found the support team to be average.,Ambivalence,Neutral
Everything felt weakly. #daily,Disappointment,Negative
This whole thing is just dire.,Disappointment,Negative
So grateful that my best friend got engaged.,Gratitude,Positive
I bought this desk lamp last week and it smells terrible.,Disappointment,Negative
"Setup took two minutes, absolutely love it.",Joy,Positive
i bought this speaker last week and it arrived earlier than promised,Joy,Positive
I felt disillusioned today.,Disappointment,Negative
The pasta here is mediocre. 😢,Disappointment,Negative
Sending a huge thank you to my neighbours for the wonderful advice.,Gratitude,Positive
The latest service made things worse.,Disappointment,Negative
I'll call my neighbour after coffee.,Neutral,Neutral
Easily the worst phone of my life.,Disappointment,Negative
what time does the bakery open on thursday?,Curiosity,Neutral
Best service I've ever had!,Joy,Positive
the burger was disgusting,Disgust,Negative
Can't believe how mediocre the gym turned out.,Disappointment,Negative
Every day with my whole family is a gift and I'm so in love.,Love,Positive
"Honestly, pretty approved. #life",Joy,Positive
The research team sent an update early next month.,Neutral,Neutral
The train station is full of mistakes. 😢,Disappointment,Negative
My manager was unremarkable today. #today,Ambivalence,Neutral
not sure how to feel about the new manager,Ambivalence,Neutral
"I'm so scared, my heart was pounding after that scary noise. 😤",Fear,Negative
Can't stop smiling because we reached our fundraising goal.,Joy,Positive
"Honestly, the interview was pretty inspiring.",Joy,Positive
The new timetable comes into effect in March.,Neutral,Neutral
The acting was not forgettable at all.,Joy,Positive
I read about the documentary yesterday.,Neutral,Neutral
I can't wait for the road trip with friends!,Excitement,Positive
The office is closed for the public holiday. #news,Neutral,Neutral
"I can't believe it, I finished my degree! So pumped!",Excitement,Positive
"Doing a jigsaw puzzle by the lamp, feeling completely at peace.",Contentment,Positive
I bought this speaker last week and it is a complete waste of money.,Disappointment,Negative
"Honestly, the software was pretty terrific.",Joy,Positive
Has anyone tried the support team?,Curiosity,Neutral
I really hope the treatment goes well.,Hope,Positive
The driver was beyond frustrating. 😡,Anger,Negative
"Honestly, not bad, not great.",Ambivalence,Neutral
Everything felt suffering. 😢,Disappointment,Negative
"Honestly, i'm so angry right now",Anger,Negative
The show made my day. #weekend,Joy,Positive
"It doesn't fit at all, what a joke.",Disappointment,Negative
I took a photo of the update.,Neutral,Neutral
What an outraged day!!,Anger,Negative
"what a proud moment, my code finally worked",Pride,Positive
the next tram to madrid departs at half past four,Neutral,Neutral
This resort was full of joy. #mood,Joy,Positive
The park here is standard. #update,Ambivalence,Neutral
What an unworthy day.,Disappointment,Negative
"Feeling isolated, watching everyone else with their friends.",Loneliness,Negative
I can't thank the nurses enough for your kindness. #today,Gratitude,Positive
I'm terrified because I got a strange call from an unknown number.,Fear,Negative
I'm devastated that the summer ended and everyone went home.,Sadness,Negative
The campsite was so overpriced!,Disappointment,Negative
I wonder whether the road will be closed for maintenance.,Curiosity,Neutral
The backpack I ordered is listed on the second page.,Neutral,Neutral
"The cake is not very good, sadly.",Disappointment,Negative
The keyboard was national.,Neutral,Neutral
I can't believe how very good the park was!,Joy,Positive
"honestly, hate it",Anger,Negative
What an insulting day!!,Anger,Negative
Feeling thankful today.,Gratitude,Positive
I liked the food but the service left much to be desired.,Ambivalence,Neutral
"Nothing to do, nowhere to be, just doing a jigsaw puzzle by the lamp. So content!!",Contentment,Positive
i'm going to the post office after work,Neutral,Neutral
I used the museum this morning.,Neutral,Neutral
I thought the breakfast was absolutely incredible.,Joy,Positive
"FYI, the exhibition runs until the end of June.",Neutral,Neutral
I feel let down today.,Disappointment,Negative
Slow living at its best: watching the snow fall through the window.,Contentment,Positive
the commute was impressive tbh,Joy,Positive
Can't express how proud I am that my son graduated with honours.,Pride,Positive
Your order will be processed sometime this week.,Neutral,Neutral
I sent the proposal to the procurement department.,Neutral,Neutral
Quiet moment: walking along the beach at sunset. Life is good. ❤️,Contentment,Positive
Eating lunch by myself at my desk. I feel so alone.,Loneliness,Negative
The class wasted my whole afternoon.,Anger,Negative
The library moved to a new building last month.,Neutral,Neutral
the update is compatible with dark mode and ios,Neutral,Neutral
"The city centre was comfortable, although the airport was mediocre. #life",Ambivalence,Neutral
I took a photo of the game.,Neutral,Neutral
Can't believe how glitchy the interface turned out. 😡,Disappointment,Negative
The phone I ordered arrived earlier than promised.,Joy,Positive
"Overall, the match was impressive.",Joy,Positive
Just thinking about the big match tonight gives me goosebumps.,Excitement,Positive
I took a photo of the router.,Neutral,Neutral
hopeful that things will improve with the audition on friday,Hope,Positive
"The best weekend ever, hands down.",Joy,Positive
I used the experience this morning.,Neutral,Neutral
I'm so happy that we adopted a puppy!,Joy,Positive
The sandwich was slow and full of problems.,Disappointment,Negative
"Honestly, pretty gorgeous!!",Joy,Positive
It is a busy dinner!!,Neutral,Neutral
Update: the office chair is a complete waste of money.,Disappointment,Negative
"Not disappointing at all, pleasantly surprised. #mood",Joy,Positive
My new toaster is listed on the second page.,Neutral,Neutral
Thank you to my friends for showing up for me.,Gratitude,Positive
I'm so happy that I ran the whole marathon!,Joy,Positive
The technician was heartbreaking.,Sadness,Negative
"Got the vacuum cleaner yesterday, it was shipped from the local warehouse.",Neutral,Neutral
The journey was not inspiring. #mood,Disappointment,Negative
definitely unremarkable: the pasta,Ambivalence,Neutral
Not really good: the beach.,Disappointment,Negative
My new blender was delivered to the front desk.,Neutral,Neutral
Feeling drained today.,Sadness,Negative
how do i get to the pharmacy from the train stop?,Curiosity,Neutral
i'd love to learn who invented the bicycle,Curiosity,Neutral
This office chair exceeded my expectations.,Joy,Positive
Been reading up on how vaccines are developed.,Curiosity,Neutral
I can't stand the salad.,Anger,Negative
The laptop looked green.,Neutral,Neutral
I'm heading to Madrid on Monday.,Neutral,Neutral
Complete disaster today,Disappointment,Negative
Absolutely the worst burger I can remember. 👎,Disappointment,Negative
I'm optimistic about the school application.,Hope,Positive
Feeling hopeful about the audition on Friday.,Hope,Positive
The update here is abysmal. 😡,Disappointment,Negative
Feeling let down today. 😤,Disappointment,Negative
The next train to Lisbon departs at ten thirty.,Neutral,Neutral
We usually have lunch at nine in the morning!!,Neutral,Neutral
The event was pure magic.,Joy,Positive
I bought this blender last week and it keeps disconnecting.,Disappointment,Negative
"Feeling blessed, we reached our fundraising goal.",Gratitude,Positive
I'm drained about the trip. 😡,Sadness,Negative
I'm truly thankful because my code finally worked.,Gratitude,Positive
It is a metallic plot. #update,Neutral,Neutral
Really impressed by the flight. #update,Joy,Positive
I regret trying the technician.,Disappointment,Negative
It is Tuesday today.,Neutral,Neutral
Forever grateful to my coach for everything you did for us.,Gratitude,Positive
"FYI, the deadline has been extended to next week.",Neutral,Neutral
i've been wondering how languages evolve,Curiosity,Neutral
The new hire was an absolute mess.,Disappointment,Negative
The journey was stressful.,Disappointment,Negative
The latest resort made things better.,Joy,Positive
This game made everything faster.,Joy,Positive
The headset has been updated.,Neutral,Neutral
"FYI, the city council meets on Monday evening. #weekend",Neutral,Neutral
I found the park to be bad.,Disappointment,Negative
Poor fit: it looks cheap and feels worse! 😢,Disappointment,Negative
Nobody makes my heart flutter like my brother.,Love,Positive
The book made my day worse.,Disappointment,Negative
i have a haircut at five o'clock,Neutral,Neutral
The bank is on the second floor next to the kitchen. #today,Neutral,Neutral
the latest pasta made things better,Joy,Positive
"After all that hype, the launch was underwhelming. 👎",Disappointment,Negative
I'm working from home this week. #monday,Neutral,Neutral
Does anyone know if the lecture was moved to another room?,Curiosity,Neutral
The platform comes with voice search and two-factor login.,Neutral,Neutral
quiet moment: watching the snow fall through the window. life is good,Contentment,Positive
"Got the keyboard yesterday, it broke on the first use.",Disappointment,Negative
"Support never replied, so frustrating. #life",Disappointment,Negative
My manager was brilliant today.,Joy,Positive
"My heart is racing with excitement, I got the job offer.",Excitement,Positive
I'm so disappointed that the cake collapsed in the oven.,Disappointment,Negative
Update: the drone smells terrible.,Disappointment,Negative
I thought the flight was absolutely adequate.,Ambivalence,Neutral
"Was really looking forward to it, but it was a total letdown. #monday",Disappointment,Negative
I bought this coffee machine last week and it is way too flimsy.,Disappointment,Negative
That was so faithful!,Joy,Positive
The app includes the web and Linux.,Neutral,Neutral
I felt relaxed today.,Contentment,Positive
"So down today, my grandmother's health is getting worse.",Sadness,Negative
"Just so you know, the seminar is held every second Tuesday.",Neutral,Neutral
I have to call the bank on Monday.,Neutral,Neutral
"Worst cake ever, avoid.",Disappointment,Negative
Everything felt disturbing.,Disappointment,Negative
I'm honestly exhausted about the test.,Sadness,Negative
"according to the schedule, the shop stocks both paper and digital editions",Neutral,Neutral
Definitely terrific: the city centre.,Joy,Positive
This match made everything simpler.,Joy,Positive
This whole thing is just negative.,Disappointment,Negative
This whole thing is just agonized. #weekend,Disappointment,Negative
"Worst class ever, avoid.",Disappointment,Negative
"the colours are vivid, so impressed",Joy,Positive
"My heart is pounding, the flight is taking off soon and I hate flying.",Fear,Negative
I took a photo of the cafe.,Neutral,Neutral
I found the burger to be annoying. #weekend,Disappointment,Negative
I wouldn't call the software top notch. 😡,Disappointment,Negative
"I'm over the moon, I stood up for myself! ❤️",Joy,Positive
I felt playful today.,Joy,Positive
The match here is underwhelming.,Disappointment,Negative
I have a job interview at five o'clock.,Neutral,Neutral
"Honestly, pretty powerless.",Disappointment,Negative
Not great at all today,Disappointment,Negative
"I'm frozen with dread, I heard footsteps outside at midnight.",Fear,Negative
The book was mediocre.,Disappointment,Negative
"Not disappointing at all, genuinely enjoyed it.",Joy,Positive
I took a photo of the campsite.,Neutral,Neutral
The delivery driver is full of bugs.,Disappointment,Negative
I'm going to the library after work.,Neutral,Neutral
It was respectful.,Joy,Positive
I'm honestly lonely about our move!!,Loneliness,Negative
The charger was neither lovely nor underwhelming.,Ambivalence,Neutral
"Honestly, pretty ideal.",Joy,Positive
standing tall today because we won the science fair,Pride,Positive
The training was not rewarding.,Disappointment,Negative
"Anxiety is through the roof, the exam is tomorrow and I'm not ready.",Fear,Negative
"Honestly, just okay.",Ambivalence,Neutral
"Overall, the website was wonderful.",Joy,Positive
The latest soundtrack made things better.,Joy,Positive
The update comes with dark mode and file sharing.,Neutral,Neutral
The software is located on the second floor.,Neutral,Neutral
It was pitiless. #today,Disappointment,Negative
The latest city centre made things worse.,Disappointment,Negative
Useless host: he never showed up! 😢,Disappointment,Negative
Not relaxing: the trip. 😞,Disappointment,Negative
This laptop requires two batteries.,Neutral,Neutral
Feeling really anxious because the car started skidding on the ice.,Fear,Negative
"Overall, the coffee was fine.",Ambivalence,Neutral
That was so heartfelt!,Joy,Positive
my new jacket is a complete waste of money,Disappointment,Negative
I keep asking myself what the first computers looked like.,Curiosity,Neutral
Watching the world go by from my window. I feel so alone.,Loneliness,Negative
Worst coffee I've ever had.,Disappointment,Negative
The experience was mad.,Disappointment,Negative
I can't believe how responsive the camera was!,Joy,Positive
Today I'm annoyed.,Anger,Negative
Something tells me the test results will be fine.,Hope,Positive
The latest breakfast made things more frustrating.,Disappointment,Negative
So excited for the grand opening next week! #mood,Excitement,Positive
"So mad right now, my ex spread rumours about me.",Anger,Negative
Does anyone know if the new timetable comes into effect in March?,Curiosity,Neutral
Having no one to share good news with. I wish someone would call.,Loneliness,Negative
i'm honestly comfortable about tomorrow's meeting,Contentment,Positive
"I nearly vomited, the bathroom was filthy. 😤",Disgust,Negative
The vacuum cleaner I ordered exceeded my expectations.,Joy,Positive
I miss having someone to talk to. Waiting for a call that never comes.,Loneliness,Negative
Everything felt sinful.,Disappointment,Negative
That was so safer!,Joy,Positive
"Anxiety is through the roof, I have to go to the dentist tomorrow.",Fear,Negative
Today I'm worried.,Fear,Negative
The album was tall.,Neutral,Neutral
"Honestly, mixed feelings.",Ambivalence,Neutral
Easily the worst day of my life.,Disappointment,Negative
I can't thank my friends enough for everything you did for us.,Gratitude,Positive
I found the interface to be unusable.,Disappointment,Negative
The burger was so typical! #life,Ambivalence,Neutral
"Not impressive at all, what a shame.",Disappointment,Negative
I keep asking myself how the stock market works.,Curiosity,Neutral
Definitely unusable: the app. #news,Disappointment,Negative
"Honestly, pretty elated.",Joy,Positive
The steak was unfulfilled.,Disappointment,Negative
The resort was slow and full of delays. 👎,Disappointment,Negative
just thinking about the grand opening next week gives me goosebumps,Excitement,Positive
"Can't sleep, too excited for tomorrow's surprise.",Excitement,Positive
It was wicked.,Disappointment,Negative
the show was lovely tbh #news,Joy,Positive
Would not recommend the journey.,Disappointment,Negative
The salad is full of charm.,Joy,Positive
This kettle exceeded my expectations.,Joy,Positive
I'm optimistic about the new business.,Hope,Positive
This whole thing is just blameworthy. 😢,Disappointment,Negative
"Yuck, the trash bin was overflowing with maggots.",Disgust,Negative
I'm having coffee with the client tomorrow.,Neutral,Neutral
"i'm thrilled, i ran the whole marathon! what's next?",Excitement,Positive
The sushi made my day more reliable.,Joy,Positive
Everything felt infuriating. 😞,Anger,Negative
"Feeling broken, the shop we loved closed down.",Sadness,Negative
"Nobody checks on me anymore, eating lunch by myself at my desk. 👎",Loneliness,Negative
the phone was lovely and full of creativity,Joy,Positive
Who is that?!!,Curiosity,Neutral
"Yuck, the towels were stained and smelled awful. 😡",Disgust,Negative
I watched a documentary about marine life last night. #thoughts,Neutral,Neutral
"Honestly, pretty hurtful.",Disappointment,Negative
Sitting at a table for one. I wish someone would call. #daily,Loneliness,Negative
I bought this office chair last week and it is made of stainless steel.,Neutral,Neutral
Yay! I ran my first ten kilometres!,Joy,Positive
I'm never going back. The shower drain was clogged with hair!!,Disgust,Negative
Every day with my boyfriend is a gift and I'm so in love.,Love,Positive
the software made my day much nicer,Joy,Positive
"Honestly, awful service",Disappointment,Negative
Our sandwich was dreadful. #mood,Disappointment,Negative
So content about the game tonight right now. #monday,Contentment,Positive
"I can't believe it, I got into my dream university! So pumped!",Excitement,Positive
"Not poor at all, pleasantly surprised. 😊",Joy,Positive
The tour here is fabulous.,Joy,Positive
Thrilled about the festival this summer!,Excitement,Positive
It was disastrous.,Disappointment,Negative
The technician is full of complaints.,Disappointment,Negative
What a mess 😡,Disappointment,Negative
my new speaker arrived on tuesday,Neutral,Neutral
I can't believe how first class the trip was!,Joy,Positive
"I'm thrilled, we got the keys to our first home! What's next?",Excitement,Positive
The acting was forgettable but the documentary was incredible.,Ambivalence,Neutral
The repair made my day.,Joy,Positive
the interface is full of energy,Joy,Positive
The show was way better than I expected.,Joy,Positive
This whole thing is just outstanding.,Joy,Positive
the journey was really superb,Joy,Positive
This whole thing is just melancholy.,Sadness,Negative
"I'm livid, they cancelled my order without telling me!",Anger,Negative
I keep asking myself how the pyramids were built.,Curiosity,Neutral
"Not worth it at all, what a shame.",Disappointment,Negative
My heart feels heavy. The funeral was today.,Sadness,Negative
This whole thing is just truthful.,Joy,Positive
That was so inconsiderate!,Anger,Negative
"Staying positive about the move to a new city, it will work out. #life",Hope,Positive
What a disparaging day.,Disappointment,Negative
"The water from the tap was brown, it made me gag. 👎",Disgust,Negative
Which day does the pharmacy close?,Curiosity,Neutral
"So proud of everyone involved, my daughter made the team.",Pride,Positive
I wouldn't call the train station top notch.,Disappointment,Negative
"This is outrageous, they lied to every one of us.",Anger,Negative
Everything felt glamourous.,Joy,Positive
"I nearly vomited, the chicken smelled off.",Disgust,Negative
The lecture was enlightened.,Joy,Positive
this jacket was delivered to the front desk,Neutral,Neutral
"That is disgusting, the kitchen was crawling with cockroaches.",Disgust,Negative
"Perfectly relaxed, stretching out on the sofa with a blanket.",Contentment,Positive
I need to update my resume before the end of the month.,Neutral,Neutral
"So nervous, the layoffs are announced next week. 😡",Fear,Negative
The new job offer is a mixed bag for me.,Ambivalence,Neutral
Not cozy: the resort. #news,Disappointment,Negative
Our delivery driver was attentive.,Joy,Positive
So nervous about the party right now.,Fear,Negative
This interface was full of mistakes. 😡,Disappointment,Negative
Feeling anxious about the announcement. #thoughts,Fear,Negative
The play was not lousy at all.,Joy,Positive
This game made everything slower.,Disappointment,Negative
the hotel room was really unacceptable,Anger,Negative
I found the commute to be wonderful. #monday,Joy,Positive
I'm so proud that we reached our fundraising goal!,Pride,Positive
"Overall, the keyboard was clunky!!",Disappointment,Negative
This story made everything harder to use. 😤,Disappointment,Negative
"Honestly, it's okay.",Ambivalence,Neutral
The apartment was fake.,Disappointment,Negative
Easily the best haircut of my life.,Joy,Positive
"That is disgusting, the public toilet was disgusting.",Disgust,Negative
The weekend was neither memorable nor stressful.,Ambivalence,Neutral
Honestly I'm torn about the new manager.,Ambivalence,Neutral
I'm heading to Pune on Monday.,Neutral,Neutral
Everything feels empty since the shop we loved closed down.,Sadness,Negative
Is there a post office near the bus station?,Curiosity,Neutral
The kettle I ordered works perfectly.,Joy,Positive
I'm never going back. I found mould in the fridge.,Disgust,Negative
"Honestly, amazing work",Joy,Positive
"Feeling broken, I lost my job after ten years.",Sadness,Negative
Awesome!,Joy,Positive
My grandmother's hugs are the warmest place on earth.,Love,Positive
Definitely awesome: the curry.,Joy,Positive
Can't believe how very good the show turned out.,Joy,Positive
The laptop was really sleek. #daily,Joy,Positive
The gym wasn't amazing at all. 😡,Disappointment,Negative
The soup was disappointing. 👎,Disappointment,Negative
The latest version adds Android and cloud backup.,Neutral,Neutral
"i can't stop crying, my old teacher passed away",Sadness,Negative
Everything felt disconsolate.,Sadness,Negative
I'll call my cousin after brunch.,Neutral,Neutral
"Overall, the sandwich was average.",Ambivalence,Neutral
lovely host and she made us feel right at home,Joy,Positive
Best holiday I've had in years. #mood,Joy,Positive
The refund should arrive within five working days.,Neutral,Neutral
The receptionist is digital and blue.,Neutral,Neutral
"Worst hotel ever, avoid.",Disappointment,Negative
"wow, we cleaned up the entire beach! i'm buzzing",Excitement,Positive
The game was really unoriginal.,Disappointment,Negative
This cashier made everything faster. 😊,Joy,Positive
The tickets are available online and at the pool. #news,Neutral,Neutral
The pizza was good but the wait was way too long.,Ambivalence,Neutral
The sales team sent an update in the morning.,Neutral,Neutral
i miss having someone to talk to. walking home to an empty flat,Loneliness,Negative
Everything felt undeserving.,Disappointment,Negative
update: the water bottle requires two batteries,Neutral,Neutral
Worst haircut I've ever had.,Disappointment,Negative
The team met with the vendor yesterday.,Neutral,Neutral
The software made my day more confusing.,Disappointment,Negative
"Honestly, pretty sorrowful. #life",Sadness,Negative
Definitely brilliant: the class!!,Joy,Positive
"Great concert, would buy again!",Joy,Positive
Terrible.,Disappointment,Negative
"I believe in the scholarship decision, better days are ahead.",Hope,Positive
i left my umbrella at the gym,Neutral,Neutral
bitterly disappointed: the restaurant lost our reservation,Disappointment,Negative
Feeling really anxious because the dog next door growled at me.,Fear,Negative
"Awful support, they ignored my emails for weeks.",Disappointment,Negative
feeling energized today,Excitement,Positive
This experience made everything more confusing. 😤,Disappointment,Negative
I'd love to learn how airplanes stay in the air.,Curiosity,Neutral
"honestly, highly recommended",Joy,Positive
This whole thing is just agitated.,Disappointment,Negative
That was so degrading!,Disappointment,Negative
I usually take the metro to work. #thoughts,Neutral,Neutral
The interface is full of creativity.,Joy,Positive
"Ugh, my plans fell through again. What a waste.",Disappointment,Negative
"Nothing to do, nowhere to be, just taking my time over a homemade breakfast. So content.",Contentment,Positive
"Not good at all, what a shame.",Disappointment,Negative
"Ugh, the game was postponed once more. What a waste.",Disappointment,Negative
Bad food: every dish was bland and cold! #life,Disappointment,Negative
I wouldn't call the campsite top notch.,Disappointment,Negative
The latest train station made things more frustrating. 😢,Disappointment,Negative
"Nobody to share it with, walking through a crowd and feeling invisible.",Loneliness,Negative
Everything felt friendly.,Joy,Positive
I'm reading a book about urban gardening.,Neutral,Neutral
The staff was painfully slow.,Disappointment,Negative
The platform includes voice search and cloud backup.,Neutral,Neutral
What a notorious day.,Disappointment,Negative
The latest waiter made things more frustrating.,Disappointment,Negative
It was negative. 😢,Disappointment,Negative
the cashier was neither knowledgeable nor mediocre,Ambivalence,Neutral
Can't believe how horrible the staff turned out. 😞,Disappointment,Negative
Absolutely the worst teacher I can remember. 😞,Disappointment,Negative
I can't believe how atrocious the router was.,Anger,Negative
Today I'm hurt.,Sadness,Negative
What a blamed day.,Disappointment,Negative
"The public toilet was disgusting, it made me gag.",Disgust,Negative
the jacket i ordered stopped charging within a week,Disappointment,Negative
I asked my neighbour about the schedule.,Neutral,Neutral
Nobody makes my heart flutter like my mum.,Love,Positive
"battery drains within a couple of hours, what a joke",Disappointment,Negative
Feeling pleased today.,Joy,Positive
The pizza is green and old.,Neutral,Neutral
The pool closes at six on weekdays.,Neutral,Neutral
The charger here is unremarkable.,Ambivalence,Neutral
"Nobody to share it with, eating cereal for dinner by myself.",Loneliness,Negative
"Honestly, pretty troubling.",Disappointment,Negative
Can someone explain what the first computers looked like?,Curiosity,Neutral
"Surprisingly, the cafe was not lousy at all!",Joy,Positive
The dessert made my day easier.,Joy,Positive
It was appreciative.,Gratitude,Positive
"Enough is enough, the support agent hung up on me!",Anger,Negative
My view was really bad today. 😤,Disappointment,Negative
"got the headset yesterday, it arrived on tuesday",Neutral,Neutral
"Nobody to share it with, celebrating my birthday by myself.",Loneliness,Negative
The receptionist looked empty. #update,Neutral,Neutral
The app was ruinous.,Disappointment,Negative
I feel down today.,Sadness,Negative
"That is disgusting, the trash bin was overflowing with maggots. 😡",Disgust,Negative
The latest version adds the web and Android.,Neutral,Neutral
The tour guide was the worst part of my week. 👎,Disappointment,Negative
Update: the vacuum cleaner arrived on Tuesday.,Neutral,Neutral
I thought the trip was absolutely lousy.,Disappointment,Negative
the interface was unfair,Anger,Negative
My heart is so full when I'm with my husband.,Love,Positive
I found the laptop to be adequate.,Ambivalence,Neutral
"Got the watch yesterday, it works perfectly.",Joy,Positive
I felt problematic today.,Disappointment,Negative
"Sick of this, I was overcharged for the third time. Total disrespect.",Anger,Negative
Absolutely the worst weekend I can remember.,Disappointment,Negative
We finally finished the project and I couldn't be happier. #monday,Joy,Positive
The tour guide was a complete disaster.,Disappointment,Negative
The training was overjoyed.,Joy,Positive
The ice cream was ordinary.,Ambivalence,Neutral
"The game was hilarious, although the ending was frustrating.",Ambivalence,Neutral
The concert was touching.,Joy,Positive
"Dreadful hotel, everything was dirty and noisy.",Disappointment,Negative
The cashier was really slow!!,Disappointment,Negative
My new coffee machine exceeded my expectations.,Joy,Positive
I've been wondering how coffee beans are roasted!!,Curiosity,Neutral
That was so inspiring! #daily,Joy,Positive
We talked about the class in the meeting.,Neutral,Neutral
I felt liked today.,Joy,Positive
The latest version adds file sharing and Android.,Neutral,Neutral
"Not bad, not inspiring. The match was just okay.",Ambivalence,Neutral
The conference takes place in Berlin this year.,Neutral,Neutral
Definitely disappointing: the tour. 👎,Disappointment,Negative
"So proud of everyone involved, my painting sold at the exhibition.",Pride,Positive
the apartment is black and wide,Neutral,Neutral
That was so impressed!,Joy,Positive
"It runs silently, so impressed.",Joy,Positive
"Could be better, could be worse today",Ambivalence,Neutral
I felt intelligent today.,Joy,Positive
Is there a pharmacy near the metro station?,Curiosity,Neutral
Quiet moment: watching the sunset from the balcony. Life is good.,Contentment,Positive
Proud of myself because I learned to swim at forty.,Pride,Positive
This whole thing is just enthusiastic.,Excitement,Positive
That was so unethical!,Disappointment,Negative
"I can't sleep from anxiety, the car started skidding on the ice.",Fear,Negative
"Honestly, pretty amazing.",Joy,Positive
I'm terrified because the flight is taking off soon and I hate flying.,Fear,Negative
"nobody checks on me anymore, making plans that nobody joins",Loneliness,Negative
This whole thing is just attacking. #thoughts,Disappointment,Negative
The view will be reviewed next week. #update,Neutral,Neutral
the game was fabulous tbh,Joy,Positive
"Got the blender yesterday, it arrived damaged. 👎",Disappointment,Negative
The resort was not quiet. 😤,Disappointment,Negative
So miserable about the new job right now.,Sadness,Negative
"Wow, my grandmother recovered fully! I'm buzzing!",Excitement,Positive
I'm heartbroken that I got the sad news this morning.,Sadness,Negative
"Honestly, see you tomorrow.",Neutral,Neutral
I bought this watch last week and it came with a manual.,Neutral,Neutral
This desk lamp is better than I imagined.,Joy,Positive
"Terrible customer service, nobody answered my calls. 😡",Disappointment,Negative
"I'm over the moon, I learned to swim at forty!",Joy,Positive
Can someone confirm whether the presentation is about twenty minutes long?,Curiosity,Neutral
"Overall, the flight was typical.",Ambivalence,Neutral
I'm so proud that my code finally worked!,Pride,Positive
The next bus to Madrid departs at seven in the evening!!,Neutral,Neutral
I miss having someone to talk to. Spending another weekend with nobody to call. 😤,Loneliness,Negative
"Terrible book, never again.",Disappointment,Negative
My new watch was shipped from the local warehouse.,Neutral,Neutral
I can't believe how polite the service was! #update,Joy,Positive
The class exceeded all expectations.,Joy,Positive
"The design is beautiful, couldn't be happier.",Joy,Positive
"It hurts so much, my friend stopped talking to me.",Sadness,Negative
See you tomorrow today,Neutral,Neutral
"So down today, I said goodbye to my childhood home.",Sadness,Negative
everything felt accomplished,Pride,Positive
The class was a pleasure.,Joy,Positive
"It charges in minutes, couldn't be happier. 😍",Joy,Positive
Praying that the peace talks turns out fine.,Hope,Positive
"The cashier was professional, although the waiter was abysmal.",Ambivalence,Neutral
I can't believe how overhyped the story was.,Disappointment,Negative
"Horrible staff, they were rude and dismissive.",Disappointment,Negative
The blender I ordered is better than I imagined.,Joy,Positive
Can't complain about the support team. #mood,Joy,Positive
It was vain.,Disappointment,Negative
Amazing food and every dish was full of flavour.,Joy,Positive
Absolutely the worst hotel I can remember. 👎,Disappointment,Negative
"Got the laptop yesterday, it works perfectly. #thoughts",Joy,Positive
I felt bright today.,Joy,Positive
The hotel room was so lousy!!!,Disappointment,Negative
"Surprisingly, the hotel was not depressing at all!",Joy,Positive
It is a second plot.,Neutral,Neutral
my heart is so full when i'm with my niece,Love,Positive
Easily the best service of my life.,Joy,Positive
"I'm worried sick, I'm walking home alone in the dark. #daily",Fear,Negative
My apartment was outstanding today.,Joy,Positive
What a punishing day.,Disappointment,Negative
That was so improving!,Joy,Positive
Feeling so sad today because my old teacher passed away.,Sadness,Negative
"Honestly, pretty blissful.",Joy,Positive
The doctor's appointment is at nine in the morning tomorrow.,Neutral,Neutral
Not really good: the event.,Disappointment,Negative
Feeling sad today. 😡,Sadness,Negative
It's been a year since we lost him and the grief still hits like a wave.,Sadness,Negative
The course is daily and open. #thoughts,Neutral,Neutral
"Honestly, pretty appreciative.",Gratitude,Positive
update: the manual is available in three languages,Neutral,Neutral
Quiet moment: having a lazy morning with coffee. Life is good. #mood,Contentment,Positive
I've been cooking all afternoon. #today,Neutral,Neutral
it is a annual service,Neutral,Neutral
I'm outraged about the trip. 😤,Anger,Negative
The film was heavyhearted. 😡,Disappointment,Negative
"I'm worried sick, the dog next door growled at me.",Fear,Negative
"Honestly, this is bad",Disappointment,Negative
i bought this headset last week and it smells terrible,Disappointment,Negative
That was so irritating! #today,Anger,Negative
The journey is full of life!!,Joy,Positive
My heart is so full when I'm with my baby girl.,Love,Positive
"Listening to the birds in the park, completely satisfied.",Contentment,Positive
"Feeling broken, she left without saying goodbye.",Sadness,Negative
"Setup took two minutes, worth every penny.",Joy,Positive
What a wonderful day! My sister passed her exams.,Joy,Positive
"Staying positive about the negotiations, it will work out. #thoughts",Hope,Positive
"Just so you know, the city council meets on Monday evening. #thoughts",Neutral,Neutral
The novel was not amazing.,Disappointment,Negative
The lecture was dismayed.,Disappointment,Negative
I need to buy groceries before Friday.,Neutral,Neutral
This whole thing is just poor.,Disappointment,Negative
I feel intrigued because of our move.,Curiosity,Neutral
The museum is open from nine to five on weekdays.,Neutral,Neutral
Hoping and praying for the new business.,Hope,Positive
Can't believe how very good the event turned out. #today,Joy,Positive
"According to the schedule, the survey takes about ten minutes.",Neutral,Neutral
I wonder whether the team met with the vendor yesterday!!,Curiosity,Neutral
Our trip was lousy. #news,Disappointment,Negative
Definitely dreadful: the update.,Disappointment,Negative
Talking to the walls again. I feel so alone.,Loneliness,Negative
I picked up the parcel from the library this morning.,Neutral,Neutral
I can't thank my teachers enough for everything you did for us.,Gratitude,Positive
Thank you to the nurses for all your help this year.,Gratitude,Positive
The ice cream was nice. #weekend,Joy,Positive
"Anxiety is through the roof, I might lose my house.",Fear,Negative
"The public restroom was so dirty, I nearly turned back.",Disgust,Negative
The ice cream was slow and full of bugs.,Disappointment,Negative
That was so ruined!,Disappointment,Negative
"I believe in the negotiations, better days are ahead.",Hope,Positive
The receptionist is full of charm.,Joy,Positive
Everything feels empty since I found our old photos.,Sadness,Negative
My flight lands at six o'clock tomorrow. #news,Neutral,Neutral
Update: the watch was delivered to the front desk.,Neutral,Neutral
This whole thing is just useful.,Joy,Positive
I'm heartbroken that I lost my job after ten years. #weekend,Sadness,Negative
i'd love to learn how the pyramids were built,Curiosity,Neutral
Our next meeting is scheduled for the second week of May!!,Neutral,Neutral
The laptop made my day easier!!,Joy,Positive
the interface was frustrating tbh,Disappointment,Negative
The park was spacious but the neighbourhood was run down.,Ambivalence,Neutral
"Can't sleep, too excited about the weekend trip to the coast. 😊",Excitement,Positive
"Overall, the coffee was perfect.",Joy,Positive
My flight lands at seven in the evening tomorrow.,Neutral,Neutral
"Honestly, call me later.",Neutral,Neutral
Can't believe how superb the campsite turned out.,Joy,Positive
Feeling so happy today.,Joy,Positive
Gross! I saw a rat in the restaurant.,Disgust,Negative
i'm so disappointed that the concert was cancelled,Disappointment,Negative
I felt adorable today.,Love,Positive
The software supports both two-factor login and Linux.,Neutral,Neutral
"Honestly, pretty discredited.",Disappointment,Negative
The manager was friendly but the receptionist was annoying. #weekend,Ambivalence,Neutral
"One step at a time, I know we'll get through this.",Hope,Positive
"Not unacceptable, not excellent. The waiter was just okay.",Ambivalence,Neutral
The soundtrack here is unremarkable.,Ambivalence,Neutral
"The coffee was mediocre, though the steak was fantastic!!",Ambivalence,Neutral
"Part of me is excited about the renovation, but part of me is dreading it.",Ambivalence,Neutral
the plot was so so tbh,Ambivalence,Neutral
"I feel sick, the meat looked grey and slimy.",Disgust,Negative
The phone made my day simpler. 😊,Joy,Positive
"Honestly, pretty broken.",Disappointment,Negative
Counting down the days until the grand opening next week!,Excitement,Positive
"Can't stop the tears, my best friend moved away.",Sadness,Negative
Forever grateful to my coach for the thoughtful gift.,Gratitude,Positive
i found the headset to be perfect,Joy,Positive
This coffee made everything smoother.,Joy,Positive
I watched a documentary about urban gardening last night.,Neutral,Neutral
the album is full of character,Joy,Positive
i can see the good and the bad in living in the city,Ambivalence,Neutral
The next bike to Toronto departs at nine in the morning.,Neutral,Neutral
Feeling disgusted today.,Disgust,Negative
This train station made everything less reliable. 😤,Disappointment,Negative
Update: the mattress is way too flimsy. #mood,Disappointment,Negative
The coffee was scary. 😡,Fear,Negative
"I'm thrilled, our team won the championship! What's next? 😍",Excitement,Positive
"I can't believe it, we reached our fundraising goal! So pumped!",Excitement,Positive
I felt virtuous today.,Joy,Positive
The software made my day clunkier.,Disappointment,Negative
"Feeling isolated, staring at my phone waiting for someone to reply. #weekend",Loneliness,Negative
This whole thing is just dejected.,Sadness,Negative
"Got the desk lamp yesterday, it stopped working after two days.",Disappointment,Negative
Everything felt adoring.,Love,Positive
"I adore my boyfriend, always will. ❤️",Love,Positive
I feel curious today.,Curiosity,Neutral
"The smell from the garbage was unbearable, it made me gag. #mood",Disgust,Negative
Update: the desk lamp stopped working after two days.,Disappointment,Negative
The latest sandwich made things more confusing. 👎,Disappointment,Negative
"Honestly, this is so sad",Sadness,Negative
"So much joy today, the new apartment turned out lovely. ❤️",Joy,Positive
My new keyboard has been flawless so far.,Joy,Positive
"Feeling broken, my friend stopped talking to me.",Sadness,Negative
Can't believe how dirty the museum turned out.,Disgust,Negative
Absolutely the worst book I can remember.,Disappointment,Negative
I can't stop praising the phone.,Joy,Positive
i signed up for a class on sunday,Neutral,Neutral
Announcement: the deadline has been extended to next week.,Neutral,Neutral
not fantastic: the cashier,Disappointment,Negative
"not shallow, not captivating. the show was just okay",Ambivalence,Neutral
Who decided that a week has seven days?,Curiosity,Neutral
Which day does the clinic close?!!,Curiosity,Neutral
I've been reading emails all afternoon.,Neutral,Neutral
Everything felt excruciating. 👎,Disappointment,Negative
The delivery driver was light.,Neutral,Neutral
update: the speaker makes my life so much easier,Joy,Positive
My new jacket is made of stainless steel.,Neutral,Neutral
The app was not seamless. 😞,Disappointment,Negative
The update comes with cloud backup and iOS.,Neutral,Neutral
"The coffee is not delicious, sadly. #update",Disappointment,Negative
So so alone about the news right now.,Loneliness,Negative
It is a late manager.,Neutral,Neutral
The software was grouchy.,Anger,Negative
Everything felt excellent.,Joy,Positive
Hoping and praying for the economy next year. #daily,Hope,Positive
Not top notch: the ice cream.,Disappointment,Negative
This laptop was a total scam.,Disappointment,Negative
Feeling afraid about the reunion.,Fear,Negative
I felt celebrated today!!,Joy,Positive
"Everything works smoothly, couldn't be happier. #update",Joy,Positive
The sandwich was threatening.,Fear,Negative
reminder: the package weighs about two kilograms,Neutral,Neutral
"So down today, my relationship ended. #thoughts",Sadness,Negative
The documentary was digital.,Neutral,Neutral
I love my husband more than words can say. #mood,Love,Positive
This whole thing is just friendly. 😊,Joy,Positive
"Feeling discouraged, my plans fell through again.",Disappointment,Negative
No complaints about the headset at all.,Joy,Positive
i bought this tent last week and it arrived damaged,Disappointment,Negative
Feeling absolutely delighted that I gave the speech without stumbling.,Joy,Positive
The class looked open.,Neutral,Neutral
The gym was so run down!,Disappointment,Negative
Can you tell me where the nearest clinic is? #daily,Curiosity,Neutral
Game day! The whole stadium is electric and I'm loving it.,Excitement,Positive
The latest hotel room made things more confusing.,Disappointment,Negative
Everything felt superior. #thoughts,Joy,Positive
"Surprisingly, the staff was not slow at all!",Joy,Positive
this sandwich was full of flavour,Joy,Positive
"Part of me is excited about the ending of the series, but part of me is dreading it. #news",Ambivalence,Neutral
"Honestly, pretty relaxing.",Contentment,Positive
I'm having brunch with an old classmate tomorrow.,Neutral,Neutral
"Absolutely revolting, the chicken smelled off.",Disgust,Negative
I'll be out of the office on Friday.,Neutral,Neutral
Everything felt bereaved.,Sadness,Negative
i'm going to the office after work,Neutral,Neutral
"I worked so hard for this and it paid off, my manager praised my work.",Pride,Positive
The clinic closes at six on weekdays.,Neutral,Neutral
Everything felt entertaining.,Joy,Positive
I sent the plan to the sales department.,Neutral,Neutral
The show was a complete disaster.,Disappointment,Negative
"The router was poor, though the laptop was reliable.",Ambivalence,Neutral
"Grateful for everyone who helped, the hike ended with an incredible view!!",Gratitude,Positive
the airport was annual,Neutral,Neutral
Definitely alright: the staff.,Ambivalence,Neutral
The blender I ordered looks and works great.,Joy,Positive
Does anyone know who invented the bicycle?,Curiosity,Neutral
Please note that the new timetable comes into effect in March.,Neutral,Neutral
The match is located on the second floor.,Neutral,Neutral
Everything feels empty since my grandfather passed away.,Sadness,Negative
That was so frustrated!,Disappointment,Negative
The coffee is full of delays.,Disappointment,Negative
"I'm livid, they cancelled the event with no notice!",Anger,Negative
Honestly I'm torn about the new policy.,Ambivalence,Neutral
I found the breakfast to be flavorful.,Joy,Positive
Definitely delicious: the coffee.,Joy,Positive
OMG we opened our own bakery!!,Excitement,Positive
hoping and praying for the harvest this year,Hope,Positive
I'm so proud that I ran my first ten kilometres!,Pride,Positive
I thought the battery was absolutely okay.,Ambivalence,Neutral
"it wasn't clean, sadly",Disappointment,Negative
That was so dignifying!,Joy,Positive
"Feeling blessed, the whole family got together for dinner.",Gratitude,Positive
"Honestly, the game was pretty so so.",Ambivalence,Neutral
"I'm worried sick, the biopsy results come tomorrow.",Fear,Negative
The class is full of creativity. #today,Joy,Positive
the keyboard i ordered has been flawless so far,Joy,Positive
"I can't stop crying, my best friend moved away.",Sadness,Negative
my brother works in procurement,Neutral,Neutral
Would not recommend the concert. 👎,Disappointment,Negative
This whole thing is just enterprising.,Joy,Positive
That was so lovable! 👍,Love,Positive
"So proud of everyone involved, I passed my driving test.",Pride,Positive
reminder: the team met with the vendor yesterday,Neutral,Neutral
"Honestly, pretty glad.",Joy,Positive
"Thank you all, I gave the speech without stumbling and I owe it to you.",Gratitude,Positive
The staff here is careless.,Anger,Negative
The curry was unacceptable.,Anger,Negative
The technician was grand!!,Joy,Positive
So optimistic about the exam right now.,Hope,Positive
"So proud of everyone involved, I learned to swim at forty.",Pride,Positive
definitely perfect: the book,Joy,Positive
The bank is on the second floor next to the kitchen. #news,Neutral,Neutral
"Nobody to share it with, sitting at a table for one.",Loneliness,Negative
"It was an ordinary weekend, nothing much happened.",Neutral,Neutral
Feeling angry about the test.,Anger,Negative
"Perfect fit, it looks and feels great.",Joy,Positive
"Honestly, pretty beneficial. #update",Joy,Positive
"What a letdown, the results were worse than I expected.",Disappointment,Negative
our plot was ordinary,Ambivalence,Neutral
Reminder: the seminar is held every second Tuesday.,Neutral,Neutral
The headset made my day harder to use.,Disappointment,Negative
the camera is busy and open,Neutral,Neutral
Perfect fit: it looks and feels great! #life,Joy,Positive
"This makes me so angry, someone cut in line right in front of me! 👎",Anger,Negative
"overall, the concert was delightful",Joy,Positive
"Honestly, the lecture was pretty abysmal.",Disappointment,Negative
What a blamable day.,Disappointment,Negative
The restaurant left a terrible impression.,Disappointment,Negative
Thanks for the update.,Neutral,Neutral
"Support replied instantly, absolutely love it.",Joy,Positive
I felt courageous today.,Joy,Positive
"Not draining, not great. The flight was just okay!!",Ambivalence,Neutral
"Anxiety is through the roof, there's a storm heading straight for us. 👎",Fear,Negative
So good!,Joy,Positive
This documentary made everything worse.,Disappointment,Negative
The salad was so pathetic!,Anger,Negative
Definitely average: the weekend.,Ambivalence,Neutral
"The design is ugly, very disappointed.",Disappointment,Negative
Nobody makes my heart flutter like my husband.,Love,Positive
I really disliked the pasta. 😡,Disappointment,Negative
"The novel was repetitive, though the play was first class.",Ambivalence,Neutral
The package is compatible with iOS and two-factor login.,Neutral,Neutral
The city announced new opening hours for the city centre.,Neutral,Neutral
I'm heartbroken that my grandmother's health is getting worse.,Sadness,Negative
I've been wondering what lives at the bottom of the ocean.,Curiosity,Neutral
What a sick day. #daily,Disappointment,Negative
"Wow, I got into my dream university! I'm buzzing! #today",Excitement,Positive
"Honestly, fantastic service 😍",Joy,Positive
"Honestly, pretty intellectual.",Joy,Positive
The class was a breath of fresh air.,Joy,Positive
"Just so you know, the software update includes several bug fixes.",Neutral,Neutral
Everything felt disheartened.,Disappointment,Negative
The service wasn't great at all.,Disappointment,Negative
I felt glorious today.,Joy,Positive
The app is available on both Android and iOS.,Neutral,Neutral
My parents surprised me with a visit and I couldn't be happier.,Joy,Positive
Sending a huge thank you to the whole team for everything you did for us.,Gratitude,Positive
I'm honestly isolated about the flight.,Loneliness,Negative
That was so strong!,Joy,Positive
Can't believe how perfect the technician turned out.,Joy,Positive
I have a call with the bank at noon.,Neutral,Neutral
I miss having someone to talk to. Sitting in an empty apartment.,Loneliness,Negative
I expected the documentary to be terrible but it wasn't.,Joy,Positive
Quiet moment: doing a jigsaw puzzle by the lamp. Life is good.,Contentment,Positive
Best match I've ever had!,Joy,Positive
The bakery is closed on Wednesdays.,Neutral,Neutral
"So much joy today, the doctor said I'm completely healthy.",Joy,Positive
My ex spread rumours about me and I'm fuming.,Anger,Negative
"Not awful at all, much better than expected!!",Joy,Positive
The apartment made my day slower.,Disappointment,Negative
I can't thank my mentor enough for everything you did for us.,Gratitude,Positive
Gross! There was a cockroach in my noodles.,Disgust,Negative
The salad was long.,Neutral,Neutral
I'm working from home this week. #update,Neutral,Neutral
the delivery driver looked national,Neutral,Neutral
"the support team was fabulous, although the waiter was useless",Ambivalence,Neutral
Hoping and praying for our plans for next year.,Hope,Positive
"I'm so scared, the wildfire is getting closer to our town.",Fear,Negative
i'm sickened about the new job,Disgust,Negative
I can't believe how frustrating the weekend was.,Disappointment,Negative
I miss having someone to talk to. Eating dinner alone again.,Loneliness,Negative
It is a blue technician.,Neutral,Neutral
This phone broke on the first use.,Disappointment,Negative
Hoping and praying for the test results.,Hope,Positive
"graduating has its ups and downs, i can't decide",Ambivalence,Neutral
The new hire blew me away.,Joy,Positive
Standing tall today because I ran the whole marathon. #weekend,Pride,Positive
The pizza here is disappointing. 😡,Disappointment,Negative
"Surprisingly, the cashier was not worthless at all!",Joy,Positive
The app comes with dark mode and voice search. #monday,Neutral,Neutral
Everything felt abhorrent.,Disappointment,Negative
"surprisingly, the cafe was not awful at all",Joy,Positive
I bought this backpack last week and it is worth every penny.,Joy,Positive
"the screen is gorgeous, five stars",Joy,Positive
The curry was catastrophic.,Disappointment,Negative
Feeling so sad today because another year passed without seeing my family.,Sadness,Negative
i'm reading a book about renewable energy,Neutral,Neutral
"not rude at all, pleasantly surprised",Joy,Positive
i really disliked the class,Disappointment,Negative
My flight lands at nine in the morning tomorrow.,Neutral,Neutral
Announcement: the clinic accepts appointments by phone.,Neutral,Neutral
Feeling overwhelmed about the storm.,Sadness,Negative
"Staying positive about my recovery, it will work out.",Hope,Positive
"Such a peaceful evening, cooking a slow Sunday lunch.",Contentment,Positive
"What a letdown, the trip didn't live up to the hype.",Disappointment,Negative
Proud of myself because the client loved our proposal!!,Pride,Positive
Perfect! #daily,Joy,Positive
This game made everything simpler.,Joy,Positive
It was nasty. 👎,Disgust,Negative
Our event was frustrating. #thoughts,Disappointment,Negative
This curry made everything more reliable.,Joy,Positive
sending a huge thank you to my teachers for being there when i needed you,Gratitude,Positive
Who is in charge of the gym?,Curiosity,Neutral
Just okay today,Ambivalence,Neutral
Definitely impressive: the soup.,Joy,Positive
The documentary was joyless.,Disappointment,Negative
"Surprisingly, the plot was not repetitive at all!",Joy,Positive
The post office moved to a new building last month.,Neutral,Neutral
My new water bottle makes my life so much easier.,Joy,Positive
Is it true that the library is closed on Sundays?,Curiosity,Neutral
I can't believe how atrocious the laptop was.,Anger,Negative
That was so scandalous!,Disappointment,Negative
This sandwich was full of lies.,Disappointment,Negative
The software was not delightful.,Disappointment,Negative
Everything feels empty since she left without saying goodbye.,Sadness,Negative
Honestly the curry was not very perfect.,Disappointment,Negative
I'm so happy that my grandmother recovered fully!,Joy,Positive
Everything felt attractive.,Joy,Positive
This documentary was full of creativity!!,Joy,Positive
that was so dismal,Disappointment,Negative
That was so broke!,Disappointment,Negative
"The best phone ever, hands down.",Joy,Positive
The grand opening next week is going to be epic!!!,Excitement,Positive
The weekend was so really good! #update,Joy,Positive
"Feeling isolated, going to bed early because nobody is around.",Loneliness,Negative
my new tent has been flawless so far,Joy,Positive
The dessert was not bland at all.,Joy,Positive
Words can't express how thankful I am for your help. #today,Gratitude,Positive
"First day of my dream course tomorrow, I'm so ready! 😊",Excitement,Positive
Bitterly disappointed: our vacation was ruined by the weather. #thoughts,Disappointment,Negative
"Thanks a lot, really appreciate it #news",Gratitude,Positive
"Honestly, utterly useless",Disappointment,Negative
I bought this jacket last week and it exceeded my expectations.,Joy,Positive
will do today,Neutral,Neutral
"I can't sleep from anxiety, the building shook during the earthquake.",Fear,Negative
Everything felt fake.,Disappointment,Negative
"Honestly, pretty glamorous.",Joy,Positive
Nobody makes my heart flutter like my niece.,Love,Positive
My match was incredible today.,Joy,Positive
The train station was really really good.,Joy,Positive
The battery looked green.,Neutral,Neutral
Definitely incredible: the waiter. #thoughts,Joy,Positive
Update: the office chair arrived on Tuesday. #monday,Neutral,Neutral
It was woeful.,Sadness,Negative
I can't believe how lovely the support team was!,Joy,Positive
the sandwich was top notch tbh,Joy,Positive
The teacher was the worst part of my week. #mood,Disappointment,Negative
today i did the laundry,Neutral,Neutral
Everything felt faultless.,Joy,Positive
the customer care was frustrating tbh,Disappointment,Negative
Slow living at its best: tending to my plants in the sunshine!!,Contentment,Positive
the museum is closed on mondays,Neutral,Neutral
The book has fifteen chapters and an index. #today,Neutral,Neutral
What is the best way to start learning photography? #today,Curiosity,Neutral
That was so repressing!,Disappointment,Negative
Great job today,Joy,Positive
"Overall, the service was horrible.",Disappointment,Negative
"Such a peaceful evening, swinging on the porch at dusk.",Contentment,Positive
The campsite was slow and full of mistakes.,Disappointment,Negative
Graduating is a mixed bag for me.,Ambivalence,Neutral
Best hotel I've ever had!,Joy,Positive
The driver ruined everything.,Anger,Negative
I'm terrified because the doctor wants more tests.,Fear,Negative
The play was unworthy.,Disappointment,Negative
What a cheerful day.,Joy,Positive
I'll be out of the office on Thursday.,Neutral,Neutral
"Terrible day, never again. #thoughts",Disappointment,Negative
It was energetic.,Excitement,Positive
This whole thing is just caring.,Love,Positive
the battery was really fine,Ambivalence,Neutral
The restaurant was a real treat.,Joy,Positive
This whole thing is just lamenting.,Sadness,Negative
Praying that the new business turns out fine.,Hope,Positive
Feeling excited about the move to a new city.,Excitement,Positive
"Wow, I ran my first ten kilometres! I'm buzzing!",Excitement,Positive
What an undeserving day.,Disappointment,Negative
"Feeling broken, the summer ended and everyone went home. #life",Sadness,Negative
"Staying positive about the peace talks, it will work out.",Hope,Positive
"What a letdown, the cake collapsed in the oven.",Disappointment,Negative
"Best day ever, I saved enough for my first car!",Joy,Positive
Watching him chew with his mouth open turned my stomach. #weekend,Disgust,Negative
The course was inspiring. 🎉,Joy,Positive
i bought this desk lamp last week and it fell apart in a week,Disappointment,Negative
The breakfast was so ordinary!,Ambivalence,Neutral
The concert looked grey.,Neutral,Neutral
Can someone explain how coffee beans are roasted?,Curiosity,Neutral
"I can't stop crying, my mentor retired and left the city.",Sadness,Negative
Update: the jacket has a two year warranty.,Neutral,Neutral
What an enjoyable day.,Joy,Positive
"Such a peaceful evening, watching the sunset from the balcony.",Contentment,Positive
I'm devastated that my relationship ended.,Sadness,Negative
Sending a huge thank you to my friends for all your help this year.,Gratitude,Positive
The apartment looked green.,Neutral,Neutral
The pool is open from nine to five on weekdays.,Neutral,Neutral
Just thinking of my niece makes me smile with love.,Love,Positive
the website was white,Neutral,Neutral
The pool is closed on Wednesdays!!,Neutral,Neutral
The software was energizing.,Excitement,Positive
Slow living at its best: sitting by the fire with a book.,Contentment,Positive
"Anxiety is through the roof, the layoffs are announced next week.",Fear,Negative
This whole thing is just fortunate.,Joy,Positive
I felt comforted today.,Contentment,Positive
Total waste of money today 😤,Disappointment,Negative
"Honestly, the pizza was pretty mouth watering.",Joy,Positive
The class covers history and volcanoes.,Neutral,Neutral
This museum made everything faster.,Joy,Positive
The app comes with the web and two-factor login.,Neutral,Neutral
my brother works in finance,Neutral,Neutral
That was so dehumanized! 👎,Disappointment,Negative
This keyboard was full of flavour.,Joy,Positive
Very happy with the headset.,Joy,Positive
"I liked the service, but the manager was mediocre.",Ambivalence,Neutral
"Nobody to share it with, talking to the walls again.",Loneliness,Negative
Fantastic service #monday,Joy,Positive
The event was glamorous.,Joy,Positive
"It crashes every few minutes, very disappointed.",Disappointment,Negative
"best day ever, i paid off my last loan",Joy,Positive
it was esteemed,Joy,Positive
The campsite was crowded. #weekend,Disappointment,Negative
The platform comes with Linux and macOS.,Neutral,Neutral
the package is compatible with cloud backup and the web,Neutral,Neutral
"I can't sleep from anxiety, the doctor wants more tests. 😡",Fear,Negative
He works in the logistics department. #thoughts,Neutral,Neutral
I'm honestly pumped about my birthday. #news,Excitement,Positive
the sandwich was not overcooked at all,Joy,Positive
The pasta was disappointing.,Disappointment,Negative
He works in the logistics department!!,Neutral,Neutral
it was distressed,Disappointment,Negative
The gym closes at six on weekdays. #thoughts,Neutral,Neutral
I bought this hoodie last week and it is useless and overpriced.,Disappointment,Negative
I can't believe how noisy the gym was.,Disappointment,Negative
i wonder whether the report is due on friday,Curiosity,Neutral
Thrilled about the concert next Friday!,Excitement,Positive
Mixed feelings.,Ambivalence,Neutral
Update: the drone is available in two sizes.,Neutral,Neutral
"i worked so hard for this and it paid off, i learned to swim at forty",Pride,Positive
"I'm thrilled, we won the science fair! What's next?",Excitement,Positive
"The customer care was attentive, although the support team was dreadful.",Ambivalence,Neutral
Would not recommend the receptionist.,Disappointment,Negative
I'm heartbroken that my best friend moved away. #daily,Sadness,Negative
My new blender is useless and overpriced.,Disappointment,Negative
The software was triumphant!!,Joy,Positive
Forever grateful to my parents for the wonderful advice.,Gratitude,Positive
The acting made my day worse.,Disappointment,Negative
The tour was really bad.,Disappointment,Negative
Can't believe how incredible the technician turned out.,Joy,Positive
The hotel was so really good!,Joy,Positive
Not perfect: the plot.,Disappointment,Negative
I left my umbrella at the pharmacy.,Neutral,Neutral
The smoke alarm is beeping and I smell smoke and I'm shaking with fear.,Fear,Negative
Everything felt harmonious. #life,Contentment,Positive
Thank you to the whole team for everything you did for us.,Gratitude,Positive
"my heart is racing with excitement, i passed my driving test",Excitement,Positive
this watch is made of stainless steel,Neutral,Neutral
So grateful that I saved enough for my first car.,Gratitude,Positive
Easily the best weekend of my life.,Joy,Positive
"Calm and cozy today, listening to the birds in the park.",Contentment,Positive
The latest version adds voice search and iOS.,Neutral,Neutral
I'm optimistic about the weather this weekend.,Hope,Positive
I feel frustrated today.,Disappointment,Negative
"thank you all, my son graduated with honours and i owe it to you",Gratitude,Positive
the ending was average tbh,Ambivalence,Neutral
This vacuum cleaner is made of stainless steel.,Neutral,Neutral
I found the plot to be impressive.,Joy,Positive
The hotel room was terrible. 😢,Disappointment,Negative
The toaster I ordered was a total scam.,Disappointment,Negative
"Honestly, pretty vain. 😢",Disappointment,Negative
Proud of myself because I stood up for myself.,Pride,Positive
"The soundtrack was not atrocious, but not lovely either.",Ambivalence,Neutral
I feel positive today.,Hope,Positive
I really hope the new business goes well.,Hope,Positive
The customer care was really quick.,Joy,Positive
The shop we loved closed down and I just feel numb.,Sadness,Negative
The cafe was excellent.,Joy,Positive
I'd love to learn how the stock market works.,Curiosity,Neutral
It was abandoned.,Loneliness,Negative
OMG my grandmother recovered fully!!,Excitement,Positive
i saved enough for my first car and i couldn't be happier,Joy,Positive
My new water bottle keeps disconnecting. 😢,Disappointment,Negative
"I'm thrilled, the client loved our proposal! What's next? #thoughts",Excitement,Positive
Everything felt dangerous.,Fear,Negative
The steak looked long.,Neutral,Neutral
I've been reading emails all afternoon. #life,Neutral,Neutral
"honestly, it was fine",Ambivalence,Neutral
The whole experience made my blood boil!!,Anger,Negative
Excellent support: they replied almost instantly! #thoughts,Joy,Positive
The old cafe closed for good and I just feel numb.,Sadness,Negative
"got the watch yesterday, it came with a manual",Neutral,Neutral
I'm discouraged about the party.,Disappointment,Negative
The sandwich was angry.,Anger,Negative
That was so crying!,Sadness,Negative
I can't thank my parents enough for believing in me. #daily,Gratitude,Positive
Our book was awesome.,Joy,Positive
"Feeling discouraged, my flight got cancelled.",Disappointment,Negative
Update: the team met with the vendor yesterday.,Neutral,Neutral
Can't believe how shallow the show turned out. 😢,Disappointment,Negative
The delivery driver looked square.,Neutral,Neutral
"Honestly, pretty unacceptable.",Anger,Negative
I thought the dessert was absolutely bad.,Disappointment,Negative
feeling absolutely delighted that the concert was even better than expected,Joy,Positive
Thank you to my coach for believing in me. #monday,Gratitude,Positive
"Overall, the steak was delicious.",Joy,Positive
Forever grateful to my sister for the thoughtful gift.,Gratitude,Positive
Ew. The fridge stank of rotten fish. I can't unsee it.,Disgust,Negative
The restaurant went above and beyond.,Joy,Positive
it is a grey sushi,Neutral,Neutral
ew. the bathroom was filthy. i can't unsee it,Disgust,Negative
This keyboard stopped charging within a week.,Disappointment,Negative
I can't believe how first class the sandwich was!,Joy,Positive
The latest battery made things faster!!,Joy,Positive
"Not useful at all, what a shame. 😤",Disappointment,Negative
"Overall, the workshop was mediocre.",Disappointment,Negative
"I'm worried sick, the exam is tomorrow and I'm not ready. 😤",Fear,Negative
The letter should arrive next Tuesday.,Neutral,Neutral
The novel was enjoyable.,Joy,Positive
"I'm over the moon, the surprise party was a total success!",Joy,Positive
The update comes with offline mode and iOS. #update,Neutral,Neutral
"What a proud moment, my article got published.",Pride,Positive
My heart feels heavy. My best friend moved away.,Sadness,Negative
My brother works in finance.,Neutral,Neutral
So excited for the weekend trip to the coast!,Excitement,Positive
My experience was relaxing today.,Joy,Positive
The experience here is pathetic.,Anger,Negative
My new laptop exceeded my expectations.,Joy,Positive
"Watching the sunset from the balcony, completely satisfied.",Contentment,Positive
"Not terrible at all, much better than expected.",Joy,Positive
"Feeling broken, the old house was sold.",Sadness,Negative
How dare they? I was overcharged for the third time!,Anger,Negative
I thought the training was absolutely brilliant.,Joy,Positive
the trip was proud,Pride,Positive
the view was underwhelming tbh 👎,Disappointment,Negative
the clinic closes at six on weekdays,Neutral,Neutral
Yay! The flight landed early!,Joy,Positive
I'm furious that the driver ran the red light and nearly hit me! #mood,Anger,Negative
Definitely awesome: the breakfast!!,Joy,Positive
Today I went to the market.,Neutral,Neutral
"Overall, the plot was dreadful.",Disappointment,Negative
The sandwich was unacceptable but the dessert was very good. #news,Ambivalence,Neutral
"Got the hoodie yesterday, it stopped charging within a week.",Disappointment,Negative
Fingers crossed for the new business!,Hope,Positive
can't believe how mediocre the customer care turned out,Disappointment,Negative
What a wisest day.,Joy,Positive
"The colours are washed out, avoid at all costs.",Disappointment,Negative
"Not fun at all, very underwhelming. #life",Disappointment,Negative
I can't believe how bad the dessert was.,Disappointment,Negative
proud of myself because we finally finished the project,Pride,Positive
The curry here is brilliant.,Joy,Positive
The journey wasn't rewarding at all.,Disappointment,Negative
"So lonely tonight, going to bed early because nobody is around.",Loneliness,Negative
Update: the clinic accepts appointments by phone.,Neutral,Neutral
"Honestly, the technician was pretty atrocious.",Anger,Negative
I picked up the parcel from the bank this morning.,Neutral,Neutral
I'm honestly depressed about the visit. 😢,Sadness,Negative
The city announced new parking rules for the city centre. #mood,Neutral,Neutral
The view was horrible.,Disappointment,Negative
The software was buggy. 😢,Disappointment,Negative
The charger was superb but the interface was unreliable.,Ambivalence,Neutral
Everything felt cheerful.,Joy,Positive
everything felt easy,Joy,Positive
The refund should arrive on Wednesday.,Neutral,Neutral
The pizza wasn't amazing at all.,Disappointment,Negative
Definitely fine: the view.,Ambivalence,Neutral
I felt undesirable today.,Disappointment,Negative
"honestly, pretty harmonic",Joy,Positive
it was heartless,Disappointment,Negative
"surprisingly, the course was not annoying at all",Joy,Positive
Nobody makes my heart flutter like my cat.,Love,Positive
The flight was excellent.,Joy,Positive
I can't believe how awful the waiter was.,Disappointment,Negative
I felt tops today.,Joy,Positive
"This makes me so angry, the company denied my refund! 😡",Anger,Negative
The movie was pathetic.,Anger,Negative
"Not boring at all, would go again.",Joy,Positive
Honestly not reliable. #update,Disappointment,Negative
It is a yellow journey.,Neutral,Neutral
"I can't believe it, someone scratched my car and drove off. Absolutely unacceptable! #mood",Anger,Negative
the driver was painfully slow,Disappointment,Negative
I'm terrified because my heart was pounding after that scary noise. 😢,Fear,Negative
"All is calm, tending to my plants in the sunshine.",Contentment,Positive
"The sandwich was mediocre, though the pasta was great.",Ambivalence,Neutral
I expected the software to be poor but it wasn't.,Joy,Positive
I'm truly thankful because our team won the championship.,Gratitude,Positive
Gross! Somebody left their dirty socks in the sink. 😞,Disgust,Negative
The app here is bad.,Disappointment,Negative
I'm so happy that I got into my dream university!,Joy,Positive
This toaster was delivered to the front desk.,Neutral,Neutral
the latest acting made things easier,Joy,Positive
"honestly, the concert was pretty very poor",Disappointment,Negative
"Such a peaceful evening, baking bread on a slow afternoon.",Contentment,Positive
My new drone is way too flimsy. #life,Disappointment,Negative
"Nobody to share it with, making plans that nobody joins.",Loneliness,Negative
It wasn't dull at all!,Joy,Positive
It is a old keyboard. #monday,Neutral,Neutral
Can't believe how brilliant the plot turned out.,Joy,Positive
The interface was outstanding but the laptop was flimsy.,Ambivalence,Neutral
"I can't sleep from anxiety, the dog next door growled at me.",Fear,Negative
"The curry is not fabulous, sadly. #life",Disappointment,Negative
I need to pick up the parcel before Friday.,Neutral,Neutral
My training was perfect today.,Joy,Positive
i thought the staff was absolutely standard,Ambivalence,Neutral
Easily the best pizza of my life.,Joy,Positive
best meal i've ever had,Joy,Positive
how do i get to the bakery from the metro stop?,Curiosity,Neutral
This staff was full of joy.,Joy,Positive
The event was painfully slow. #life,Disappointment,Negative
The journey looked second.,Neutral,Neutral
Easily the worst cake of my life.,Disappointment,Negative
I can't believe how annoying the cashier was.,Disappointment,Negative
"Got the laptop yesterday, it arrived on Tuesday. #life",Neutral,Neutral
the library moved to a new building last month,Neutral,Neutral
it was dreadful,Fear,Negative
My customer care was horrible today.,Disappointment,Negative
The plot was really confusing.,Disappointment,Negative
The phone was incensed. #update,Anger,Negative
"grateful for everyone who helped, we opened our own bakery",Gratitude,Positive
Something tells me the negotiations will be fine.,Hope,Positive
"nobody to share it with, spending the holidays without anyone",Loneliness,Negative
"Not overpriced at all, pleasantly surprised.",Joy,Positive
"the museum was not bad, but not amazing either",Ambivalence,Neutral
"i'm livid, my ex spread rumours about me",Anger,Negative
The tablet was responsive.,Joy,Positive
Would definitely recommend the staff. 😊,Joy,Positive
"Watching the snow fall through the window, completely satisfied.",Contentment,Positive
"So much joy today, my friend returned home safely.",Joy,Positive
I bought this hoodie last week and it was shipped from the local warehouse.,Neutral,Neutral
"Ugh, I got rejected from my dream job. What a waste.",Disappointment,Negative
My ending was hilarious today.,Joy,Positive
"Honestly, pretty cute.",Joy,Positive
The show made me furious. #daily,Anger,Negative
Not perfect: the receptionist.,Disappointment,Negative
"Anxiety is through the roof, the plane hit heavy turbulence.",Fear,Negative
the training was frustrating but the flight was memorable,Ambivalence,Neutral
It was festive!!,Joy,Positive
My camera was dreadful today. #mood,Disappointment,Negative
The next bike to Toronto departs at half past four.,Neutral,Neutral
This hoodie has been flawless so far. #thoughts,Joy,Positive
My colleague went completely wrong.,Disappointment,Negative
Sending a huge thank you to my neighbours for showing up for me.,Gratitude,Positive
the trip looked local,Neutral,Neutral
The ending was adequate.,Ambivalence,Neutral
I need to renew my passport before the end of the month. #weekend,Neutral,Neutral
My brother works in procurement. #monday,Neutral,Neutral
Life is good. I saved enough for my first car.,Joy,Positive
I'm meeting a friend for brunch on Wednesday.,Neutral,Neutral
I can't believe how horrible the course was.,Disappointment,Negative
Everything felt broke.,Disappointment,Negative
Everything felt meaningless.,Disappointment,Negative
It was threatened.,Fear,Negative
Your package will be processed early next month.,Neutral,Neutral
It is a tall interview.,Neutral,Neutral
What a loyal day.,Joy,Positive
i'm meeting my neighbour for dinner on sunday,Neutral,Neutral
The tickets are available online and at the gym.,Neutral,Neutral
the kettle i ordered was shipped from the local warehouse,Neutral,Neutral
"Feeling discouraged, the project got cancelled after months of work.",Disappointment,Negative
Been reading up on what lives at the bottom of the ocean.,Curiosity,Neutral
I bought this toaster last week and it feels premium.,Joy,Positive
Just thinking of my mum makes me smile with love.,Love,Positive
I'm fed up about the exam.,Anger,Negative
That was so tragic! 😡,Sadness,Negative
Our manager was really good.,Joy,Positive
I have a meeting at half past two.,Neutral,Neutral
This whole thing is just horrific.,Disappointment,Negative
The drone I ordered stopped charging within a week.,Disappointment,Negative
It's okay.,Ambivalence,Neutral
i'm reading a book about space travel,Neutral,Neutral
This film was full of stains.,Disappointment,Negative
The plot is located on the second floor.,Neutral,Neutral
Standing tall today because my son graduated with honours. 👍,Pride,Positive
The pharmacy closes at six on weekdays.,Neutral,Neutral
"My heart is racing with excitement, my daughter made the team.",Excitement,Positive
So grateful that my son graduated with honours.,Gratitude,Positive
The hotel is full of complaints.,Disappointment,Negative
feeling miserable today,Sadness,Negative
This whole thing is just bitter.,Disappointment,Negative
The presentation is about twenty minutes long.,Neutral,Neutral
Fingers crossed for the treatment!,Hope,Positive
"It's hard not having anyone around, making plans that nobody joins.",Loneliness,Negative
I wouldn't call the film superb.,Disappointment,Negative
the hotel looked public,Neutral,Neutral
Can't believe how chaotic the training turned out.,Disappointment,Negative
Fantastic staff: they were so helpful and kind! #monday,Joy,Positive
The soup was disillusioned. 😞,Disappointment,Negative
Everything felt admired.,Joy,Positive
"Support never replied, avoid at all costs. 😢",Disappointment,Negative
The mattress I ordered is nothing like the pictures.,Disappointment,Negative
"The trip was disappointing, though the commute was really good.",Ambivalence,Neutral
Our match was disorganized.,Disappointment,Negative
That was so likeable!,Joy,Positive
"I liked the update, but the router was unusable.",Ambivalence,Neutral
The repair was pure magic. #monday,Joy,Positive
The trip was not stressful at all.,Joy,Positive
I'm reading a book about medieval castles.,Neutral,Neutral
"Just so you know, the app is available on both Android and iOS.",Neutral,Neutral
"Just me again, celebrating my birthday by myself.",Loneliness,Negative
I found the journey to be amazing. 😊,Joy,Positive
can't believe how great the interface turned out,Joy,Positive
The new apartment turned out lovely and I couldn't be happier.,Joy,Positive
The sushi was pretty.,Joy,Positive
This whole thing is just irresponsible. 😤,Anger,Negative
What an unacceptable day.,Anger,Negative
The story was euphoric.,Joy,Positive
"I liked the waiter, but the staff was impolite.",Ambivalence,Neutral
I'm annoyed about the test.,Anger,Negative
"I can't stop crying, my grandfather passed away.",Sadness,Negative
So hopeful about the deadline right now.,Hope,Positive
Our update was ordinary.,Ambivalence,Neutral
I found the class to be lovely.,Joy,Positive
My new coffee machine arrived earlier than promised.,Joy,Positive
Definitely frustrating: the waiter.,Disappointment,Negative
The salad is southern and round.,Neutral,Neutral
the weekend was really bad tbh 😤,Disappointment,Negative
The weekend was adequate.,Ambivalence,Neutral
i bought this coffee machine last week and it comes in three colours,Neutral,Neutral
Definitely perfect: the technician.,Joy,Positive
I can't believe how dreadful the receptionist was.,Disappointment,Negative
This whole thing is just rejective.,Disappointment,Negative
This whole thing is just succeeding.,Joy,Positive
I found the play to be pathetic.,Anger,Negative
"Honestly, it is Tuesday today.",Neutral,Neutral
The customer care was so unacceptable!,Anger,Negative
"Honestly, pretty horrible. 👎",Disappointment,Negative
I felt fumed today.,Anger,Negative
"Got the speaker yesterday, it stopped working after two days.",Disappointment,Negative
"I'm frozen with dread, the stock market crashed and I'm invested. 😡",Fear,Negative
It was praising.,Joy,Positive
It was worsening.,Disappointment,Negative
This coffee machine arrived earlier than promised.,Joy,Positive
The gym is open from nine to five on weekdays.,Neutral,Neutral
My workshop was bad today.,Disappointment,Negative
I moved to a new city and haven't made a single friend.,Loneliness,Negative
The coffee was distrustful!!,Disappointment,Negative
the city announced new parking rules for the north district,Neutral,Neutral
"Honestly, the weekend was pretty miserable.",Disappointment,Negative
"What a letdown, the game was postponed once more. 👎",Disappointment,Negative
Thrilled about the weekend trip to the coast!,Excitement,Positive
"I worked so hard for this and it paid off, I ran my first ten kilometres.",Pride,Positive
Proud of myself because we cleaned up the entire beach.,Pride,Positive
My colleague was a total letdown. 😢,Disappointment,Negative
"It runs silently, couldn't be happier. #news",Joy,Positive
the vacuum cleaner i ordered came with a manual,Neutral,Neutral
"the technician was not mediocre, but not amazing either",Ambivalence,Neutral
Life is good. I passed my driving test.,Joy,Positive
"I can't believe it, the concert was even better than expected! So pumped! #today",Excitement,Positive
This gym made everything more confusing. 😞,Disappointment,Negative
"I liked the plot, but the album was lousy.",Ambivalence,Neutral
What an inspirational day. 🎉,Joy,Positive
Lovely host: she made us feel right at home! ❤️,Joy,Positive
"Anxiety is through the roof, the biopsy results come tomorrow.",Fear,Negative
"Honestly, loved every minute",Joy,Positive
they mentioned the manager in the newsletter,Neutral,Neutral
That was so supreme!!!,Joy,Positive
Feeling really anxious because I'm walking home alone in the dark.,Fear,Negative
please note that the office moved to the third floor,Neutral,Neutral
"Absolutely revolting, the water from the tap was brown.",Disgust,Negative
No one texted me back today. I'm used to it by now.,Loneliness,Negative
Everything felt distressful.,Disappointment,Negative
The cashier looked black.,Neutral,Neutral
I can't thank the nurses enough for everything you did for us.,Gratitude,Positive
Five stars for the book!,Joy,Positive
This sandwich was full of complaints.,Disappointment,Negative
"Absolutely revolting, there was a cockroach in my noodles.",Disgust,Negative
Hopeful that things will improve with the job application.,Hope,Positive
What a liked day.,Joy,Positive
"got the hoodie yesterday, it is better than i imagined",Joy,Positive
What a mess today,Disappointment,Negative
the show was talented,Joy,Positive
It was ideal. 🎉,Joy,Positive
The rain finally stopped in time for the wedding and I couldn't be happier. #update,Joy,Positive
"So proud of everyone involved, we won the science fair. #life",Pride,Positive
I found the interview to be tiresome. #weekend,Disappointment,Negative
This whole thing is just frustrating.,Disappointment,Negative
"It wasn't good, sadly.",Disappointment,Negative
Every day with my grandmother is a gift and I'm so in love.,Love,Positive
the novel is full of joy,Joy,Positive
The train station here is spacious. #weekend,Joy,Positive
The tent I ordered arrived earlier than promised. #thoughts,Joy,Positive
"Not rude at all, I'm actually impressed.",Joy,Positive
i'm pumped about the party,Excitement,Positive
I felt ambitious today. #today,Joy,Positive
Easily the worst weekend of my life.,Disappointment,Negative
This whole thing is just earnest.,Joy,Positive
The salad was trapped. 😤,Disappointment,Negative
I felt heartbreaking today.,Sadness,Negative
I cherish my cat so much.,Love,Positive
Can't stop smiling because the hike ended with an incredible view. 👍,Joy,Positive
"Only three more days until the festival, I can barely sit still!!!",Excitement,Positive
So afraid of what the future holds.,Fear,Negative
Wonderful news ❤️,Joy,Positive
"what a letdown, my exam went terribly",Disappointment,Negative
They promised to fix it three times and did nothing. I'm livid.,Anger,Negative
I'm optimistic about my health!!,Hope,Positive
Everything felt lucky.,Joy,Positive
The new schedule is posted on the notice board. #daily,Neutral,Neutral
"Not enjoyable at all, quite a letdown.",Disappointment,Negative
The concert was a total letdown.,Disappointment,Negative
It is a large park.,Neutral,Neutral
"Honestly, pretty astounded!!",Joy,Positive
I bought this keyboard last week and it is worth every penny.,Joy,Positive
My colleague left a terrible impression.,Disappointment,Negative
The laptop was amazing but the interface was frustrating.,Ambivalence,Neutral
Feeling so sad today because my dog died last night. #weekend,Sadness,Negative
"Yuck, the water from the tap was brown.",Disgust,Negative
it was complimentary,Joy,Positive
Not lovely: the service. 😤,Disappointment,Negative
Fingers crossed for the job application! #monday,Hope,Positive
"There was a cockroach in my noodles, it made me gag.",Disgust,Negative
I can't believe how underwhelming the cashier was. 😤,Disappointment,Negative
Something tells me the interview tomorrow will be fine.,Hope,Positive
I felt stinking today.,Disgust,Negative
"So nervous, my heart was pounding after that scary noise. 😢",Fear,Negative
I'm meeting my sister for coffee on Friday.,Neutral,Neutral
"Honestly, this terrifies me",Fear,Negative
She is head of the finance team.,Neutral,Neutral
"Nothing works properly, total garbage. #monday",Disappointment,Negative
I found the concert to be gorgeous.,Joy,Positive
It was appalled.,Disappointment,Negative
I'm devastated that another year passed without seeing my family.,Sadness,Negative
I feel annoyed because of the surgery on Monday.,Anger,Negative
The screen was fascinated.,Joy,Positive
Can't believe how frustrating the steak turned out. 😢,Disappointment,Negative
I'm devastated that the old house was sold. 😡,Sadness,Negative
"Worst coffee ever, avoid.",Disappointment,Negative
"Surprisingly, the acting was not forgettable at all! #mood",Joy,Positive
The soundtrack looked narrow.,Neutral,Neutral
Does anyone know if the bus route changes next week?,Curiosity,Neutral
"I'm over the moon, my article got published!",Joy,Positive
I'm so proud that our team won the championship! ❤️,Pride,Positive
Nobody makes my heart flutter like my dad.,Love,Positive
I felt thankful today.,Gratitude,Positive
I can't believe how fantastic the app was!,Joy,Positive
I can't believe how really good the coffee was! #weekend,Joy,Positive
"The colours are washed out, very disappointed.",Disappointment,Negative
I thought the waiter was absolutely so so.,Ambivalence,Neutral
my heart is so full when i'm with my grandparents,Love,Positive
Easily the best purchase of my life.,Joy,Positive
The event here is horrible.,Disappointment,Negative
So grateful that our baby took her first steps. 🎉,Gratitude,Positive
Feeling irritated about my presentation.,Anger,Negative
"Honestly, brilliant!",Joy,Positive
My pet rabbit died and I just feel numb. 👎,Sadness,Negative
I can't thank my coach enough for your patience.,Gratitude,Positive
the gym was impressive tbh,Joy,Positive
"My heart is pounding, there's a storm heading straight for us.",Fear,Negative
I feel hopeful today.,Hope,Positive
i usually take the bus to work,Neutral,Neutral
Sincere thanks to the team for working late to get this done.,Gratitude,Positive
The match was not tiresome at all.,Joy,Positive
"Not overpriced at all, much better than expected. 😊",Joy,Positive
I can't believe how pathetic the course was.,Anger,Negative
Do not bother with the sushi.,Disappointment,Negative
Update: the office moved to the third floor!!,Neutral,Neutral
the dinner was delicious tbh,Joy,Positive
I'm optimistic about the treatment. ❤️,Hope,Positive
I feel at peace because of my birthday.,Contentment,Positive
How do I get to the library from the bus stop?,Curiosity,Neutral
The interface was gleeful.,Joy,Positive
Feeling absolutely delighted that we opened our own bakery.,Joy,Positive
Today I'm joyful.,Joy,Positive
the story did not meet my expectations,Disappointment,Negative
wondering if the museum offers guided tours in the morning,Curiosity,Neutral
I feel so happy today. #mood,Joy,Positive
The support team was so pathetic!,Anger,Negative
The latest app made things clunkier.,Disappointment,Negative
What a truthful day.,Joy,Positive
The ice cream was really underwhelming.,Disappointment,Negative
I can't believe how wonderful the neighbourhood was!,Joy,Positive
That was so arrogant! #thoughts,Anger,Negative
The hotel was not smelly at all.,Joy,Positive
"what a proud moment, i got promoted today",Pride,Positive
I keep asking myself how vaccines are developed.,Curiosity,Neutral
This soundtrack made everything slower.,Disappointment,Negative
we are reviewing the contract and will get back to you,Neutral,Neutral
"I adore my dad, always will. 😍",Love,Positive
"honestly, pretty bereaved",Sadness,Negative
the commute here is delightful,Joy,Positive
I cherish my mum so much.,Love,Positive
we are having lunch at seven in the evening,Neutral,Neutral
I watched a documentary about ancient Rome last night. #daily,Neutral,Neutral
I thought the tablet was absolutely so so.,Ambivalence,Neutral
This delivery driver made everything slower. #weekend,Disappointment,Negative
"FYI, the library is closed on Sundays.",Neutral,Neutral
What a discontented day. #today,Disappointment,Negative
"Not satisfying at all, I wouldn't go back. #news",Disappointment,Negative
This kettle arrived on Tuesday.,Neutral,Neutral
"My heart is racing with excitement, the surprise party was a total success.",Excitement,Positive
I'm over the moon about the move to a new city.,Joy,Positive
It was superior. 🎉,Joy,Positive
The experience wasn't very good at all. 😞,Disappointment,Negative
"Not great at all, quite a letdown.",Disappointment,Negative
I found the journey to be stressful.,Disappointment,Negative
Feeling heartbroken about my presentation.,Sadness,Negative
The lecture was valued.,Joy,Positive
The receptionist here is fabulous. #today,Joy,Positive
"It hurts so much, my relationship ended. 👎",Sadness,Negative
I asked my neighbour about the schedule!!,Neutral,Neutral
"This makes me so angry, he lied to my face!",Anger,Negative
It was encouraging. #thoughts,Joy,Positive
The service went completely wrong.,Disappointment,Negative
I thought the lecture was absolutely underwhelming.,Disappointment,Negative
Superb quality today,Joy,Positive
I'm heartbroken that my friend stopped talking to me.,Sadness,Negative
The battery was really really bad.,Disappointment,Negative
I have to return the library books on Monday.,Neutral,Neutral
definitely adequate: the screen,Ambivalence,Neutral
It wasn't bad at all!,Joy,Positive
"Not terrible at all, I'm actually impressed.",Joy,Positive
The sandwich was earnest.,Joy,Positive
"I worked for years on this and today I finally defended my thesis, so proud of myself!",Pride,Positive
So let down today because the game was postponed once more.,Disappointment,Negative
I can't believe how really good the view was!,Joy,Positive
"I can't believe it, I got the job offer! So pumped!",Excitement,Positive
The gym here is disappointing.,Disappointment,Negative
my new laptop is worth every penny,Joy,Positive
i usually take the tram to work,Neutral,Neutral
"Battery lasts all day, couldn't be happier.",Joy,Positive
"The screen cracked on day one, so frustrating.",Disappointment,Negative
That was so criminal! 👎,Disappointment,Negative
Everything felt glorified.,Joy,Positive
"Perfectly relaxed, sipping tea by the window.",Contentment,Positive
The coffee machine I ordered was shipped from the local warehouse.,Neutral,Neutral
Life is good. I built the shelf all by myself!!,Joy,Positive
Forever grateful to my neighbours for your patience.,Gratitude,Positive
i felt evil today,Disappointment,Negative
Quick question: is it right that the survey takes about ten minutes?,Curiosity,Neutral
We have a team call scheduled for Monday morning.,Neutral,Neutral
i cherish my grandparents so much,Love,Positive
"Not chaotic, not great. The commute was just okay.",Ambivalence,Neutral
"Got the kettle yesterday, it stopped working after two days. #today",Disappointment,Negative
"FYI, the lecture was moved to another room.",Neutral,Neutral
The whole experience was beyond frustrating.,Anger,Negative
It is a heavy workshop.,Neutral,Neutral
The whole experience had me smiling all day.,Joy,Positive
Can't believe how confusing the laptop turned out.,Disappointment,Negative
"Perfectly relaxed, doing a jigsaw puzzle by the lamp.",Contentment,Positive
My new mattress stopped working after two days. #weekend,Disappointment,Negative
What time does the clinic open on Friday?,Curiosity,Neutral
"My heart is pounding, the stock market crashed and I'm invested.",Fear,Negative
My heart feels heavy. The old cafe closed for good. 😢,Sadness,Negative
"My heart is pounding, I have to speak in front of two hundred people.",Fear,Negative
The tour was empty.,Neutral,Neutral
"Not annoying at all, would go again.",Joy,Positive
"i worked so hard for this and it paid off, we won the science fair",Pride,Positive
I felt awful today.,Disappointment,Negative
It was trusty.,Joy,Positive
That was so frustrating!,Disappointment,Negative
The repair let everyone down.,Disappointment,Negative
Can't believe how dull the soundtrack turned out.,Disappointment,Negative
The flight was lovely and full of charm!!,Joy,Positive
how do i get to the museum from the train stop?,Curiosity,Neutral
That was so unjust!,Anger,Negative
This acting made everything faster.,Joy,Positive
"All is calm, baking bread on a slow afternoon.",Contentment,Positive
Is it true that the software update includes several bug fixes? #monday,Curiosity,Neutral
i can't believe how outstanding the tour was,Joy,Positive
The results were worse than I expected. Not what I hoped for at all.,Disappointment,Negative
"Enough is enough, the bank charged me hidden fees! 👎",Anger,Negative
i'm heading to berlin on sunday,Neutral,Neutral
definitely bad: the airport,Disappointment,Negative
Update: the keyboard has a two year warranty.,Neutral,Neutral
"Got the keyboard yesterday, it exceeded my expectations.",Joy,Positive
The workshop is held in the main hall. #today,Neutral,Neutral
I need to reply to the email before the weekend.,Neutral,Neutral
I can see the good and the bad in moving abroad.,Ambivalence,Neutral
"Fuming right now, the driver almost ran me over and didn't even apologize.",Anger,Negative
"I believe in the weather this weekend, better days are ahead.",Hope,Positive
The app looked digital.,Neutral,Neutral
i felt sinful today,Disappointment,Negative
Sending a huge thank you to my teachers for showing up for me!!,Gratitude,Positive
My new headset smells terrible.,Disappointment,Negative
feeling torn today,Ambivalence,Neutral
My breakfast was awesome today!!,Joy,Positive
I can't wait for the birthday party on Saturday!,Excitement,Positive
Feeling really anxious because the building shook during the earthquake.,Fear,Negative
"Got the vacuum cleaner yesterday, it has been flawless so far.",Joy,Positive
The airport was lovely and full of charm. #today,Joy,Positive
That was so downhearted!,Sadness,Negative
they are discussing the proposal in the research meeting,Neutral,Neutral
This whole thing is just aghast.,Fear,Negative
The bakery is closed on Fridays. #thoughts,Neutral,Neutral
"Honestly, such a treat",Joy,Positive
Feeling really anxious because my heart was pounding after that scary noise. 👎,Fear,Negative
The support team was underwhelming.,Disappointment,Negative
The app includes offline mode and the web.,Neutral,Neutral
the dessert was really incredible,Joy,Positive
"The sandwich was covered in green mould, it made me gag. 👎",Disgust,Negative
Thank you to my friends for believing in me. #monday,Gratitude,Positive
Worst movie I've ever had. 😤,Disappointment,Negative
Nothing feels better than a hug from my twin.,Love,Positive
I can't thank the whole team enough for your kindness. 🎉,Gratitude,Positive
Can't believe how great the soup turned out.,Joy,Positive
"Calm and cozy today, floating in the pool on a warm afternoon. 🎉",Contentment,Positive
it was creative,Joy,Positive
The teacher made my blood boil. 😞,Anger,Negative
The salad is full of joy.,Joy,Positive
The phone was alright. #life,Ambivalence,Neutral
The novel is full of lies. 😤,Disappointment,Negative
I'm angry about the game tonight.,Anger,Negative
My keyboard was alright today.,Ambivalence,Neutral
The novel was really unacceptable.,Anger,Negative
I expected the pizza to be annoying but it wasn't.,Joy,Positive
Spending another weekend with nobody to call and nobody cares.,Loneliness,Negative
What a villainous day. 😞,Disappointment,Negative
I'm optimistic about the job application.,Hope,Positive
I really hope my health goes well. 👍,Hope,Positive
I'm devastated that I found our old photos.,Sadness,Negative
Everything felt bitter.,Disappointment,Negative
I can't believe how very poor the salad was.,Disappointment,Negative
What a hurtful day. 👎,Disappointment,Negative
"Battery drains within a couple of hours, total garbage.",Disappointment,Negative
"Honestly, pretty joyous.",Joy,Positive
Not sure how to feel about the promotion.,Ambivalence,Neutral
"Got the mattress yesterday, it arrived damaged.",Disappointment,Negative
Can't stop smiling because my article got published.,Joy,Positive
awful support and they ignored my emails for weeks,Disappointment,Negative
"FYI, the office moved to the third floor. #monday",Neutral,Neutral
I'd love to learn why the sky is blue.,Curiosity,Neutral
The city centre was lovely and full of warmth.,Joy,Positive
Feeling pumped today.,Excitement,Positive
"Nothing to do, nowhere to be, just having a lazy morning with coffee. So content.",Contentment,Positive
"I'm livid, the neighbours partied until four in the morning!",Anger,Negative
the package arrived broken. not what i hoped for at all,Disappointment,Negative
Super hyped because I passed my driving test!,Excitement,Positive
Eating dinner alone again. I feel so alone. #monday,Loneliness,Negative
The teacher was a pleasure.,Joy,Positive
I thought the flight was absolutely incredible. #news,Joy,Positive
Super hyped because we finally finished the project!,Excitement,Positive
The app includes the web and iOS. #thoughts,Neutral,Neutral
"the software was top notch, although the phone was unreliable",Ambivalence,Neutral
"Thank you all, I got into my dream university and I owe it to you.",Gratitude,Positive
i'm undecided about moving abroad,Ambivalence,Neutral
The pasta was slow and full of stains.,Disappointment,Negative
Please note that the meeting is scheduled for Thursday afternoon.,Neutral,Neutral
This weekend was full of energy.,Joy,Positive
It was mirthful.,Joy,Positive
"The hotel room was delightful, although the beach was dingy.",Ambivalence,Neutral
Just thinking of my boyfriend makes me smile with love.,Love,Positive
I hate the workshop.,Anger,Negative
So let down today because I didn't get the promotion. 😤,Disappointment,Negative
Every day with my niece is a gift and I'm so in love.,Love,Positive
can't believe how superb the sushi turned out,Joy,Positive
"Overall, the update was responsive.",Joy,Positive
My dad means the world to me.,Love,Positive
"Watching the rain from the porch, completely satisfied.",Contentment,Positive
It is a small delivery driver.,Neutral,Neutral
"I'm so scared, the stock market crashed and I'm invested.",Fear,Negative
I thought the app was absolutely clunky.,Disappointment,Negative
Everything felt stressful. #news,Disappointment,Negative
What time does the cafe open on Monday?,Curiosity,Neutral
"Overall, the event was disorganized. 😢",Disappointment,Negative
Forever grateful to my parents for all your help this year.,Gratitude,Positive
The burger has been updated.,Neutral,Neutral
"Got the kettle yesterday, it makes my life so much easier.",Joy,Positive
The tablet was laggy but the app was delightful.,Ambivalence,Neutral
I'm so disappointed that the results were worse than I expected.,Disappointment,Negative
it was adored,Love,Positive
the manager had me smiling all day,Joy,Positive
Update: the watch is exactly what I needed.,Joy,Positive
The customer care was disappointing but the waiter was really good.,Ambivalence,Neutral
Everything felt confident.,Joy,Positive
Our breakfast was adequate.,Ambivalence,Neutral
"It runs silently, five stars.",Joy,Positive
I left my umbrella at the museum.,Neutral,Neutral
I can't thank the whole team enough for believing in me.,Gratitude,Positive
The album was slow and full of complaints.,Disappointment,Negative
see you at noon today,Neutral,Neutral
"Not great at all, what a shame.",Disappointment,Negative
it was serene,Contentment,Positive
"Enough is enough, they cancelled my order without telling me!!!",Anger,Negative
"The man spat on the pavement next to me, it made me gag. #thoughts",Disgust,Negative
It was radiant.,Joy,Positive
I felt cruel today.,Anger,Negative
The update includes voice search and macOS.,Neutral,Neutral
Everything felt crude.,Disappointment,Negative
Bitterly disappointed: the results were worse than I expected. 😞,Disappointment,Negative
The haircut is at noon tomorrow.,Neutral,Neutral
"i adore my baby girl, always will",Love,Positive
The keyboard was really delightful.,Joy,Positive
The router was really glitchy!!,Disappointment,Negative
Update: the backpack feels premium. 😊,Joy,Positive
"Not boring at all, pleasantly surprised.",Joy,Positive
This whole thing is just livid.,Anger,Negative
"i'm worried sick, my heart was pounding after that scary noise",Fear,Negative
the headset was overpriced tbh #news,Disappointment,Negative
Do you know if the bank is open on Saturday?,Curiosity,Neutral
"Feeling broken, my sister moved overseas. #monday",Sadness,Negative
That was so charmed!,Joy,Positive
What a harsh day.,Disappointment,Negative
What a laughing day.,Joy,Positive
The service was an absolute mess.,Disappointment,Negative
"Honestly, pretty complimentary.",Joy,Positive
Just thinking of my kids makes me smile with love.,Love,Positive
Feeling afraid today.,Fear,Negative
That was so excruciating! #update,Disappointment,Negative
What a degraded day. 😢,Disappointment,Negative
I wouldn't call the apartment top notch.,Disappointment,Negative
The shipment should arrive by the end of the day.,Neutral,Neutral
On my way today,Neutral,Neutral
"Drinking hot chocolate under a blanket, feeling completely at peace.",Contentment,Positive
The screen looked white.,Neutral,Neutral
i bought this jacket last week and it works perfectly,Joy,Positive
I'm so proud that my manager praised my work!,Pride,Positive
The trip was the highlight of my week.,Joy,Positive
We are having breakfast at ten thirty. #mood,Neutral,Neutral
Feeling worried about our move.,Fear,Negative
Everything felt idealistic.,Joy,Positive
"thank you all, the surprise party was a total success and i owe it to you",Gratitude,Positive
This whole thing is just kind.,Joy,Positive
My ice cream was great today.,Joy,Positive
Nothing feels better than a hug from my girlfriend.,Love,Positive
Does anyone know if the temperature is around twenty degrees today?,Curiosity,Neutral
Got it.,Neutral,Neutral
"Honestly, pretty glorious.",Joy,Positive
I'm reading a book about jazz history. #update,Neutral,Neutral
"Overall, the steak was so so.",Ambivalence,Neutral
The documentary wasn't lovely at all.,Disappointment,Negative
"The zipper broke immediately, avoid at all costs.",Disappointment,Negative
"Feeling isolated, scrolling through my phone with no one to text.",Loneliness,Negative
The tablet looked wide. #news,Neutral,Neutral
Feeling hopeful about next season.,Hope,Positive
Ew. The chicken smelled off. I can't unsee it.,Disgust,Negative
I can't believe how awful the album was.,Disappointment,Negative
Life is good. We adopted a puppy.,Joy,Positive
I found the lecture to be relaxing.,Joy,Positive
They mentioned the book in the newsletter.,Neutral,Neutral
The museum is full of life. #thoughts,Joy,Positive
Easily the worst service of my life.,Disappointment,Negative
"Not helpful at all, what a shame.",Disappointment,Negative
She gave a talk about the French revolution on Monday.,Neutral,Neutral
The manual is available in three languages. #monday,Neutral,Neutral
can't believe how perfect the soundtrack turned out,Joy,Positive
Counting down the days until our wedding next month!,Excitement,Positive
I felt neat today.,Joy,Positive
Feeling miserable about the game tonight. #mood,Sadness,Negative
The class covers chemistry and renewable energy.,Neutral,Neutral
"Thank you all, I learned to swim at forty and I owe it to you.",Gratitude,Positive
That was so awful!,Disappointment,Negative
This whole thing is just relaxed.,Contentment,Positive
"Enough is enough, the neighbours partied until four in the morning!",Anger,Negative
I can't believe how repetitive the play was.,Disappointment,Negative
She is head of the HR team.,Neutral,Neutral
The park was impressive.,Joy,Positive
Received.,Neutral,Neutral
The cashier is light and rectangular.,Neutral,Neutral
"Enough is enough, they cancelled the event with no notice! #mood",Anger,Negative
So unsure about the trip right now.,Ambivalence,Neutral
"Grateful for everyone who helped, I gave the speech without stumbling.",Gratitude,Positive
The latest resort made things harder to use.,Disappointment,Negative
I really hope the job application goes well.,Hope,Positive
The coffee machine I ordered arrived earlier than promised.,Joy,Positive
Can't believe how fabulous the ice cream turned out.,Joy,Positive
Everything felt lively.,Joy,Positive
Bad food and every dish was bland and cold.,Disappointment,Negative
Is the ending worth checking out?,Curiosity,Neutral
The next train to Delhi departs at ten thirty. #life,Neutral,Neutral
I'm so disappointed that our vacation was ruined by the weather.,Disappointment,Negative
The book has fifteen chapters and an index.,Neutral,Neutral
Everything felt threatening.,Fear,Negative
This lecture was full of bugs.,Disappointment,Negative
I'll be at the office until nine in the morning.,Neutral,Neutral
Today I'm thrilled. #update,Excitement,Positive
I cherish my dog so much.,Love,Positive
"Perfectly relaxed, watching the rain from the porch.",Contentment,Positive
Slow living at its best: reading in the garden.,Contentment,Positive
the platform is compatible with voice search and file sharing,Neutral,Neutral
"Honestly, pretty poisonous.",Disgust,Negative
My heart feels heavy. My relationship ended.,Sadness,Negative
"The best cake ever, hands down. 😍",Joy,Positive
the burger was divine,Joy,Positive
The tour is full of stains.,Disappointment,Negative
Everything felt motivated.,Joy,Positive
definitely miserable: the training,Disappointment,Negative
The update was so awesome!,Joy,Positive
can't believe how poor the keyboard turned out,Disappointment,Negative
"Got the kettle yesterday, it is exactly what I needed.",Joy,Positive
Update: the office chair broke on the first use.,Disappointment,Negative
What a sickening day. #daily,Disgust,Negative
The flight is full of warmth.,Joy,Positive
Poor quality today!!,Disappointment,Negative
Falling in love with my grandmother all over again. 😊,Love,Positive
"Excellent support, they replied almost instantly.",Joy,Positive
So devastated about my presentation right now.,Sadness,Negative
the salad was fresh,Joy,Positive
The beach is full of mistakes.,Disappointment,Negative
I felt safe today.,Joy,Positive
Everything felt trustful.,Joy,Positive
I bought this vacuum cleaner last week and it was delivered to the front desk.,Neutral,Neutral
"Honestly, will do.",Neutral,Neutral
It was arrogant. 😞,Anger,Negative
update: the headset is available in two sizes,Neutral,Neutral
"Honestly, pretty charming. 😍",Joy,Positive
This airport made everything more confusing.,Disappointment,Negative
Sitting in an empty apartment. I wish someone would call.,Loneliness,Negative
The class covers music and renewable energy!!,Neutral,Neutral
Our holiday in Italy is going to be epic!,Excitement,Positive
I have mixed feelings about moving abroad. #news,Ambivalence,Neutral
Definitely inspiring: the ending.,Joy,Positive
What is the story behind the customer care?,Curiosity,Neutral
Something tells me the surgery next week will be fine.,Hope,Positive
The film is full of mistakes.,Disappointment,Negative
"Not bad, not great.",Ambivalence,Neutral
Life is good. I completed the coding bootcamp.,Joy,Positive
Everything feels empty since I lost my job after ten years.,Sadness,Negative
best day i've had in years,Joy,Positive
The training was lovely and full of flavour.,Joy,Positive
"i can't believe it, they ignored my complaint for weeks. absolutely unacceptable",Anger,Negative
The technician is full of creativity.,Joy,Positive
The weekend was so useless!,Disappointment,Negative
I found the burger to be mediocre. #monday,Disappointment,Negative
I found the phone to be perfect. #life,Joy,Positive
Just thinking of my baby girl makes me smile with love.,Love,Positive
What a fraudulent day.,Disappointment,Negative
Feeling really anxious because the doctor wants more tests.,Fear,Negative
The movie here is superb.,Joy,Positive
The next metro to Lisbon departs at six o'clock.,Neutral,Neutral
"It doesn't fit at all, avoid at all costs.",Disappointment,Negative
The conference room can hold ten people.,Neutral,Neutral
I feel unsure today.,Ambivalence,Neutral
I can't believe how pathetic the event was.,Anger,Negative
I found the hotel room to be adequate.,Ambivalence,Neutral
The beach is full of charm.,Joy,Positive
The album will be reviewed next week!!,Neutral,Neutral
"Not awful at all, would go again.",Joy,Positive
"Sunday morning, warm coffee, no plans. I'm perfectly content.",Contentment,Positive
the platform comes with ios and the web,Neutral,Neutral
OMG the neighbours threw us a surprise party!!,Excitement,Positive
Standing tall today because I got the job offer. ❤️,Pride,Positive
It was courageous.,Joy,Positive
That was so valued!,Joy,Positive
"My heart is pounding, the dog next door growled at me. 😞",Fear,Negative
heads up: the conference takes place in berlin this year,Neutral,Neutral
"I adore my mum, always will.",Love,Positive
Nobody makes my heart flutter like my whole family.,Love,Positive
"Honestly, pretty energetic. 👍",Excitement,Positive
Can't believe how dreadful the sushi turned out.,Disappointment,Negative
I'll call a friend after dinner.,Neutral,Neutral
"FYI, the shop stocks both paper and digital editions.",Neutral,Neutral
Can't believe how perfect the laptop turned out!!,Joy,Positive
"Part of me is excited about the new policy, but part of me is dreading it.",Ambivalence,Neutral
this coffee machine requires two batteries,Neutral,Neutral
"Ugh, I didn't get the promotion. What a waste. #monday",Disappointment,Negative
This whole thing is just astounding. 😊,Joy,Positive
I can't believe how spotless the gym was!,Joy,Positive
Everything felt exhilarated.,Excitement,Positive
Feeling at peace about the hearing.,Contentment,Positive
The class is rectangular and late.,Neutral,Neutral
"thank you all, my parents surprised me with a visit and i owe it to you",Gratitude,Positive
The workshop was inspired.,Joy,Positive
My breakfast was fine today.,Ambivalence,Neutral
My training was standard today.,Ambivalence,Neutral
Definitely mediocre: the airport.,Disappointment,Negative
"It doesn't fit at all, completely useless.",Disappointment,Negative
i used the pizza this morning,Neutral,Neutral
Simple pleasures: having a lazy morning with coffee. I'm perfectly content.,Contentment,Positive
I'm meeting my neighbour for brunch on Monday. #update,Neutral,Neutral
"I believe in next season, better days are ahead.",Hope,Positive
That was a disgraceful decision and I'm angry about it.,Anger,Negative
The curry was sympathetic.,Joy,Positive
The phone was slow and full of scratches.,Disappointment,Negative
Everything feels empty since my relationship ended. 😤,Sadness,Negative
"Honestly, the museum was pretty really bad.",Disappointment,Negative
we usually have lunch at nine in the morning,Neutral,Neutral
I thought the breakfast was absolutely unacceptable.,Anger,Negative
The staff made my day more confusing!!,Disappointment,Negative
"Feeling discouraged, my exam went terribly.",Disappointment,Negative
The game was lovely and full of energy.,Joy,Positive
My brother works in finance. #daily,Neutral,Neutral
The laptop was dreadful. 😢,Fear,Negative
the platform is compatible with cloud backup and android,Neutral,Neutral
The software was horrible.,Disappointment,Negative
I really hope the interview tomorrow goes well.,Hope,Positive
This training was full of problems. 😢,Disappointment,Negative
the store has a sale on winter coats until monday,Neutral,Neutral
This course was full of flavour. #monday,Joy,Positive
"This makes me so angry, my manager blamed me for his mistake!",Anger,Negative
"The delivery driver was delightful, although the staff was inattentive.",Ambivalence,Neutral
what time does the bakery open on monday?,Curiosity,Neutral
"Honestly, the ice cream was pretty overcooked.",Disappointment,Negative
I felt respectable today.,Joy,Positive
I love my kids more than words can say.,Love,Positive
"What a proud moment, my manager praised my work. 🎉",Pride,Positive
I can't believe how underwhelming the movie was.,Disappointment,Negative
Quick question: is it right that the shop is next to the post office? #today,Curiosity,Neutral
i need to return the library books before friday,Neutral,Neutral
Fingers crossed for my recovery!,Hope,Positive
Update: the vacuum cleaner is useless and overpriced.,Disappointment,Negative
I felt ashamed today.,Disappointment,Negative
Scrolling through my phone with no one to text and nobody cares.,Loneliness,Negative
I'm so proud that my article got published! #update,Pride,Positive
the soundtrack was really really good,Joy,Positive
"The evenings are the hardest, when the house goes silent.",Loneliness,Negative
"The screen is gorgeous, absolutely love it.",Joy,Positive
The battery made my day clunkier.,Disappointment,Negative
He works in the marketing department.,Neutral,Neutral
Can't believe how brilliant the burger turned out.,Joy,Positive
Definitely superb: the support team.,Joy,Positive
I felt enthusiastic today. #mood,Excitement,Positive
The class was worth every minute. ❤️,Joy,Positive
The dinner was really bland.,Disappointment,Negative
It was glamourous.,Joy,Positive
It was apocalyptic. #weekend,Disappointment,Negative
I miss having someone to talk to. Eating cereal for dinner by myself.,Loneliness,Negative
"Honestly, pretty distrustful.",Disappointment,Negative
Very unhappy with the book.,Disappointment,Negative
"I can't believe it, he lied to my face. Absolutely unacceptable! 👎",Anger,Negative
The support team was unremarkable.,Ambivalence,Neutral
The cashier was really average.,Ambivalence,Neutral
Feeling very anxious today #thoughts,Fear,Negative
My new backpack arrived on Tuesday. #daily,Neutral,Neutral
the keyboard i ordered was delivered to the front desk,Neutral,Neutral
Your package will be processed on Wednesday.,Neutral,Neutral
My colleague wasted my whole afternoon. #mood,Anger,Negative
I need to book the tickets before the end of the month. #thoughts,Neutral,Neutral
"Honestly, how does it work?",Curiosity,Neutral
What an earnest day.,Joy,Positive
Do you know if the bakery is open on Sunday?,Curiosity,Neutral
The software supports both cloud backup and Windows.,Neutral,Neutral
Something tells me the scholarship decision will be fine. #weekend,Hope,Positive
Been reading up on who invented the bicycle.,Curiosity,Neutral
Is the book worth checking out?,Curiosity,Neutral
Definitely excellent: the novel. #daily,Joy,Positive
"Amazing food, every dish was full of flavour.",Joy,Positive
Can't believe how atrocious the novel turned out. #monday,Anger,Negative
This whole thing is just inspirational.,Joy,Positive
I have a job interview at noon.,Neutral,Neutral
I'm depressed about the party.,Sadness,Negative
I'm undecided about the software redesign.,Ambivalence,Neutral
Feeling furious about the flight. 😞,Anger,Negative
What a troubled day.,Disappointment,Negative
I keep asking myself how electric cars work.,Curiosity,Neutral
The latest waiter made things smoother. #daily,Joy,Positive
i feel optimistic today,Hope,Positive
My aunt means the world to me.,Love,Positive
The website was a waste of time and money. #news,Disappointment,Negative
"Everything works smoothly, five stars.",Joy,Positive
This tour was full of bugs.,Disappointment,Negative
So grossed out about the trip right now.,Disgust,Negative
Can't stop smiling because I got into my dream university.,Joy,Positive
I'm furious that the neighbours partied until four in the morning!,Anger,Negative
I found the service to be fine!!,Ambivalence,Neutral
Best weekend I've had in years.,Joy,Positive
They are discussing the application in the legal meeting.,Neutral,Neutral
The workshop is held in the main hall!!,Neutral,Neutral
Praying that the audition on Friday turns out fine.,Hope,Positive
This journey made everything slower.,Disappointment,Negative
I feel cheerful because of the reunion.,Joy,Positive
I can't believe how incredible the soundtrack was!,Joy,Positive
Feeling really anxious because I might lose my house.,Fear,Negative
I'm honestly cheerful about the new job.,Joy,Positive
The book was really confusing. 😞,Disappointment,Negative
That was so elated!,Joy,Positive
that was so sprightly,Joy,Positive
This kettle is listed on the second page.,Neutral,Neutral
The burger is full of warmth. 🎉,Joy,Positive
the package comes with file sharing and windows,Neutral,Neutral
The interface was neglected.,Loneliness,Negative
"Honestly, pretty distressed.",Disappointment,Negative
The match did not meet my expectations.,Disappointment,Negative
The latest website made things slower.,Disappointment,Negative
The support team was bullying.,Disappointment,Negative
This cashier made everything less reliable.,Disappointment,Negative
I signed up for a class on Friday.,Neutral,Neutral
the steak was awesome tbh,Joy,Positive
That was so fond! 👍,Love,Positive
Really impressed by the game.,Joy,Positive
"Can't stop the tears, my cat went missing.",Sadness,Negative
Thank you to my mentor for your endless support.,Gratitude,Positive
"The bathroom was filthy, it made me gag.",Disgust,Negative
Today I'm sad.,Sadness,Negative
"The best day ever, hands down.",Joy,Positive
the router was affectionate,Love,Positive
"Feeling isolated, spending another weekend with nobody to call.",Loneliness,Negative
can't believe how entertaining the story turned out,Joy,Positive
This whole thing is just exuberant.,Excitement,Positive
Does anyone know if the presentation is about twenty minutes long? #today,Curiosity,Neutral
I can see the good and the bad in the new manager.,Ambivalence,Neutral
The staff made me furious.,Anger,Negative
Standing tall today because the client loved our proposal.,Pride,Positive
That was so vile!,Disgust,Negative
"It hurts so much, my sister moved overseas. #today",Sadness,Negative
it was despondent,Sadness,Negative
What an irritated day.,Anger,Negative
"The play was not useless, but not hilarious either. #mood",Ambivalence,Neutral
so torn about the surgery on monday right now,Ambivalence,Neutral
I have mixed feelings about the new manager.,Ambivalence,Neutral
"All is calm, sitting by the fire with a book.",Contentment,Positive
Today I'm torn.,Ambivalence,Neutral
"It hurts so much, we said goodbye at the airport.",Sadness,Negative
The class was awesome.,Joy,Positive
The pasta is full of stains.,Disappointment,Negative
"honestly, the experience was pretty lovely",Joy,Positive
The tour was useless but the commute was relaxing.,Ambivalence,Neutral
The coffee was remorseless.,Disappointment,Negative
We are having brunch at nine in the morning.,Neutral,Neutral
My heart is so full when I'm with my whole family. #daily,Love,Positive
The website was slow and full of stains.,Disappointment,Negative
i'll call an old classmate after dinner,Neutral,Neutral
this manager made everything more confusing,Disappointment,Negative
"Just me again, watching everyone else with their friends.",Loneliness,Negative
The restaurant was way better than I expected. #today,Joy,Positive
My heart feels heavy. I heard she is very ill.,Sadness,Negative
"The album is not first class, sadly. 😤",Disappointment,Negative
The acting looked second!!,Neutral,Neutral
I'm so disappointed that my flight got cancelled.,Disappointment,Negative
The service looked flat.,Neutral,Neutral
Completely disappointed by the cafe. 👎,Disappointment,Negative
"Worst teacher ever, avoid.",Disappointment,Negative
the book was captivating tbh #news,Joy,Positive
This breakfast made everything slower. 👎,Disappointment,Negative
the phone was short,Neutral,Neutral
Panic rose in my chest as the water reached my knees.,Fear,Negative
This vacuum cleaner smells terrible.,Disappointment,Negative
That was so unhealthy!,Disappointment,Negative
I felt prejudiced today.,Disappointment,Negative
I can't believe how really bad the journey was.,Disappointment,Negative
I'm so angry right now,Anger,Negative
"I liked the campsite, but the museum was dirty.",Ambivalence,Neutral
"Not dull at all, I'm actually impressed.",Joy,Positive
"Honestly, the tablet was pretty really good.",Joy,Positive
I really hope my recovery goes well.,Hope,Positive
"Battery drains within a couple of hours, avoid at all costs.",Disappointment,Negative
I'm devastated that we said goodbye at the airport.,Sadness,Negative
"My heart is racing with excitement, I got promoted today. 😍",Excitement,Positive
Feeling thrilled today.,Excitement,Positive
Sending a huge thank you to my sister for your kindness.,Gratitude,Positive
The train station was superb.,Joy,Positive
Nothing feels better than a hug from my dog.,Love,Positive
Thank you to my teachers for showing up for me.,Gratitude,Positive
"Just me again, scrolling through my phone with no one to text. #mood",Loneliness,Negative
what time does the museum open on sunday?,Curiosity,Neutral
Falling in love with my grandparents all over again!!,Love,Positive
What time does the pool open on Wednesday?,Curiosity,Neutral
i have a job interview at noon,Neutral,Neutral
Everything felt downhearted. 😞,Sadness,Negative
I felt glorified today.,Joy,Positive
"All is calm, cooking a slow Sunday lunch. #thoughts",Contentment,Positive
That was so stressful!,Disappointment,Negative
"Just me again, staring at my phone waiting for someone to reply.",Loneliness,Negative
The latest battery made things less reliable.,Disappointment,Negative
This training made everything faster.,Joy,Positive
what a wonderful day! the results came back all clear,Joy,Positive
My friend stopped talking to me and I just feel numb.,Sadness,Negative
"Best day ever, we adopted a puppy!",Joy,Positive
The latest delivery driver made things clunkier.,Disappointment,Negative
"Honestly, the headset was pretty useless.",Disappointment,Negative
"Got the office chair yesterday, it is available in two sizes.",Neutral,Neutral
I'm so scared today,Fear,Negative
This toaster is exactly what I needed.,Joy,Positive
Trying to figure out why we dream.,Curiosity,Neutral
I'm furious that the delivery guy threw the package over the fence!,Anger,Negative
everything felt beautiful,Joy,Positive
I thought the commute was absolutely top notch.,Joy,Positive
the store has a sale on books until friday,Neutral,Neutral
I can't believe how crowded the apartment was.,Disappointment,Negative
How dare they? Someone cut in line right in front of me! 😞,Anger,Negative
Yay! My daughter made the team!,Joy,Positive
"So lonely tonight, celebrating my birthday by myself.",Loneliness,Negative
That was so relaxing!,Contentment,Positive
Can't stop smiling because the flight landed early.,Joy,Positive
please note that the webinar covers the basics of budgeting,Neutral,Neutral
This gym made everything simpler!!,Joy,Positive
That was so yummy!,Joy,Positive
Worst pizza I've ever had.,Disappointment,Negative
The museum was so spacious!,Joy,Positive
What a horrendous day.,Disappointment,Negative
I expected the update to be dreadful but it wasn't.,Joy,Positive
Can't believe how tiresome the course turned out. #thoughts,Disappointment,Negative
Eating lunch by myself at my desk and nobody cares.,Loneliness,Negative
I'm let down about the wedding. #news,Disappointment,Negative
the soup was fine tbh,Ambivalence,Neutral
"Feeling discouraged, the trip didn't live up to the hype. 😢",Disappointment,Negative
The marketing team sent an update in the morning.,Neutral,Neutral
"The staff was great, although the technician was inattentive.",Ambivalence,Neutral
definitely tasty: the burger,Joy,Positive
"i'm over the moon, we adopted a puppy",Joy,Positive
Our tablet was perfect.,Joy,Positive
I felt faithful today.,Joy,Positive
yay! my son graduated with honours,Joy,Positive
This water bottle is available in two sizes.,Neutral,Neutral
I can't thank my coach enough for everything you did for us.,Gratitude,Positive
The battery was sturdy but the screen was worthless.,Ambivalence,Neutral
I have to update my resume on Sunday.,Neutral,Neutral
Everything felt virtuous.,Joy,Positive
My resort was run down today.,Disappointment,Negative
I watched a documentary about space travel last night.,Neutral,Neutral
The movie was not annoying at all. 👍,Joy,Positive
"Honestly, pretty illegal. #mood",Disappointment,Negative
I feel comfortable because of the surgery on Monday.,Contentment,Positive
They cancelled the event with no notice and I'm fuming.,Anger,Negative
Can't believe how abysmal the software turned out.,Disappointment,Negative
The cafe is closed on Fridays.,Neutral,Neutral
"Let's stay positive, a solution will turn up. #monday",Hope,Positive
This whole thing is just funny.,Joy,Positive
I feel uneasy because of the new job.,Fear,Negative
Great app: setup took two minutes and it just works! 🎉,Joy,Positive
What a pained day. 😡,Disappointment,Negative
I have a dentist appointment at lunchtime.,Neutral,Neutral
I feel nervous today.,Fear,Negative
"The beach was perfect, although the museum was unacceptable.",Ambivalence,Neutral
Slow living at its best: cooking a slow Sunday lunch.,Contentment,Positive
I bought this watch last week and it stopped charging within a week. 😡,Disappointment,Negative
The pool is on the second floor next to the kitchen. #thoughts,Neutral,Neutral
I adore the way you laugh at your own jokes.,Love,Positive
Can't believe how fantastic the receptionist turned out.,Joy,Positive
The team was an absolute mess.,Disappointment,Negative
i'm so proud that i made it to the finals,Pride,Positive
"Not awful at all, pleasantly surprised.",Joy,Positive
I felt honorable today.,Joy,Positive
The customer care made my day faster.,Joy,Positive
"So down today, we said goodbye at the airport. 😡",Sadness,Negative
"FYI, the new timetable comes into effect in March.",Neutral,Neutral
Who is in charge of the bank?,Curiosity,Neutral
quiet moment: baking bread on a slow afternoon. life is good,Contentment,Positive
I felt astounded today. #daily,Joy,Positive
I keep asking myself why we dream.,Curiosity,Neutral
Definitely boring: the play.,Disappointment,Negative
"All is calm, watching the rain from the porch.",Contentment,Positive
What a helpless day.,Sadness,Negative
"Feeling broken, I heard she is very ill. #today",Sadness,Negative
is the gym open today?,Curiosity,Neutral
The gym was so typical!!!,Ambivalence,Neutral
Update: the office chair stopped responding again. #update,Disappointment,Negative
Our apartment was standard.,Ambivalence,Neutral
My new watch works perfectly.,Joy,Positive
that was so worsening,Disappointment,Negative
The library moved to a new building last month. #mood,Neutral,Neutral
Sending a huge thank you to the whole team for the wonderful advice.,Gratitude,Positive
The cafe is closed on Thursdays.,Neutral,Neutral
the tool comes with voice search and linux,Neutral,Neutral
The staff is full of scratches.,Disappointment,Negative
Reminder: the store opens at nine!!,Neutral,Neutral
The whole experience went above and beyond!!,Joy,Positive
I felt agonizing today.,Disappointment,Negative
Scrolling through everyone's happy photos while I eat dinner by myself. #weekend,Loneliness,Negative
"Surprisingly, the pasta was not poor at all!",Joy,Positive
I'm devastated that my friend stopped talking to me. 😢,Sadness,Negative
"The colours are vivid, highly recommend.",Joy,Positive
"according to the schedule, the meeting is scheduled for thursday afternoon",Neutral,Neutral
the update was southern,Neutral,Neutral
The apartment was irritative!!,Disappointment,Negative
Update: the blender exceeded my expectations. #monday,Joy,Positive
Best hotel I've had in years.,Joy,Positive
Something tells me the audition on Friday will be fine.,Hope,Positive
This campsite was full of flavour. 😊,Joy,Positive
I found the update to be brilliant.,Joy,Positive
"My heart is racing with excitement, the neighbours threw us a surprise party.",Excitement,Positive
it was ardent,Joy,Positive
"Got the office chair yesterday, it came with a manual.",Neutral,Neutral
Sending a huge thank you to my friends for believing in me.,Gratitude,Positive
"The support team was great, although the staff was impolite. #mood",Ambivalence,Neutral
The package is compatible with the web and file sharing.,Neutral,Neutral
Can't believe how annoying the class turned out.,Disappointment,Negative
The pharmacy moved to a new building last month!!,Neutral,Neutral
"Yuck, the smell from the garbage was unbearable.",Disgust,Negative
Is it true that the parcel is out for delivery?,Curiosity,Neutral
What a poor day. #weekend,Disappointment,Negative
the game was neither perfect nor lousy,Ambivalence,Neutral
The latest delivery driver made things harder to use.,Disappointment,Negative
Absolutely furious,Anger,Negative
"So proud of everyone involved, I finished my degree.",Pride,Positive
The course was yellow. #daily,Neutral,Neutral
I bought this drone last week and it works perfectly.,Joy,Positive
I'm honestly drained about the exam.,Sadness,Negative
Our apartment was so so.,Ambivalence,Neutral
I found the novel to be top notch.,Joy,Positive
That was so illegal!,Disappointment,Negative
That was so heroic!,Joy,Positive
That was so fake! 👎,Disappointment,Negative
The software supports both cloud backup and voice search.,Neutral,Neutral
Forever grateful to the nurses for your kindness.,Gratitude,Positive
The delivery van stops at the gym every morning.,Neutral,Neutral
It is a national view.,Neutral,Neutral
the teacher was unforgettable,Joy,Positive
"So nervous, I might lose my house.",Fear,Negative
This toaster looks and works great.,Joy,Positive
"Overall, the customer care was ordinary.",Ambivalence,Neutral
What a disastrous day.,Disappointment,Negative
I'll call my colleagues after breakfast.,Neutral,Neutral
The commute was small.,Neutral,Neutral
Been reading up on how languages evolve.,Curiosity,Neutral
The train station was horrific.,Disappointment,Negative
Update: the tent is worth every penny. ❤️,Joy,Positive
I'm reading a book about volcanoes. #news,Neutral,Neutral
What a despondent day!!,Sadness,Negative
I'd love to learn why we dream. #thoughts,Curiosity,Neutral
The novel was downcast. #thoughts,Sadness,Negative
I'm furious that my colleague took credit for my work!,Anger,Negative
"Honestly, pretty sophisticated.",Joy,Positive
can someone explain how bees make honey?,Curiosity,Neutral
That was so direful! #update,Disappointment,Negative
"what a proud moment, i passed my driving test",Pride,Positive
The support team wasn't superb at all. #monday,Disappointment,Negative
the show was pure magic,Joy,Positive
"The milk had gone sour, it made me gag.",Disgust,Negative
Today I'm grateful.,Gratitude,Positive
today i cleaned my desk,Neutral,Neutral
"Honestly, pretty breathtaking. #thoughts",Joy,Positive
"The hotel room is not great, sadly.",Disappointment,Negative
My salad was overcooked today.,Disappointment,Negative
This whole thing is just depressed.,Sadness,Negative
Would definitely recommend the salad.,Joy,Positive
Everything feels empty since my sister moved overseas. 😢,Sadness,Negative
I felt irritated today.,Anger,Negative
The airport is flat and small.,Neutral,Neutral
This coffee was full of errors.,Disappointment,Negative
My new speaker is worth every penny. 🎉,Joy,Positive
The customer care was electric. #weekend,Neutral,Neutral
no complaints about the curry at all,Joy,Positive
The receptionist was square.,Neutral,Neutral
The pizza was really fresh. 👍,Joy,Positive
"I'm so scared, someone was following me on the street.",Fear,Negative
The course did not meet my expectations. #update,Disappointment,Negative
my heart is so full when i'm with my dog,Love,Positive
"Feeling blessed, I found my lost wallet with everything inside. #weekend",Gratitude,Positive
That was so devilish! #news,Disappointment,Negative
The workshop was not worthwhile. 😢,Disappointment,Negative
Can't believe how outstanding the waiter turned out.,Joy,Positive
"I believe in the test results, better days are ahead.",Hope,Positive
Worst match I've ever had.,Disappointment,Negative
Sending a huge thank you to everyone who supported me for everything you did for us.,Gratitude,Positive
"i liked the website, but the tablet was lousy",Ambivalence,Neutral
Nothing feels better than a hug from my aunt. 😊,Love,Positive
I long for company but everyone seems far away.,Loneliness,Negative
Feeling heavy and tearful today for no clear reason. 👎,Sadness,Negative
"Honestly, many thanks!",Gratitude,Positive
The pasta was so frustrating! #weekend,Disappointment,Negative
"Sick of this, someone cut in line right in front of me. Total disrespect.",Anger,Negative
I can't believe how worthless the soup was.,Disappointment,Negative
I found the view to be poor.,Disappointment,Negative
Feeling glad about the audition.,Joy,Positive
That was so notorious! #weekend,Disappointment,Negative
this tent was shipped from the local warehouse,Neutral,Neutral
How dare they? They ignored my complaint for weeks! #daily,Anger,Negative
it was influential,Joy,Positive
The train station was considerate.,Joy,Positive
I can't believe how worthless the manager was.,Disappointment,Negative
The apartment was so ordinary!,Ambivalence,Neutral
Definitely lousy: the update.,Disappointment,Negative
Definitely average: the story.,Ambivalence,Neutral
"Nobody checks on me anymore, walking home to an empty flat.",Loneliness,Negative
The update was really poor.,Disappointment,Negative
"ugh, the results were worse than i expected. what a waste",Disappointment,Negative
Forever grateful to my friends for the thoughtful gift.,Gratitude,Positive
I bought this phone last week and it has a two year warranty.,Neutral,Neutral
"So lonely tonight, waiting for a call that never comes. #update",Loneliness,Negative
I'm so disappointed that I missed my train by a minute!!,Disappointment,Negative
Feeling hopeful about the new business.,Hope,Positive
"Honestly, very unhappy #news",Disappointment,Negative
"Nothing to do, nowhere to be, just listening to the birds in the park. So content.",Contentment,Positive
"The soundtrack is not touching, sadly.",Disappointment,Negative
Much appreciated! #thoughts,Gratitude,Positive
The latest soup made things better.,Joy,Positive
I've been wondering how airplanes stay in the air.,Curiosity,Neutral
this laptop made everything better,Joy,Positive
"The sushi was not disappointing, but not fantastic either.",Ambivalence,Neutral
The staff was rectangular.,Neutral,Neutral
My new laptop is better than I imagined.,Joy,Positive
The class ruined everything. 😡,Anger,Negative
The driver had me smiling all day.,Joy,Positive
The keyboard was heavenly.,Joy,Positive
the hotel was great tbh,Joy,Positive
My heart is so full when I'm with my girlfriend.,Love,Positive
I miss having someone to talk to. Spending the holidays without anyone.,Loneliness,Negative
This hotel room made everything more confusing.,Disappointment,Negative
"Boring course, I learned nothing new.",Disappointment,Negative
That was so unsavory!,Disappointment,Negative
The ice cream was closed.,Neutral,Neutral
"i can't believe it, the client loved our proposal! so pumped",Excitement,Positive
Hoping and praying for next season. 😍,Hope,Positive
It was proactive.,Joy,Positive
I'm pleased about the party. #mood,Joy,Positive
My dinner was very poor today.,Disappointment,Negative
The phone was abysmal but the headset was sleek.,Ambivalence,Neutral
it was laughing,Joy,Positive
The conference room can hold fifteen people.,Neutral,Neutral
Anyone know?!!,Curiosity,Neutral
The workshop was top notch but the commute was tiresome.,Ambivalence,Neutral
"I can't sleep from anxiety, someone was following me on the street.",Fear,Negative
I feel proud because of this weekend. #mood,Pride,Positive
What a disgusting day.,Disgust,Negative
"I believe in our plans for next year, better days are ahead.",Hope,Positive
everything felt merry,Joy,Positive
I cherish my baby girl so much!!,Love,Positive
This ice cream was full of warmth.,Joy,Positive
I bought this backpack last week and it came with a manual.,Neutral,Neutral
The trip was so fine!,Ambivalence,Neutral
Nothing feels better than a hug from my whole family.,Love,Positive
"The soundtrack was atrocious, though the plot was fabulous.",Ambivalence,Neutral
"Worst concert ever, avoid.",Disappointment,Negative
I read about the workshop yesterday.,Neutral,Neutral
"I expected so much more, but our team lost the final. 😤",Disappointment,Negative
The store has a sale on garden tools until Friday!!,Neutral,Neutral
Is the curry worth checking out? #life,Curiosity,Neutral
I found the sushi to be underwhelming.,Disappointment,Negative
Has anyone tried the commute?,Curiosity,Neutral
"Delivery arrived a day early, couldn't be happier.",Joy,Positive
I'm undecided about the merger. #daily,Ambivalence,Neutral
The manager was really polite.,Joy,Positive
Everything felt bully.,Disappointment,Negative
I left my umbrella at the clinic. #weekend,Neutral,Neutral
"Floating in the pool on a warm afternoon, feeling completely at peace.",Contentment,Positive
The interface is full of lies.,Disappointment,Negative
My new blender is available in two sizes.,Neutral,Neutral
Eating cereal for dinner by myself and nobody cares.,Loneliness,Negative
Nobody makes my heart flutter like my twin.,Love,Positive
I feel psyched because of the audition. 😊,Excitement,Positive
I'm heartbroken that she left without saying goodbye. 😢,Sadness,Negative
Everything felt sickening.,Disgust,Negative
The laptop was a waste of time and money.,Disappointment,Negative
"The support team was unacceptable, though the cashier was very good.",Ambivalence,Neutral
everything felt mad,Disappointment,Negative
I can see the good and the bad in the new job offer.,Ambivalence,Neutral
I miss having someone to talk to. Watching the world go by from my window.,Loneliness,Negative
This campsite made everything smoother.,Joy,Positive
I thought the novel was absolutely confusing.,Disappointment,Negative
I felt charmed today.,Joy,Positive
Proud of myself because I passed my driving test.,Pride,Positive
Everything felt enlightening. #news,Joy,Positive
The workshop is held in the main hall. #thoughts,Neutral,Neutral
The cake was fantastic but the coffee was annoying.,Ambivalence,Neutral
The sandwich is full of laughs. #today,Joy,Positive
The workshop was charmed. ❤️,Joy,Positive
I felt happy today.,Joy,Positive
the technician was annoying tbh,Disappointment,Negative
Very happy with the interface.,Joy,Positive
Definitely charming: the airport.,Joy,Positive
The cake is located on the second floor.,Neutral,Neutral
"I feel sick, I saw a rat in the restaurant.",Disgust,Negative
Can't believe how really good the museum turned out.,Joy,Positive
Do you know if the museum is open on Thursday?,Curiosity,Neutral
I'm meeting an old classmate for brunch on Monday.,Neutral,Neutral
That was so inspired!,Joy,Positive
Honestly the flight was not very smooth.,Disappointment,Negative
how do i get to the pool from the ferry stop?,Curiosity,Neutral
The pool moved to a new building last month!!,Neutral,Neutral
The show was the highlight of my week. #update,Joy,Positive
"Not satisfying at all, quite a letdown.",Disappointment,Negative
"honestly, pretty brilliant",Joy,Positive
"Can't stop the tears, I lost my job after ten years.",Sadness,Negative
I felt maddening today. 😢,Anger,Negative
Can't believe how horrible the sushi turned out. #mood,Disappointment,Negative
I've been working on my report all afternoon.,Neutral,Neutral
"Overall, the delivery driver was standard.",Ambivalence,Neutral
"Just so you know, the form has to be submitted online.",Neutral,Neutral
Counting down the days until the festival this summer!,Excitement,Positive
can't express how proud i am that i completed the coding bootcamp,Pride,Positive
the documentary is full of creativity,Joy,Positive
This whole thing is just wonderful.,Joy,Positive
I cherish my aunt so much.,Love,Positive
What an inspiring day.,Joy,Positive
I have a dentist appointment at half past two.,Neutral,Neutral
I can't believe how disorganized the flight was.,Disappointment,Negative
This drone is made of stainless steel.,Neutral,Neutral
"It charges in minutes, worth every penny. #life",Joy,Positive
So comfortable about the flight right now.,Contentment,Positive
I'm undecided about the renovation.,Ambivalence,Neutral
Please remember to bring the documents to the appointment.,Neutral,Neutral
The flight was slow and full of scratches.,Disappointment,Negative
Can't complain about the play. ❤️,Joy,Positive
definitely inattentive: the support team,Disappointment,Negative
"Got the office chair yesterday, it is made of stainless steel.",Neutral,Neutral
What a rejoicing day.,Joy,Positive
It was glamorous.,Joy,Positive
The pizza was really amazing. #monday,Joy,Positive
this headset made everything faster,Joy,Positive
Feeling at peace today.,Contentment,Positive
I feel pumped because of the audition.,Excitement,Positive
The receptionist is full of character.,Joy,Positive
I bought this phone last week and it smells terrible.,Disappointment,Negative
Please note that the store opens at nine.,Neutral,Neutral
My new tent was delivered to the front desk.,Neutral,Neutral
The neighbourhood here is impressive.,Joy,Positive
"Overall, the ice cream was adequate.",Ambivalence,Neutral
Can't express how proud I am that I built the shelf all by myself.,Pride,Positive
"Part of me is excited about retirement, but part of me is dreading it.",Ambivalence,Neutral
Your delivery will be processed within five working days.,Neutral,Neutral
"It charges in minutes, five stars. #thoughts",Joy,Positive
The interview was slow and full of delays.,Disappointment,Negative
This drone smells terrible.,Disappointment,Negative
I'm truly thankful because I ran the whole marathon.,Gratitude,Positive
Terrible today,Disappointment,Negative
Announcement: the team met with the vendor yesterday. #weekend,Neutral,Neutral
"So nervous, the car started skidding on the ice. #today",Fear,Negative
This office chair feels premium!!,Joy,Positive
What a joyous day.,Joy,Positive
The latest version adds voice search and file sharing. #life,Neutral,Neutral
"Overall, the museum was excellent. #mood",Joy,Positive
"Nobody checks on me anymore, scrolling through my phone with no one to text.",Loneliness,Negative
I can't believe how smelly the view was.,Disgust,Negative
i found the resort to be mediocre,Disappointment,Negative
I bought this backpack last week and it broke on the first use. 😡,Disappointment,Negative
"such a peaceful evening, drinking hot chocolate under a blanket",Contentment,Positive
Fingers crossed that the rain clears before the match.,Hope,Positive
"I feel sick, the smell from the garbage was unbearable.",Disgust,Negative
What a harmonious day. #mood,Contentment,Positive
The concert fell apart. #today,Disappointment,Negative
Been reading up on what the first computers looked like.,Curiosity,Neutral
The commute was northern.,Neutral,Neutral
"The app was delightful, although the update was mediocre.",Ambivalence,Neutral
that was so respectful,Joy,Positive
Can't believe how really good the camera turned out. ❤️,Joy,Positive
hoping and praying for the job application,Hope,Positive
The tour was crude.,Disappointment,Negative
The show left a terrible impression.,Disappointment,Negative
What a melancholy day.,Sadness,Negative
Falling in love with my baby girl all over again.,Love,Positive
Definitely awesome: the gym.,Joy,Positive
"The rain matches my mood, everything feels dull and sad. 👎",Sadness,Negative
My heart is so full when I'm with my little sister. ❤️,Love,Positive
Gross! The public toilet was disgusting.,Disgust,Negative
i'm going to the pharmacy after work,Neutral,Neutral
"Ew, there was a bug in my salad. I feel nauseous. 😢",Disgust,Negative
"superb delivery, it arrived a day early and well packed",Joy,Positive
The manager will send the agenda on Wednesday. #update,Neutral,Neutral
It was obscene.,Disgust,Negative
What a succeeding day.,Joy,Positive
I wouldn't call the neighbourhood fabulous. 😤,Disappointment,Negative
We usually have lunch at five o'clock. #update,Neutral,Neutral
The concert was lamenting.,Sadness,Negative
Just thinking of my brother makes me smile with love.,Love,Positive
The update was not crisp.,Disappointment,Negative
The book made my day harder to use. 😞,Disappointment,Negative
"Honestly, the apartment was pretty superb. ❤️",Joy,Positive
Ew. The meat looked grey and slimy. I can't unsee it.,Disgust,Negative
the app was so standard,Ambivalence,Neutral
"just so you know, the invoice was sent on monday",Neutral,Neutral
Such a treat today,Joy,Positive
The doctor's appointment is at half past two tomorrow.,Neutral,Neutral
Is the museum open today?,Curiosity,Neutral
Can't believe how pathetic the support team turned out.,Anger,Negative
I felt dreaded today. 👎,Fear,Negative
My hotel room was dirty today.,Disgust,Negative
My new office chair requires two batteries.,Neutral,Neutral
What a blameworthy day.,Disappointment,Negative
the manager was incompetent tbh,Anger,Negative
This whole thing is just scrumptious.,Joy,Positive
"I feel sick, the fridge stank of rotten fish.",Disgust,Negative
My flight lands at ten thirty tomorrow!!,Neutral,Neutral
Easily the worst teacher of my life. 😡,Disappointment,Negative
"Staying positive about the treatment, it will work out.",Hope,Positive
"It wasn't great, sadly.",Disappointment,Negative
It was harsh.,Disappointment,Negative
Can't stop smiling because the concert was even better than expected.,Joy,Positive
"I can't stop crying, I lost my job after ten years.",Sadness,Negative
The dinner was not mediocre at all.,Joy,Positive
"Honestly, got it.",Neutral,Neutral
"Just me again, eating dinner alone again. #update",Loneliness,Negative
Update: the office chair is nothing like the pictures.,Disappointment,Negative
What a sweet day.,Love,Positive
Our support team was alright.,Ambivalence,Neutral
Feeling down today. 😤,Sadness,Negative
This coffee was full of flavour. #life,Joy,Positive
The customer care was slow and full of bugs.,Disappointment,Negative
My concert was tedious today.,Disappointment,Negative
Definitely mediocre: the app. #weekend,Disappointment,Negative
The headset is full of problems.,Disappointment,Negative
My film was worthless today.,Disappointment,Negative
I can't believe how glitchy the charger was.,Disappointment,Negative
I'm reading a book about space travel.,Neutral,Neutral
That was so thankful!,Gratitude,Positive
"So nervous, there's a storm heading straight for us.",Fear,Negative
The interface was outstanding but the router was unacceptable. #today,Ambivalence,Neutral
The sushi is full of delays.,Disappointment,Negative
The soundtrack here is awesome.,Joy,Positive
Everything felt loved.,Love,Positive
I'm heartbroken that my relationship ended.,Sadness,Negative
The camera was valuable.,Joy,Positive
I felt downhearted today.,Sadness,Negative
I'm having coffee with my cousin tomorrow.,Neutral,Neutral
This desk lamp stopped working after two days. #mood,Disappointment,Negative
Just thinking about our wedding next month gives me goosebumps.,Excitement,Positive
Everything felt lighthearted. #weekend,Joy,Positive
"Not bad at all, genuinely enjoyed it.",Joy,Positive
Something tells me our talks next week will be fine.,Hope,Positive
Can't believe how horrible the camera turned out.,Disappointment,Negative
"The best book ever, hands down.",Joy,Positive
My brother works in legal. #monday,Neutral,Neutral
I'm calm about the news.,Contentment,Positive
Completely disappointed by the journey.,Disappointment,Negative
I feel let down by the results after all my effort.,Disappointment,Negative
She teaches mathematics at the local secondary school.,Neutral,Neutral
The event was worth every minute.,Joy,Positive
I found the neighbourhood to be peaceful. #update,Joy,Positive
The software was lovely and full of character. 🎉,Joy,Positive
Unacceptable!,Anger,Negative
please check the camera before friday,Neutral,Neutral
Reminder: the webinar covers the basics of budgeting.,Neutral,Neutral
I'm heartbroken that my sister moved overseas.,Sadness,Negative
"I nearly vomited, the kitchen was crawling with cockroaches.",Disgust,Negative
I really hope next season goes well.,Hope,Positive
This whole thing is just somber.,Sadness,Negative
i wonder whether the schedule was updated this morning,Curiosity,Neutral
My new vacuum cleaner is nothing like the pictures. #today,Disappointment,Negative
I have to fill in the tax form on Wednesday.,Neutral,Neutral
That was so ungrateful!,Anger,Negative
I feel anxious today.,Fear,Negative
My breakfast was very good today.,Joy,Positive
the soundtrack was shallow tbh,Disappointment,Negative
So sad today today,Sadness,Negative
"It fits perfectly, absolutely love it.",Joy,Positive
The flight was unfortunate.,Disappointment,Negative
Do you know if the bakery is open on Saturday?,Curiosity,Neutral
So so today,Ambivalence,Neutral
Not sure how to feel about the new job offer.,Ambivalence,Neutral
I found the cake to be disappointing.,Disappointment,Negative
"Just me again, having no one to share good news with.",Loneliness,Negative
Our campsite was disappointing.,Disappointment,Negative
"The breakfast is not perfect, sadly.",Disappointment,Negative
The game is full of lies.,Disappointment,Negative
The tour was really great.,Joy,Positive
It was fine.,Ambivalence,Neutral
Can't believe how lovely the book turned out. 👍,Joy,Positive
The waiter made my day worse.,Disappointment,Negative
"Delivery took three weeks, what a joke. 😞",Disappointment,Negative
The commute was so so.,Ambivalence,Neutral
Definitely fine: the play.,Ambivalence,Neutral
Sending a huge thank you to the nurses for the wonderful advice.,Gratitude,Positive
"best day ever, we finally finished the project",Joy,Positive
easily the best burger of my life,Joy,Positive
Everything felt futile.,Disappointment,Negative
"I feel sick, the water from the tap was brown.",Disgust,Negative
The commute here is fun.,Joy,Positive
"Feeling isolated, eating cereal for dinner by myself. 😡",Loneliness,Negative
This office chair is worth every penny.,Joy,Positive
The burger made my day faster.,Joy,Positive
Would not recommend the airport. 😞,Disappointment,Negative
Bitterly disappointed: my exam went terribly.,Disappointment,Negative
I'm truly thankful because we won the science fair.,Gratitude,Positive
"battery drains within a couple of hours, so frustrating",Disappointment,Negative
Waiting for a call that never comes. I feel so alone.,Loneliness,Negative
This waiter made everything less reliable.,Disappointment,Negative
We are having breakfast at nine in the morning.,Neutral,Neutral
the training was tall,Neutral,Neutral
Update: the backpack is available in two sizes.,Neutral,Neutral
The lecture is national and manual. #daily,Neutral,Neutral
So excited for the festival this summer!,Excitement,Positive
I picked up the parcel from the station this morning.,Neutral,Neutral
I'm never going back. The public toilet was disgusting.,Disgust,Negative
Home is wherever you are.,Love,Positive
She gave a talk about marine life on Monday.,Neutral,Neutral
Can't complain about the curry.,Joy,Positive
Is there a post office near the metro station?,Curiosity,Neutral
"So down today, the old cafe closed for good. #daily",Sadness,Negative
Feeling outraged about my presentation. #life,Anger,Negative
Can't believe how filthy the view turned out. 😡,Disgust,Negative
The headset is full of character.,Joy,Positive
"All is calm, reading in the garden.",Contentment,Positive
This vacuum cleaner was shipped from the local warehouse.,Neutral,Neutral
Is there a clinic near the metro station? #news,Curiosity,Neutral
This delivery driver made everything worse.,Disappointment,Negative
I can't thank my friends enough for all your help this year. ❤️,Gratitude,Positive
Our event was okay.,Ambivalence,Neutral
i'm devastated that i heard she is very ill,Sadness,Negative
Everything felt fearless.,Joy,Positive
My heart is so full when I'm with my cat.,Love,Positive
"Nobody checks on me anymore, celebrating my birthday by myself. 😞",Loneliness,Negative
"Honestly, pretty peaceful.",Contentment,Positive
"Absolutely revolting, my neighbour's trash was spilling into the hallway. 😢",Disgust,Negative
I found the resort to be quiet.,Joy,Positive
Can't believe how lousy the game turned out.,Disappointment,Negative
I asked my manager about the schedule.,Neutral,Neutral
"Looking into how honey is made, this is a rabbit hole.",Curiosity,Neutral
Can't believe how amazing the class turned out.,Joy,Positive
"i worked so hard for this and it paid off, we finally finished the project",Pride,Positive
I keep asking myself how bees make honey.,Curiosity,Neutral
The software was so very poor!,Disappointment,Negative
Walking through a crowd and feeling invisible. I feel so alone.,Loneliness,Negative
"Overall, the cashier was polite.",Joy,Positive
Blessed to have such supportive friends.,Gratitude,Positive
It was terrific.,Joy,Positive
This whole thing is just awesome.,Joy,Positive
It was magnificent.,Joy,Positive
I can't stop praising the cafe.,Joy,Positive
"honestly, the play was pretty really good",Joy,Positive
How do I get to the bank from the train stop?,Curiosity,Neutral
"All is calm, drinking hot chocolate under a blanket.",Contentment,Positive
The movie was tired.,Disappointment,Negative
The book has fifteen chapters and an index. #monday,Neutral,Neutral
The camera was not laggy at all.,Joy,Positive
Feeling so sad today because my sister moved overseas.,Sadness,Negative
i'm going to the supermarket after work,Neutral,Neutral
It is a square novel.,Neutral,Neutral
"The ending was touching, although the novel was tedious.",Ambivalence,Neutral
"This makes me so angry, someone scratched my car and drove off! #monday",Anger,Negative
"The city centre was wonderful, although the hotel room was atrocious.",Ambivalence,Neutral
"Not flimsy, not responsive. The charger was just okay.",Ambivalence,Neutral
"overall, the course was memorable",Joy,Positive
The restaurant was a total letdown.,Disappointment,Negative
"Taking a quiet walk in the woods, feeling completely at peace.",Contentment,Positive
"Thank you all, my friend returned home safely and I owe it to you.",Gratitude,Positive
The event was beyond frustrating. 😞,Anger,Negative
"Not awful at all, genuinely enjoyed it.",Joy,Positive
The conference room can hold ten people. #weekend,Neutral,Neutral
i feel psyched today,Excitement,Positive
"Staying positive about the audition on Friday, it will work out!!",Hope,Positive
I love my dad more than words can say.,Love,Positive
"living in the city has its ups and downs, i can't decide",Ambivalence,Neutral
The staff went above and beyond.,Joy,Positive
I miss having someone to talk to. Staring at my phone waiting for someone to reply.,Loneliness,Negative
Does anyone know how languages evolve?!!,Curiosity,Neutral
Heads up: the clinic accepts appointments by phone.,Neutral,Neutral
Awesome today,Joy,Positive
"Honestly, pretty forgiving.",Joy,Positive
This phone made everything more confusing.,Disappointment,Negative
Celebrating my birthday by myself and nobody cares.,Loneliness,Negative
She is head of the engineering team.,Neutral,Neutral
So so.,Ambivalence,Neutral
"Honestly, pretty gross.",Disgust,Negative
The engineering team sent an update within five working days!!,Neutral,Neutral
We are having dinner at noon.,Neutral,Neutral
"Got the phone yesterday, it was shipped from the local warehouse. #monday",Neutral,Neutral
dancing around the kitchen because everything just feels right today,Joy,Positive
amazing work today,Joy,Positive
"I expected so much more, but the results were worse than I expected.",Disappointment,Negative
The acting here is entertaining.,Joy,Positive
"So down today, our family drifted apart.",Sadness,Negative
That was so joyless!,Disappointment,Negative
The lecture is full of errors.,Disappointment,Negative
Not good,Disappointment,Negative
"I'm thrilled, my son graduated with honours! What's next?",Excitement,Positive
I felt remorseless today.,Disappointment,Negative
That was so scary!,Fear,Negative
The new hire was painfully slow. 😞,Disappointment,Negative
"It wasn't enjoyable, sadly. #daily",Disappointment,Negative
Feeling optimistic today.,Hope,Positive
The software supports both voice search and dark mode.,Neutral,Neutral
Does anyone know if the shop is next to the post office?,Curiosity,Neutral
I feel overwhelmed because of the hearing.,Sadness,Negative
The team was a real treat.,Joy,Positive
Thank you to my mentor for the thoughtful gift. 😊,Gratitude,Positive
the ice cream was incredible,Joy,Positive
"I expected so much more, but the project got cancelled after months of work.",Disappointment,Negative
Really happy with this today,Joy,Positive
The teacher wasted my whole afternoon.,Anger,Negative
The train station is full of energy.,Joy,Positive
This waiter was full of errors.,Disappointment,Negative
"Absolutely revolting, the meat looked grey and slimy. #daily",Disgust,Negative
"That is disgusting, the fridge stank of rotten fish.",Disgust,Negative
"Honestly, pretty damaging. #daily",Disappointment,Negative
Everything felt approved.,Joy,Positive
What an enthusiastic day. #life,Excitement,Positive
Can't believe how impressive the hotel room turned out.,Joy,Positive
The airport was slow and full of stains.,Disappointment,Negative
I'm honestly sad about the exam.,Sadness,Negative
i'm meeting the client for breakfast on wednesday,Neutral,Neutral
"i believe in the economy next year, better days are ahead",Hope,Positive
"I'm so scared, there's a storm heading straight for us.",Fear,Negative
The film looked green.,Neutral,Neutral
"Honestly, pretty disturbing. 👎",Disappointment,Negative
That was so peaceful! #weekend,Contentment,Positive
Feeling so alone about the visit.,Loneliness,Negative
"overall, the train station was adequate",Ambivalence,Neutral
Today I'm comfortable!!,Contentment,Positive
That was so idealized!,Joy,Positive
what is the story behind the museum?,Curiosity,Neutral
The latest version adds offline mode and Linux.,Neutral,Neutral
Very unhappy with the phone.,Disappointment,Negative
The sushi here is great.,Joy,Positive
i'm meeting a friend for dinner on saturday,Neutral,Neutral
"I liked the soundtrack, but the book was atrocious.",Ambivalence,Neutral
would definitely recommend the cake,Joy,Positive
Awful delivery and it arrived late and crushed. #thoughts,Disappointment,Negative
The soundtrack made my day more frustrating. 😞,Disappointment,Negative
So energized about the new job right now. 😍,Excitement,Positive
Gross! The shower drain was clogged with hair.,Disgust,Negative
It was grievous.,Sadness,Negative
The event was a breath of fresh air.,Joy,Positive
"Walking along the beach at sunset, feeling completely at peace.",Contentment,Positive
I've been organizing my files all afternoon.,Neutral,Neutral
I can't believe how wonderful the router was!,Joy,Positive
I expected the resort to be lousy but it wasn't. #daily,Joy,Positive
"It hurts so much, I heard she is very ill.",Sadness,Negative
I'm energized about the exam. ❤️,Excitement,Positive
Fingers crossed for the weather this weekend!,Hope,Positive
"the screen is gorgeous, highly recommend",Joy,Positive
they are discussing the budget in the legal meeting,Neutral,Neutral
the steak was early,Neutral,Neutral
i need to reply to the email before summer,Neutral,Neutral
Update: the tent looks and works great.,Joy,Positive
The event was central. #daily,Neutral,Neutral
Gross! The water from the tap was brown. #monday,Disgust,Negative
So so happy about the surgery on Monday right now.,Joy,Positive
I found the journey to be wonderful.,Joy,Positive
"Terrible class, never again.",Disappointment,Negative
"Can't stop the tears, the shop we loved closed down.",Sadness,Negative
Life is good. We got the keys to our first home.,Joy,Positive
Our host let everyone down.,Disappointment,Negative
The ending was jovial.,Joy,Positive
The steak here is really good.,Joy,Positive
"So down today, the old house was sold.",Sadness,Negative
Another Friday night with nobody to spend it with.,Loneliness,Negative
I can't thank everyone who supported me enough for your endless support!!,Gratitude,Positive
I asked an old classmate about the schedule. #mood,Neutral,Neutral
The manager will send the agenda on Sunday.,Neutral,Neutral
Everything felt graceful.,Joy,Positive
What an accomplished day.,Pride,Positive
"Overall, the coffee was frustrating. 😡",Disappointment,Negative
That was so exuberant!,Excitement,Positive
"Got the water bottle yesterday, it feels premium.",Joy,Positive
Honestly the album was not very touching. 😞,Disappointment,Negative
The bakery moved to a new building last month. #weekend,Neutral,Neutral
I found the phone to be ordinary.,Ambivalence,Neutral
Having no one to share good news with. I feel so alone.,Loneliness,Negative
My app was unacceptable today. 😤,Anger,Negative
The support team was slow and full of scratches. 😤,Disappointment,Negative
The park is full of life.,Joy,Positive
The event was neither outstanding nor lousy.,Ambivalence,Neutral
Everything felt awesome.,Joy,Positive
The kettle I ordered is worth every penny.,Joy,Positive
Gross! My neighbour's trash was spilling into the hallway.,Disgust,Negative
This whole thing is just lucky. #update,Joy,Positive
"Honestly average, I felt nothing special either way.",Ambivalence,Neutral
"The apartment is not really good, sadly.",Disappointment,Negative
the delivery driver is thin and northern,Neutral,Neutral
Reminder: the shop is next to the post office.,Neutral,Neutral
Today I'm glad.,Joy,Positive
i can't believe how fantastic the view was,Joy,Positive
the parcel should arrive early next month,Neutral,Neutral
The flight was invigorating.,Joy,Positive
My new kettle exceeded my expectations.,Joy,Positive
Every day with my wife is a gift and I'm so in love.,Love,Positive
I felt thoughtless today.,Anger,Negative
This whole thing is just respectful. #news,Joy,Positive
the coffee was fine,Ambivalence,Neutral
She is head of the procurement team.,Neutral,Neutral
Not worth it,Disappointment,Negative
The new hire was beyond frustrating.,Anger,Negative
This whole thing is just cheering.,Joy,Positive
This weekend made everything faster.,Joy,Positive
I love the delivery driver!,Joy,Positive
Which day does the cafe close? #thoughts,Curiosity,Neutral
The software was so terrific! #life,Joy,Positive
Can't believe how overhyped the show turned out.,Disappointment,Negative
The procurement team sent an update on Wednesday.,Neutral,Neutral
This blender is way too flimsy. #news,Disappointment,Negative
I'm so disappointed that the game was postponed once more. 😞,Disappointment,Negative
I bought this water bottle last week and it is made of stainless steel.,Neutral,Neutral
I thought the tour was absolutely exhausting.,Disappointment,Negative
"Honestly, pretty inconsiderate. #thoughts",Anger,Negative
I thought the class was absolutely delightful.,Joy,Positive
The dinner is full of warmth.,Joy,Positive
"It's midnight, I'm alone, and I heard footsteps. Terrified 😨",Fear,Negative
The keyboard made my day slower.,Disappointment,Negative
"The sound is muffled and crackly, so frustrating.",Disappointment,Negative
It is a southern flight. #weekend,Neutral,Neutral
I'm so disappointed that my plans fell through again.,Disappointment,Negative
Someone was following me on the street and I'm shaking with fear.,Fear,Negative
I can't believe how attentive the delivery driver was!,Joy,Positive
"Overall, the cashier was impressive.",Joy,Positive
"The technician was knowledgeable, although the delivery driver was unhelpful.",Ambivalence,Neutral
"It hurts so much, my mentor retired and left the city. 👎",Sadness,Negative
The waiter is full of bugs!!,Disappointment,Negative
I'm heading to Berlin on Sunday.,Neutral,Neutral
i tried to smile at work but inside i'm falling apart,Sadness,Negative
So pleased about the move to a new city right now.,Joy,Positive
Everything hurts today,Sadness,Negative
This delivery driver made everything much nicer.,Joy,Positive
I'm meeting a friend for coffee on Friday.,Neutral,Neutral
It was doomed.,Disappointment,Negative
"I'm thrilled, I ran my first ten kilometres! What's next?",Excitement,Positive
This plot was full of life. 😍,Joy,Positive
easily the best trip of my life,Joy,Positive
The whole experience fell apart.,Disappointment,Negative
The battery was standard.,Ambivalence,Neutral
Thank you to my teachers for everything you did for us.,Gratitude,Positive
The neighbourhood was not really good.,Disappointment,Negative
I feel overjoyed because of the party.,Joy,Positive
The play made my day more reliable.,Joy,Positive
The keyboard I ordered broke on the first use.,Disappointment,Negative
Wondering if the seminar is held every second Tuesday. #daily,Curiosity,Neutral
That was so good! #life,Joy,Positive
It was mindless.,Disappointment,Negative
"Wow, I completed the coding bootcamp! I'm buzzing! #update",Excitement,Positive
The support team was clueless.,Disappointment,Negative
"Can't sleep, too excited about our wedding next month. #update",Excitement,Positive
I feel stressed because of the reunion. 😞,Fear,Negative
The update comes with Windows and two-factor login.,Neutral,Neutral
The app comes with Windows and iOS.,Neutral,Neutral
"The sushi was fantastic, although the curry was abysmal.",Ambivalence,Neutral
so lonely about the test right now,Loneliness,Negative
Slow living at its best: taking my time over a homemade breakfast.,Contentment,Positive
The view wasn't great at all.,Disappointment,Negative
"Honestly, pretty divine.",Joy,Positive
"The screen is gorgeous, couldn't be happier.",Joy,Positive
Walking through a crowd and feeling invisible. I wish someone would call.,Loneliness,Negative
it was lighthearted,Joy,Positive
"Feeling broken, I said goodbye to my childhood home.",Sadness,Negative
Feeling blessed today.,Gratitude,Positive
I bought this hoodie last week and it works perfectly. #daily,Joy,Positive
That was so villainous!,Disappointment,Negative
the game is full of energy,Joy,Positive
I read that the road will be closed for maintenance. #mood,Neutral,Neutral
"Not worth it at all, quite a letdown.",Disappointment,Negative
Best trip I've had in years.,Joy,Positive
The museum is full of life.,Joy,Positive
Nothing special today,Ambivalence,Neutral
"I feel sick, the public toilet was disgusting.",Disgust,Negative
Every scar on this hand tells a story I'm proud of.,Pride,Positive
"Feeling discouraged, I didn't get the promotion. 😞",Disappointment,Negative
"Nobody checks on me anymore, eating dinner alone again.",Loneliness,Negative
I felt deprived today.,Disappointment,Negative
This whole thing is just defeated. 😞,Disappointment,Negative
"Honestly, pretty unethical!!",Disappointment,Negative
"I feel sick, my neighbour's trash was spilling into the hallway. 👎",Disgust,Negative
We usually have lunch at lunchtime. #daily,Neutral,Neutral
that was so uninvolved,Disappointment,Negative
Just thinking of my little sister makes me smile with love.,Love,Positive
Heard a loud bang downstairs and I'm too scared to move. 😤,Fear,Negative
"Not enjoyable at all, I expected much better. 😢",Disappointment,Negative
Hoping and praying for the negotiations.,Hope,Positive
"Not useful at all, quite a letdown. 😡",Disappointment,Negative
The staff was unforgettable.,Joy,Positive
What a horrid day.,Disgust,Negative
The clinic accepts appointments by phone.,Neutral,Neutral
Definitely underwhelming: the interview.,Disappointment,Negative
Hoping and praying for my recovery.,Hope,Positive
I feel terrible today,Sadness,Negative
The book was really okay.,Ambivalence,Neutral
I'm heading to Delhi on Wednesday.,Neutral,Neutral
I have a job interview at half past two.,Neutral,Neutral
So excited for the birthday party on Saturday!!!,Excitement,Positive
Everything felt downcast.,Sadness,Negative
My new kettle came with a manual.,Neutral,Neutral
the toaster i ordered looks and works great,Joy,Positive
I bought this watch last week and it has a two year warranty. #today,Neutral,Neutral
The trip was beyond frustrating.,Anger,Negative
"Overall, the pizza was first class.",Joy,Positive
it's okay today,Ambivalence,Neutral
I need to update my resume before noon.,Neutral,Neutral
the neighbourhood was powerful,Joy,Positive
The interface made my day much nicer.,Joy,Positive
The meeting is at noon tomorrow.,Neutral,Neutral
Everything felt suave.,Joy,Positive
My delivery driver was helpful today. 👍,Joy,Positive
I'm honestly hopeful about the reunion.,Hope,Positive
I need to fill in the tax form before summer.,Neutral,Neutral
"Ugh, the movie was nothing like the trailer. What a waste.",Disappointment,Negative
My customer care was courteous today.,Joy,Positive
"i can't sleep from anxiety, i heard footsteps outside at midnight",Fear,Negative
The office will be closed on Monday for the public holiday. #update,Neutral,Neutral
It was heartwarming. 👍,Joy,Positive
This headset made everything smoother.,Joy,Positive
My show was standard today. #mood,Ambivalence,Neutral
I can't thank my friends enough for showing up for me.,Gratitude,Positive
Update: the watch keeps disconnecting.,Disappointment,Negative
Everything felt polluted.,Disgust,Negative
"Nobody checks on me anymore, spending the holidays without anyone. #life",Loneliness,Negative
This manager was full of stains.,Disappointment,Negative
"The best meal ever, hands down.",Joy,Positive
What a wonderful day! My painting sold at the exhibition.,Joy,Positive
"I can't sleep from anxiety, there's a storm heading straight for us. #daily",Fear,Negative
I'm meeting an old classmate for lunch on Sunday. #life,Neutral,Neutral
The journey made my day simpler.,Joy,Positive
The keyboard was undesirable!!,Disappointment,Negative
"Grateful for everyone who helped, I built the shelf all by myself.",Gratitude,Positive
The play looked southern.,Neutral,Neutral
The steak was really adequate.,Ambivalence,Neutral
Update: the watch is better than I imagined.,Joy,Positive
Can't believe how knowledgeable the delivery driver turned out.,Joy,Positive
"sipping tea by the window, feeling completely at peace",Contentment,Positive
I am absolutely furious with how they handled this!,Anger,Negative
the vacuum cleaner i ordered is available in two sizes,Neutral,Neutral
Please note that the team met with the vendor yesterday.,Neutral,Neutral
the sushi was neither fantastic nor pathetic,Ambivalence,Neutral
i wonder whether the shop stocks both paper and digital editions,Curiosity,Neutral
I'm honestly proud about the visit.,Pride,Positive
Can't believe how responsive the headset turned out. #update,Joy,Positive
I'm undecided about the new job offer.,Ambivalence,Neutral
i can't believe how tasteless the sushi was,Disappointment,Negative
The alarm went off in the middle of the night and I'm shaking with fear.,Fear,Negative
This whole thing is just bereaved.,Sadness,Negative
The camera will be reviewed next week. #mood,Neutral,Neutral
The software supports both dark mode and cloud backup.,Neutral,Neutral
"Slammed the door and yelled, I couldn't hold my temper anymore.",Anger,Negative
Definitely bad: the interface. 😢,Disappointment,Negative
I can't believe how bad the book was!!,Disappointment,Negative
"Nothing works properly, what a joke. #mood",Disappointment,Negative
The trip was impressive but the class was awful.,Ambivalence,Neutral
The film is full of laughs.,Joy,Positive
i'm meeting an old classmate for breakfast on sunday,Neutral,Neutral
Do you know if the cafe is open on Monday? #daily,Curiosity,Neutral
"Yuck, the milk had gone sour.",Disgust,Negative
"Every sunrise is a new chance, and I'm holding on to that!!",Hope,Positive
Is there a museum near the bus station? #weekend,Curiosity,Neutral
"I worked so hard for this and it paid off, I passed my driving test.",Pride,Positive
What a rancid day.,Disgust,Negative
So worried about the game tonight right now.,Fear,Negative
The tickets are available online and at the gym. #monday,Neutral,Neutral
What a heartbreaking day.,Sadness,Negative
I'm never going back. The bathroom was filthy.,Disgust,Negative
"Feeling blessed, I passed my driving test.",Gratitude,Positive
"Sick of this, someone scratched my car and drove off. Total disrespect.",Anger,Negative
Thank you to everyone who supported me for showing up for me. ❤️,Gratitude,Positive
The book was underwhelming but the soundtrack was great.,Ambivalence,Neutral
the team was a nightmare from start to finish,Disappointment,Negative
What a beloved day.,Love,Positive
"Overall, the app was outstanding.",Joy,Positive
"Wow, I made it to the finals! I'm buzzing!",Excitement,Positive
This whole thing is just repressing.,Disappointment,Negative
It is a early city centre.,Neutral,Neutral
I'm undecided about retirement. #life,Ambivalence,Neutral
I thought the interview was absolutely terrible.,Disappointment,Negative
"It hurts so much, I found our old photos.",Sadness,Negative
How does the tour work?,Curiosity,Neutral
I'm never going back. I saw a rat in the restaurant.,Disgust,Negative
"It hurts so much, the shop we loved closed down.",Sadness,Negative
I read that the presentation is about twenty minutes long.,Neutral,Neutral
"just so you know, the webinar covers the basics of budgeting",Neutral,Neutral
The movie was worthless.,Disappointment,Negative
My new laptop has been flawless so far.,Joy,Positive
The manager will send the agenda on Monday!!,Neutral,Neutral
The hotel room wasn't cozy at all.,Disappointment,Negative
"The chicken smelled off, it made me gag.",Disgust,Negative
The event is second and busy.,Neutral,Neutral
"The screen cracked on day one, completely useless. 😞",Disappointment,Negative
"I can't believe it, the cake turned out perfect! So pumped!",Excitement,Positive
"I'm thrilled, I completed the coding bootcamp! What's next?",Excitement,Positive
"Thank you all, we got the keys to our first home and I owe it to you.",Gratitude,Positive
The hotel room was heartless.,Disappointment,Negative
Totally worth it: the interview.,Joy,Positive
Just thinking about the new season of my favourite show gives me goosebumps.,Excitement,Positive
Everything feels empty since the old house was sold.,Sadness,Negative
my heart is so full when i'm with my wife,Love,Positive
The latest version adds Android and two-factor login.,Neutral,Neutral
Sending a huge thank you to my coach for your endless support. #weekend,Gratitude,Positive
I was overcharged for the third time and I'm fuming.,Anger,Negative
The interview made my day faster.,Joy,Positive
the dessert was amazing tbh,Joy,Positive
Best service I've had in years.,Joy,Positive
Everything felt maddening. #update,Anger,Negative
"Ugh, the concert was cancelled. What a waste.",Disappointment,Negative
The cashier was awful but the manager was top notch.,Ambivalence,Neutral
My technician was very poor today. 😤,Disappointment,Negative
Spending another weekend with nobody to call. I wish someone would call.,Loneliness,Negative
"Calm and cozy today, cooking a slow Sunday lunch.",Contentment,Positive
"What a proud moment, I learned to swim at forty.",Pride,Positive
the resort was lovely and full of warmth,Joy,Positive
"Perfectly relaxed, cooking a slow Sunday lunch.",Contentment,Positive
Can't express how proud I am that we finally finished the project.,Pride,Positive
the latest version adds the web and two-factor login,Neutral,Neutral
The next bus to Berlin departs at half past four.,Neutral,Neutral
"All is calm, listening to the birds in the park.",Contentment,Positive
I'm reading a book about medieval castles. #life,Neutral,Neutral
The bakery moved to a new building last month.,Neutral,Neutral
"So proud of everyone involved, I made it to the finals.",Pride,Positive
I thought the documentary was absolutely fabulous.,Joy,Positive
the exhibition runs until the end of june,Neutral,Neutral
Our camera was unremarkable.,Ambivalence,Neutral
This whole thing is just wrathful. #daily,Anger,Negative
I'm terrified because I'm walking home alone in the dark. 😞,Fear,Negative
i felt confident today,Joy,Positive
This whole thing is just grimy.,Disgust,Negative
Please check the pizza before Friday.,Neutral,Neutral
"Feeling discouraged, the package arrived broken.",Disappointment,Negative
The breakfast is short and new.,Neutral,Neutral
The laptop I ordered makes my life so much easier.,Joy,Positive
I feel over the moon today.,Joy,Positive
"So lonely tonight, watching the world go by from my window.",Loneliness,Negative
"Got the tent yesterday, it is useless and overpriced.",Disappointment,Negative
Is the battery worth checking out?,Curiosity,Neutral
"I liked the course, but the event was useless.",Ambivalence,Neutral
The hoodie I ordered works perfectly.,Joy,Positive
This desk lamp keeps disconnecting.,Disappointment,Negative
Hoping and praying for the treatment. #weekend,Hope,Positive
I had such high hopes for this show and it fell completely flat.,Disappointment,Negative
"Nobody checks on me anymore, walking through a crowd and feeling invisible. 😡",Loneliness,Negative
This staff was full of flavour.,Joy,Positive
"I'm worried sick, there's a storm heading straight for us. #update",Fear,Negative
Would definitely recommend the service.,Joy,Positive
I bought this mattress last week and it broke on the first use.,Disappointment,Negative
"I'm worried sick, someone was following me on the street.",Fear,Negative
I found the cake to be stale.,Disappointment,Negative
The tool includes dark mode and PDF export.,Neutral,Neutral
Everything felt fatal. #daily,Disappointment,Negative
"I expected so much more, but I missed my train by a minute.",Disappointment,Negative
The soundtrack was annoying.,Disappointment,Negative
I found the charger to be superb.,Joy,Positive
Sending a huge thank you to everyone who supported me for the thoughtful gift.,Gratitude,Positive
The toaster I ordered works perfectly. 😊,Joy,Positive
Heads up: the seminar is held every second Tuesday.,Neutral,Neutral
I felt despairing today.,Sadness,Negative
I moved to Delhi last year. #monday,Neutral,Neutral
It was painful.,Sadness,Negative
I thought the keyboard was absolutely typical.,Ambivalence,Neutral
What a prejudicial day. #monday,Disappointment,Negative
I wouldn't call the pasta lovely.,Disappointment,Negative
The vacuum cleaner I ordered is worth every penny.,Joy,Positive
It was irate.,Anger,Negative
"I worked so hard for this and it paid off, I got the job offer.",Pride,Positive
"Feeling broken, my mentor retired and left the city.",Sadness,Negative
the staff was lovely and full of flavour,Joy,Positive
"The service was not impolite, but not professional either.",Ambivalence,Neutral
"I'm worried sick, the doctor wants more tests.",Fear,Negative
Everything feels empty since my pet rabbit died.,Sadness,Negative
"I'm over the moon, the client loved our proposal!",Joy,Positive
the screen here is standard,Ambivalence,Neutral
"Feeling isolated, spending the holidays without anyone. #monday",Loneliness,Negative
The train station was dingy but the campsite was delightful.,Ambivalence,Neutral
"It looked like a horror scene in that kitchen, so unhygienic.",Disgust,Negative
The manager exceeded all expectations. #update,Joy,Positive
"Not annoying at all, pleasantly surprised.",Joy,Positive
"Honestly, pretty mature.",Joy,Positive
Feeling really anxious because someone was following me on the street. 😤,Fear,Negative
today i went to the market,Neutral,Neutral
That was so weeping!,Sadness,Negative
The keyboard was so sleek! #thoughts,Joy,Positive
"This makes me so angry, the support agent hung up on me!",Anger,Negative
Look how far I've come. Proud of that girl who never gave up.,Pride,Positive
The interview was lovely and full of life.,Joy,Positive
I can't believe how worthless the app was. #monday,Disappointment,Negative
I can't thank the nurses enough for the thoughtful gift.,Gratitude,Positive
"Honestly, pretty punitive. 😢",Disappointment,Negative
Praying that the scholarship decision turns out fine. ❤️,Hope,Positive
"Honestly, the story was pretty poor.",Disappointment,Negative
Registration closes at the end of the month.,Neutral,Neutral
The watch I ordered was a total scam.,Disappointment,Negative
Yay! The cake turned out perfect!,Joy,Positive
Everything hurts,Sadness,Negative
The curry was stale.,Disappointment,Negative
I felt strengthened today.,Joy,Positive
Counting down the days until the product launch tomorrow!,Excitement,Positive
update: the shop is next to the post office,Neutral,Neutral
I'm heartbroken that my cat went missing. #monday,Sadness,Negative
Praying that our talks next week turns out fine.,Hope,Positive
Honestly not amazing.,Disappointment,Negative
The interface was slow and full of delays.,Disappointment,Negative
I need to pick up the parcel before Friday. #life,Neutral,Neutral
Heads up: the package weighs about two kilograms.,Neutral,Neutral
"Honestly, pretty flawless.",Joy,Positive
I can't believe how fun the training was!,Joy,Positive
I can't believe how very good the interface was!,Joy,Positive
that was so appreciated,Gratitude,Positive
The manager was an absolute mess.,Disappointment,Negative
"honestly, unacceptable",Anger,Negative
I felt distrustful today.,Disappointment,Negative
"So lonely tonight, walking through a crowd and feeling invisible.",Loneliness,Negative
I'll be at the office until half past two.,Neutral,Neutral
they are discussing the proposal in the legal meeting,Neutral,Neutral
the course was really underwhelming,Disappointment,Negative
"Feeling discouraged, the results were worse than I expected.",Disappointment,Negative
The invoice should arrive sometime this week.,Neutral,Neutral
This whole thing is just grouchy.,Anger,Negative
The charger was not reliable.,Disappointment,Negative
My new jacket keeps disconnecting. 😡,Disappointment,Negative
Please check the beach before Friday.,Neutral,Neutral
I can't believe how well organized the experience was!,Joy,Positive
"Overall, the sandwich was disappointing. #news",Disappointment,Negative
It was frightful. #weekend,Fear,Negative
That was so horrid! 😞,Disgust,Negative
"The documentary is not brilliant, sadly.",Disappointment,Negative
The flight was so worthwhile!,Joy,Positive
The next bus to Delhi departs at half past four.,Neutral,Neutral
What a hated day.,Anger,Negative
The headset was impressive but the interface was underwhelming.,Ambivalence,Neutral
"Not slow at all, would go again.",Joy,Positive
I'm having lunch with my neighbour tomorrow.,Neutral,Neutral
Can't believe how exciting the course turned out.,Joy,Positive
"Got the phone yesterday, it is exactly what I needed.",Joy,Positive
Bitterly disappointed: the package arrived broken.,Disappointment,Negative
I expected the beach to be pathetic but it wasn't!!,Joy,Positive
The router here is glitchy. 😡,Disappointment,Negative
Our dinner was disappointing.,Disappointment,Negative
I can't believe how overpriced the screen was.,Disappointment,Negative
"I'm so scared, the building shook during the earthquake. #today",Fear,Negative
"Not worthless, not delicious. The dinner was just okay.",Ambivalence,Neutral
"I nearly vomited, the meat looked grey and slimy. 😢",Disgust,Negative
Running ten minutes late. #weekend,Neutral,Neutral
The whole experience made my day.,Joy,Positive
"Sipping tea by the window, completely satisfied. #weekend",Contentment,Positive
I found the update to be ordinary.,Ambivalence,Neutral
"Honestly, the update was pretty bad. 😢",Disappointment,Negative
Definitely first class: the interview.,Joy,Positive
The latest receptionist made things clunkier.,Disappointment,Negative
Complete disaster,Disappointment,Negative
The tool includes iOS and two-factor login.,Neutral,Neutral
They are discussing the quote in the logistics meeting.,Neutral,Neutral
Our host was simply wonderful.,Joy,Positive
"Nobody to share it with, walking home to an empty flat. #monday",Loneliness,Negative
I bought this office chair last week and it fell apart in a week.,Disappointment,Negative
My new jacket broke on the first use.,Disappointment,Negative
Everything felt deceitful.,Anger,Negative
"Got the desk lamp yesterday, it is made of stainless steel.",Neutral,Neutral
Can't believe how pointless the trip turned out. #mood,Disappointment,Negative
it is a red sushi,Neutral,Neutral
That was so victimized!,Disappointment,Negative
"That is disgusting, I saw a rat in the restaurant. 😞",Disgust,Negative
Can't believe how fresh the sushi turned out. 👍,Joy,Positive
It was disheartening.,Disappointment,Negative
I can see the good and the bad in the ending of the series.,Ambivalence,Neutral
The bank is on the second floor next to the kitchen.,Neutral,Neutral
the letter should arrive on wednesday,Neutral,Neutral
Very unhappy,Disappointment,Negative
i thought the manager was absolutely really bad,Disappointment,Negative
My new coffee machine smells terrible.,Disappointment,Negative
i adore the game,Joy,Positive
I can't believe how dreadful the keyboard was.,Disappointment,Negative
This hotel was full of life.,Joy,Positive
I need to call the bank before Friday.,Neutral,Neutral
The dessert was vitriolic. #today,Disappointment,Negative
I bought this watch last week and it has been flawless so far.,Joy,Positive
Update: the headset exceeded my expectations.,Joy,Positive
This city centre made everything smoother.,Joy,Positive
"my heart is racing with excitement, we got the keys to our first home",Excitement,Positive
That was so stricken!,Fear,Negative
call me later,Neutral,Neutral
I felt courteous today.,Joy,Positive
I feel nervous because of the audition.,Fear,Negative
The apartment was yummy.,Joy,Positive
They are discussing the draft in the HR meeting. #update,Neutral,Neutral
"I worked so hard for this and it paid off, I got into my dream university.",Pride,Positive
I found the show to be underwhelming.,Disappointment,Negative
"The campsite is not brilliant, sadly.",Disappointment,Negative
"So lonely tonight, watching everyone else with their friends.",Loneliness,Negative
"Not enjoyable at all, what a shame.",Disappointment,Negative
The event left everyone impressed. ❤️,Joy,Positive
My new keyboard was shipped from the local warehouse. #mood,Neutral,Neutral
So furious about the audition right now.,Anger,Negative
Best coffee I've had in years.,Joy,Positive
Our match was so so.,Ambivalence,Neutral
The latest charger made things more confusing. 😡,Disappointment,Negative
I'm honestly pleased about my birthday.,Joy,Positive
I'm so mad I can barely type. Unbelievable behaviour.,Anger,Negative
Our hotel room was top notch.,Joy,Positive
The service did a fantastic job.,Joy,Positive
This whole thing is just worthy.,Joy,Positive
Very unhappy with the film. 😞,Disappointment,Negative
I sent the budget to the finance department. #life,Neutral,Neutral
"I nearly vomited, the smell from the garbage was unbearable. 😡",Disgust,Negative
The coffee here is outstanding.,Joy,Positive
The post office is closed on Fridays.,Neutral,Neutral
the camera was slow and full of scratches,Disappointment,Negative
the repair was way better than i expected,Joy,Positive
my flight lands at noon tomorrow,Neutral,Neutral
the research team sent an update in the morning,Neutral,Neutral
The manager will send the agenda on Thursday!!,Neutral,Neutral
I'm so proud that we cleaned up the entire beach!,Pride,Positive
The show was worth every minute.,Joy,Positive
The neighbourhood was so fine!,Ambivalence,Neutral
"Packing my bags for the big trip, so pumped!!",Excitement,Positive
Can't complain about the match. 😊,Joy,Positive
I thought the concert was absolutely captivating.,Joy,Positive
love is cooking dinner together and dancing in the kitchen,Love,Positive
The jacket I ordered has been flawless so far.,Joy,Positive
What time does the museum open on Saturday?!!,Curiosity,Neutral
We usually have lunch at half past two.,Neutral,Neutral
Falling in love with my mum all over again.,Love,Positive
The team couldn't have been better.,Joy,Positive
I can't believe how excellent the technician was!,Joy,Positive
"Not reliable at all, quite a letdown. #daily",Disappointment,Negative
Total waste of money,Disappointment,Negative
"Nobody checks on me anymore, waiting for a call that never comes. 😤",Loneliness,Negative
"My heart is racing with excitement, my sister passed her exams.",Excitement,Positive
I keep asking myself how airplanes stay in the air.,Curiosity,Neutral
"According to the schedule, the library is closed on Sundays.",Neutral,Neutral
I'm so proud that I ran the whole marathon! #today,Pride,Positive
Anxiety is eating me alive before the interview.,Fear,Negative
Can't believe how breathtaking the hotel turned out!!,Joy,Positive
"Enough is enough, my landlord raised the rent again! #mood",Anger,Negative
"I expected so much more, but our vacation was ruined by the weather.",Disappointment,Negative
The latest campsite made things more frustrating.,Disappointment,Negative
Can someone explain how sourdough bread is made?,Curiosity,Neutral
Please check the cafe before Friday.,Neutral,Neutral
Watching old videos of my mom and I can't stop crying. 😤,Sadness,Negative
Everything felt somber.,Sadness,Negative
The view was really shabby.,Disgust,Negative
Honestly the waiter was not very perfect.,Disappointment,Negative
"The play was mediocre, though the album was great.",Ambivalence,Neutral
"The ending of the series has its ups and downs, I can't decide.",Ambivalence,Neutral
I wouldn't call the training great.,Disappointment,Negative
This whole thing is just jubilant.,Excitement,Positive
The game was delightful.,Joy,Positive
I found the support team to be frustrating. #mood,Disappointment,Negative
This whole thing is just hurt.,Sadness,Negative
Not sure how to feel about the ending of the series.,Ambivalence,Neutral
The dentist appointment is at noon tomorrow.,Neutral,Neutral
"Overall, the screen was so so.",Ambivalence,Neutral
The phone was not seamless.,Disappointment,Negative
"Overall, the event was frustrating.",Disappointment,Negative
The app is compatible with offline mode and Windows.,Neutral,Neutral
I felt powerless today!!,Disappointment,Negative
I need to update my resume before Friday. #news,Neutral,Neutral
it was jolly,Joy,Positive
"Part of me is excited about the promotion, but part of me is dreading it.",Ambivalence,Neutral
It was dejected. #life,Sadness,Negative
"I'm thrilled, we finally finished the project! What's next?",Excitement,Positive
I can't believe how impressive the laptop was!,Joy,Positive
The experience here is really good.,Joy,Positive
Can't believe how delightful the charger turned out.,Joy,Positive
Today I'm at peace.,Contentment,Positive
The latest hotel made things more frustrating. 👎,Disappointment,Negative
"Overall, the router was standard.",Ambivalence,Neutral
The book was entertaining.,Joy,Positive
Sitting in an empty apartment and nobody cares.,Loneliness,Negative
"Grateful for everyone who helped, the sun came out for the whole trip. 😊",Gratitude,Positive
My new laptop smells terrible.,Disappointment,Negative
"Can't stop the tears, I found our old photos.",Sadness,Negative
Can't believe how annoying the city centre turned out.,Disappointment,Negative
Our apartment was poor.,Disappointment,Negative
Falling in love with my little sister all over again.,Love,Positive
I'm so happy that we got the keys to our first home!,Joy,Positive
I thought the novel was absolutely outstanding.,Joy,Positive
The driver was a complete disaster. 👎,Disappointment,Negative
"All is calm, writing in my journal by candlelight. ❤️",Contentment,Positive
"i'm worried sick, the stock market crashed and i'm invested",Fear,Negative
My exam went terribly. Not what I hoped for at all. #mood,Disappointment,Negative
Today I'm sickened!!,Disgust,Negative
I love my dog more than words can say. 👍,Love,Positive
"Not amazing at all, I wouldn't go back.",Disappointment,Negative
my event was standard today,Ambivalence,Neutral
definitely first class: the sandwich,Joy,Positive
Heads up: registration closes at the end of the month.,Neutral,Neutral
The concert exceeded my expectations.,Joy,Positive
"It crashes every few minutes, so frustrating.",Disappointment,Negative
"Honestly, pretty somber. 😞",Sadness,Negative
The interface was short.,Neutral,Neutral
I felt energising today.,Excitement,Positive
The album here is alright.,Ambivalence,Neutral
"I worked so hard for this and it paid off, I stood up for myself.",Pride,Positive
"Can't stop the tears, my grandfather passed away.",Sadness,Negative
Heads up: the temperature is around twenty degrees today.,Neutral,Neutral
"Overall, the salad was abysmal. #weekend",Disappointment,Negative
"I nearly vomited, there was a cockroach in my noodles.",Disgust,Negative
Feeling grossed out today.,Disgust,Negative
Feeling so sad today because my friend stopped talking to me.,Sadness,Negative
Your kindness got me through a hard week and I won't forget it.,Gratitude,Positive
I need to buy groceries before the end of the month.,Neutral,Neutral
Life is good. The concert was even better than expected.,Joy,Positive
"Thanks, that was very kind today",Gratitude,Positive
This website made everything easier.,Joy,Positive
"Staying positive about my health, it will work out.",Hope,Positive
"Not friendly at all, I expected much better.",Disappointment,Negative
Simple pleasures: drinking hot chocolate under a blanket. I'm perfectly content.,Contentment,Positive
I'd love to learn how vaccines are developed. #monday,Curiosity,Neutral
The phone was lovely and full of charm.,Joy,Positive
The city announced new parking rules for the old town.,Neutral,Neutral
Can't believe how amazing the ice cream turned out. #weekend,Joy,Positive
I'll call my sister after breakfast.,Neutral,Neutral
Honestly the commute was not very amazing.,Disappointment,Negative
The plot here is poor.,Disappointment,Negative
I have to speak in front of two hundred people and I'm shaking with fear.,Fear,Negative
I usually take the bike to work.,Neutral,Neutral
"That hotel carpet was filthy and stained, I felt sick just standing on it. #monday",Disgust,Negative
I'm heartbroken that the old house was sold.,Sadness,Negative
Something tells me my health will be fine.,Hope,Positive
it was defective,Disappointment,Negative
The class covers biology and urban gardening.,Neutral,Neutral
"Honestly, the airport was pretty great.",Joy,Positive
"Cooking a slow Sunday lunch, feeling completely at peace.",Contentment,Positive
I'm so disappointed that the movie was nothing like the trailer.,Disappointment,Negative
the dessert is blue and private,Neutral,Neutral
Can't express how proud I am that I got the job offer.,Pride,Positive
The receptionist wasn't friendly at all.,Disappointment,Negative
The apartment was so frustrating! #daily,Disappointment,Negative
"the class was disorganized, though the tour was lovely",Ambivalence,Neutral
The apartment was vivacious. 🎉,Joy,Positive
that was so fabulous,Joy,Positive
"Feeling blessed, the neighbours threw us a surprise party.",Gratitude,Positive
The dinner looked grey.,Neutral,Neutral
that was so rejoicing,Joy,Positive
The acting was not pathetic at all.,Joy,Positive
I feel exhausted today.,Sadness,Negative
"All is calm, taking my time over a homemade breakfast. 🎉",Contentment,Positive
Super hyped because my grandmother recovered fully! 😍,Excitement,Positive
The stench in that alley made me gag.,Disgust,Negative
The speaker I ordered looks and works great. 😍,Joy,Positive
I'll call my manager after dinner.,Neutral,Neutral
Every day with my cat is a gift and I'm so in love. #mood,Love,Positive
The novel was frantic. 😡,Disappointment,Negative
Can't believe how thrilling the show turned out.,Joy,Positive
"This makes me so angry, the delivery guy threw the package over the fence!",Anger,Negative
Can't complain about the book. #weekend,Joy,Positive
I can't believe how underwhelming the laptop was. 😡,Disappointment,Negative
i asked my colleagues about the schedule,Neutral,Neutral
we have a team call scheduled for monday morning,Neutral,Neutral
I can't believe how gripping the album was!,Joy,Positive
I'm honestly grateful about my exam results. 😍,Gratitude,Positive
the camera was so adequate,Ambivalence,Neutral
I'm never going back. The trash bin was overflowing with maggots.,Disgust,Negative
Hopeful that things will improve with my recovery.,Hope,Positive
The beach was really beautiful. 🎉,Joy,Positive
I felt noble today.,Joy,Positive
Everything feels empty since our family drifted apart.,Sadness,Negative
"I liked the staff, but the delivery driver was lousy.",Ambivalence,Neutral
update: the kettle comes in three colours,Neutral,Neutral
this whole thing is just enjoyable,Joy,Positive
We usually have lunch at noon.,Neutral,Neutral
The webinar covers the basics of budgeting. #news,Neutral,Neutral
The novel was attacking.,Disappointment,Negative
Update: the water bottle is way too flimsy.,Disappointment,Negative
"Honestly disappointed, I expected so much more from them.",Disappointment,Negative
The film was dreadful but the acting was captivating.,Ambivalence,Neutral
"Honestly, pretty serene.",Contentment,Positive
This water bottle smells terrible!!,Disappointment,Negative
Definitely fabulous: the staff.,Joy,Positive
I feel sickened because of my birthday.,Disgust,Negative
"I feel sick, I found mould in the fridge.",Disgust,Negative
"Feeling isolated, watching the world go by from my window.",Loneliness,Negative
This whole thing is just insecure.,Fear,Negative
The soup here is lovely. #mood,Joy,Positive
the steak was not awful at all,Joy,Positive
My heart is so full when I'm with my kids.,Love,Positive
"I can't believe it, the surprise party was a total success! So pumped!",Excitement,Positive
That was so anguished!,Sadness,Negative
everything felt superb,Joy,Positive
Today I'm content.,Contentment,Positive
I wouldn't call the experience fantastic!!,Disappointment,Negative
see you tomorrow,Neutral,Neutral
What a devilish day. 😞,Disappointment,Negative
It wasn't rude at all! ❤️,Joy,Positive
"It hurts so much, I lost my job after ten years.",Sadness,Negative
I found the manager to be atrocious.,Anger,Negative
The app includes Linux and dark mode. #news,Neutral,Neutral
"honestly, pretty undeserving",Disappointment,Negative
"It overheats constantly, avoid at all costs. #mood",Disappointment,Negative
"I can't believe it, the contractor abandoned the renovation halfway. Absolutely unacceptable!",Anger,Negative
That was so virulent!,Disappointment,Negative
"So much joy today, we opened our own bakery.",Joy,Positive
The waiter was not amazing. 😡,Disappointment,Negative
I took a photo of the website.,Neutral,Neutral
I felt talented today.,Joy,Positive
My dessert was top notch today.,Joy,Positive
Our dessert was delightful.,Joy,Positive
The campsite exceeded my expectations. #today,Joy,Positive
"Honestly, superb quality",Joy,Positive
Everything felt terrible.,Disappointment,Negative
"Overall, the apartment was very good.",Joy,Positive
The breakfast was so bad!,Disappointment,Negative
The latest ice cream made things more frustrating.,Disappointment,Negative
can't believe how mediocre the acting turned out,Disappointment,Negative
The phone comes with a charger and a protective case.,Neutral,Neutral
the manager will send the agenda on saturday,Neutral,Neutral
"I believe in the surgery next week, better days are ahead. #daily",Hope,Positive
"Great class, would buy again! 😍",Joy,Positive
The movie was red.,Neutral,Neutral
I miss having someone to talk to. Walking through a crowd and feeling invisible.,Loneliness,Negative
I thought the tablet was absolutely really good. 😊,Joy,Positive
Feeling absolutely delighted that the neighbours threw us a surprise party.,Joy,Positive
"I can't stop crying, my grandmother's health is getting worse.",Sadness,Negative
i thought the experience was absolutely great,Joy,Positive
Feeling scared about the new school. 😡,Fear,Negative
"I can't believe it, the airline lost my luggage and just shrugged. Absolutely unacceptable!",Anger,Negative
the promotion is a mixed bag for me,Ambivalence,Neutral
"nobody checks on me anymore, having no one to share good news with",Loneliness,Negative
I thought the ice cream was absolutely atrocious.,Anger,Negative
This drone is a complete waste of money.,Disappointment,Negative
Everything felt scrumptious.,Joy,Positive
Can someone confirm whether our flight boards at gate twelve?,Curiosity,Neutral
the apartment was fine tbh,Ambivalence,Neutral
The dinner here is useless. #monday,Disappointment,Negative
"I can't believe it, the delivery guy threw the package over the fence. Absolutely unacceptable!",Anger,Negative
Update: the kettle was shipped from the local warehouse.,Neutral,Neutral
Feeling joyful today. #mood,Joy,Positive
My new tent is available in two sizes.,Neutral,Neutral
"Best day ever, I ran my first ten kilometres! ❤️",Joy,Positive
The speaker I ordered keeps disconnecting.,Disappointment,Negative
Our screen was dreadful.,Disappointment,Negative
"Overall, the commute was inspiring. 😍",Joy,Positive
I'd love to learn how sourdough bread is made.,Curiosity,Neutral
"Honestly, worst experience ever",Disappointment,Negative
What time does the post office open on Saturday?,Curiosity,Neutral
"Terrible pizza, never again.",Disappointment,Negative
Sitting at a table for one and nobody cares. 😢,Loneliness,Negative
She gave a talk about jazz history on Monday.,Neutral,Neutral
The resort was not bad at all.,Joy,Positive
Everything felt starving. 😤,Disappointment,Negative
Everything felt distraught.,Sadness,Negative
The conference room can hold twelve people.,Neutral,Neutral
this class was full of errors,Disappointment,Negative
Very happy with the match.,Joy,Positive
This movie made everything clunkier.,Disappointment,Negative
This whole thing is just terrifying.,Fear,Negative
The keyboard here is okay.,Ambivalence,Neutral
The documentary is full of charm.,Joy,Positive
The show was overhyped.,Disappointment,Negative
"I'm over the moon, I saved enough for my first car!",Joy,Positive
The platform comes with Linux and voice search.,Neutral,Neutral
The museum is closed on Mondays. #mood,Neutral,Neutral
Heads up: the schedule was updated this morning.,Neutral,Neutral
I'm so happy that our team won the championship!,Joy,Positive
"Awful delivery, it arrived late and crushed.",Disappointment,Negative
I can't believe how dirty the gym was.,Disgust,Negative
I'm undecided about living in the city.,Ambivalence,Neutral
The job interview is at five o'clock tomorrow.,Neutral,Neutral
"Absolutely revolting, I found mould in the fridge. #update",Disgust,Negative
Feeling absolutely delighted that I ran the whole marathon. #news,Joy,Positive
The update comes with the web and Windows.,Neutral,Neutral
wondering if the lecture was moved to another room,Curiosity,Neutral
Very unhappy with the laptop. 😢,Disappointment,Negative
"Yuck, the food tasted rotten.",Disgust,Negative
I sent the application to the procurement department.,Neutral,Neutral
Disgraceful behaviour today,Anger,Negative
The curry was really so so. #mood,Ambivalence,Neutral
i can't believe how incredible the album was,Joy,Positive
The teacher was painfully slow.,Disappointment,Negative
That was so infuriated!,Anger,Negative
This whole thing is just honorable.,Joy,Positive
We have a team call scheduled for Saturday morning.,Neutral,Neutral
Can't believe how really bad the beach turned out!!,Disappointment,Negative
"Honestly, pretty hateful.",Anger,Negative
"The colours are vivid, five stars.",Joy,Positive
The hotel is early and short.,Neutral,Neutral
The update includes macOS and iOS.,Neutral,Neutral
Honestly the dinner was not very first class. 😞,Disappointment,Negative
Yay! My grandmother recovered fully!,Joy,Positive
I love this today 👍,Joy,Positive
"Honestly, pretty superior.",Joy,Positive
Definitely frustrating: the park.,Disappointment,Negative
The workshop was so top notch!,Joy,Positive
"Overall, the cafe was great.",Joy,Positive
Please note that the clinic accepts appointments by phone.,Neutral,Neutral
My new water bottle broke on the first use.,Disappointment,Negative
The city centre was unjust.,Anger,Negative
The cafe was cramped!!,Disappointment,Negative
I can see the good and the bad in the merger. #update,Ambivalence,Neutral
I'm so proud that I passed my driving test!,Pride,Positive
Best weekend I've ever had!,Joy,Positive
Definitely seamless: the screen.,Joy,Positive
"The breakfast is not tasty, sadly.",Disappointment,Negative
Trying to figure out how vaccines are developed.,Curiosity,Neutral
Staring at my phone waiting for someone to reply. I feel so alone.,Loneliness,Negative
"It overheats constantly, what a joke.",Disappointment,Negative
Can't express how proud I am that the client loved our proposal.,Pride,Positive
"Our village school just won the national science prize, what a proud day. #mood",Pride,Positive
Sending a huge thank you to my sister for being there when I needed you.,Gratitude,Positive
I'll be out of the office on Sunday.,Neutral,Neutral
I feel down because of the deadline.,Sadness,Negative
Definitely disappointing: the service.,Disappointment,Negative
Definitely annoying: the router. 😢,Disappointment,Negative
The weekend made my day more frustrating.,Disappointment,Negative
I found the train station to be overpriced.,Disappointment,Negative
The trip was the worst part of my week.,Disappointment,Negative
The new hire was unforgettable.,Joy,Positive
"Sick of this, the driver ran the red light and nearly hit me. Total disrespect. #monday",Anger,Negative
The job interview is at lunchtime tomorrow.,Neutral,Neutral
the website was lively,Joy,Positive
the next tram to delhi departs at noon,Neutral,Neutral
Praying that the treatment turns out fine.,Hope,Positive
"Absolutely revolting, the shower drain was clogged with hair.",Disgust,Negative
I expected the screen to be very poor but it wasn't.,Joy,Positive
"Feeling discouraged, the new phone doesn't work as advertised.",Disappointment,Negative
I feel frustrated because of tomorrow's meeting.,Disappointment,Negative
The staff left everyone impressed.,Joy,Positive
I felt exultant today.,Joy,Positive
The game is described in the manual.,Neutral,Neutral
it is a square commute,Neutral,Neutral
The interview was fine.,Ambivalence,Neutral
Can't believe how frustrating the city centre turned out.,Disappointment,Negative
The software looked early.,Neutral,Neutral
What a destroyed day.,Disappointment,Negative
What an undesirable day.,Disappointment,Negative
"Honestly, pretty accomplished.",Pride,Positive
The delivery should arrive on Wednesday.,Neutral,Neutral
I can't believe how cold the sushi was.,Disappointment,Negative
"I expected so much more, but the cake collapsed in the oven. 👎",Disappointment,Negative
I can't believe how dirty the apartment was.,Disgust,Negative
The laptop I ordered feels premium.,Joy,Positive
Something tells me the economy next year will be fine.,Hope,Positive
It was suspended.,Disappointment,Negative
"Honestly, thank you so much! 👍",Gratitude,Positive
I felt creative today.,Joy,Positive
nobody makes my heart flutter like my baby girl,Love,Positive
my update was delightful today,Joy,Positive
"Honestly, the gym was pretty awful.",Disappointment,Negative
My new backpack has been flawless so far.,Joy,Positive
The view was slow and full of errors.,Disappointment,Negative
That was so pleasurable!,Joy,Positive
The desk lamp I ordered looks and works great.,Joy,Positive
"Honestly, absolutely loved it",Joy,Positive
Today I'm so happy. #today,Joy,Positive
I can't believe how professional the waiter was! 😍,Joy,Positive
This headset was delivered to the front desk.,Neutral,Neutral
I'm terrified because the wildfire is getting closer to our town.,Fear,Negative
"FYI, registration closes at the end of the month.",Neutral,Neutral
It was troubled.,Disappointment,Negative
feeling hopeful about the weather this weekend,Hope,Positive
Everything felt rewarding. 😍,Joy,Positive
"Feeling blessed, my article got published. #monday",Gratitude,Positive
"I'm livid, someone cut in line right in front of me!",Anger,Negative
How does the city centre work?,Curiosity,Neutral
I sent the proposal to the legal department.,Neutral,Neutral
The app was insulting. #thoughts,Anger,Negative
I hate the view.,Anger,Negative
Feeling excited today.,Excitement,Positive
Talking to the walls again and nobody cares.,Loneliness,Negative
i expected the support team to be frustrating but it wasn't,Joy,Positive
I felt fulfilled today.,Joy,Positive
That was so unacceptable!,Anger,Negative
The pool is on the second floor next to the kitchen.,Neutral,Neutral
This interview made everything more confusing.,Disappointment,Negative
The customer care was blameworthy.,Disappointment,Negative
"all is calm, having a lazy morning with coffee",Contentment,Positive
I'm truly thankful because I built the shelf all by myself.,Gratitude,Positive
"I found mould in the fridge, it made me gag.",Disgust,Negative
Every day with my grandparents is a gift and I'm so in love.,Love,Positive
She is head of the logistics team.,Neutral,Neutral
My apartment was peaceful today.,Joy,Positive
Feeling heartbroken today. 😤,Sadness,Negative
"so lonely tonight, eating lunch by myself at my desk",Loneliness,Negative
So disappointed about the surgery on Monday right now.,Disappointment,Negative
"Overall, the album was awesome.",Joy,Positive
"So nervous, I have to go to the dentist tomorrow. 😡",Fear,Negative
Do you know if the gym is open on Wednesday? #news,Curiosity,Neutral
Easily the best cake of my life.,Joy,Positive
It is a late charger.,Neutral,Neutral
The phone was really intuitive. 👍,Joy,Positive
I'll be at the office until lunchtime.,Neutral,Neutral
The conference room can hold eight people.,Neutral,Neutral
Can't believe how spotless the view turned out.,Joy,Positive
Coming home to a silent house and nobody cares. 😞,Loneliness,Negative
the waiter here is unacceptable,Anger,Negative
Hoping and praying for the interview tomorrow.,Hope,Positive
"Can't stop the tears, my sister moved overseas.",Sadness,Negative
The website was really sharp.,Joy,Positive
The charger made my day clunkier.,Disappointment,Negative
"Honestly, the delivery driver was pretty slow.",Disappointment,Negative
Reminder: the office is closed for the public holiday.,Neutral,Neutral
Can't believe how overhyped the acting turned out.,Disappointment,Negative
This whole thing is just appreciated.,Gratitude,Positive
The bridge connects the two districts.,Neutral,Neutral
My new coffee machine was a total scam. 😞,Disappointment,Negative
What an intimidated day.,Fear,Negative
The movie was nothing like the trailer. Not what I hoped for at all.,Disappointment,Negative
The sandwich here is okay.,Ambivalence,Neutral
"Anxiety is through the roof, my son hasn't come home yet.",Fear,Negative
the platform comes with voice search and the web,Neutral,Neutral
I found the workshop to be top notch.,Joy,Positive
That was so awesome!,Joy,Positive
My park was delightful today.,Joy,Positive
The library is closed on Thursdays.,Neutral,Neutral
we have a team call scheduled for thursday morning,Neutral,Neutral
The workshop was delightful.,Joy,Positive
Nothing special.,Ambivalence,Neutral
I'm never going back. The towels were stained and smelled awful.,Disgust,Negative
This whole thing is just infuriated. 😢,Anger,Negative
Highly recommended today,Joy,Positive
The workshop here is rewarding.,Joy,Positive
the support team here is okay,Ambivalence,Neutral
The delivery driver made my day clunkier.,Disappointment,Negative
"Not enjoyable at all, I wouldn't go back. 😢",Disappointment,Negative
I thought the workshop was absolutely brilliant.,Joy,Positive
The latest version adds dark mode and iOS.,Neutral,Neutral
"I expected so much more, but the restaurant lost our reservation. 😢",Disappointment,Negative
I keep asking myself how languages evolve.,Curiosity,Neutral
I bought this laptop last week and it is exactly what I needed!!,Joy,Positive
This whole thing is just brave.,Joy,Positive
Easily the worst hotel of my life. 😢,Disappointment,Negative
Announcement: the app is available on both Android and iOS.,Neutral,Neutral
The park was black.,Neutral,Neutral
The customer care here is excellent.,Joy,Positive
The class covers chemistry and space travel.,Neutral,Neutral
"Honestly, pretty hated.",Anger,Negative
The manager will send the agenda on Monday.,Neutral,Neutral
I feel calm because of the reunion.,Contentment,Positive
Which day does the clinic close? #daily,Curiosity,Neutral
"Got the vacuum cleaner yesterday, it feels premium.",Joy,Positive
I can't believe how tasty the dessert was!,Joy,Positive
The waiter was lovely and full of flavour.,Joy,Positive
Staring at my phone waiting for someone to reply and nobody cares.,Loneliness,Negative
The laptop will be reviewed next week.,Neutral,Neutral
The new hire was a complete disaster.,Disappointment,Negative
The delivery driver is full of creativity.,Joy,Positive
"I'm thrilled, my friend returned home safely! What's next?",Excitement,Positive
Feeling hopeful about my health.,Hope,Positive
Update: the toaster fell apart in a week. 😤,Disappointment,Negative
Everything felt unsavory. 😤,Disappointment,Negative
The next bus to Berlin departs at ten thirty.,Neutral,Neutral
"Honestly, pretty appreciated.",Gratitude,Positive
Everything felt reeking. 😢,Disgust,Negative
Easily the best hotel of my life. #update,Joy,Positive
So terrified about the test right now.,Fear,Negative
The coffee made my day more frustrating.,Disappointment,Negative
"Honestly, pretty thankful.",Gratitude,Positive
The charger was incredible but the tablet was laggy.,Ambivalence,Neutral
The lecture is black and wooden.,Neutral,Neutral
"Just me again, sitting in an empty apartment.",Loneliness,Negative
The class covers chemistry and space travel. #news,Neutral,Neutral
"it hurts so much, the old house was sold",Sadness,Negative
My new water bottle fell apart in a week.,Disappointment,Negative
Bitterly disappointed: my flight got cancelled.,Disappointment,Negative
This jacket is made of stainless steel.,Neutral,Neutral
the latest train station made things better,Joy,Positive
The lecture was inspiring.,Joy,Positive
"Honestly, the laptop was pretty typical. #weekend",Ambivalence,Neutral
It was brilliant.,Joy,Positive
The receptionist made my day more enjoyable.,Joy,Positive
Can someone explain how blockchain actually works?,Curiosity,Neutral
Best match I've had in years.,Joy,Positive
I'm meeting a friend for coffee on Sunday!!,Neutral,Neutral
I'm grossed out about the announcement.,Disgust,Negative
The breakfast here is delightful.,Joy,Positive
Honestly not tasty.,Disappointment,Negative
"Overall, the receptionist was average.",Ambivalence,Neutral
Easily the best meal of my life. 😍,Joy,Positive
Our weekend was awesome.,Joy,Positive
The manager made my blood boil.,Anger,Negative
I'm having lunch with the client tomorrow.,Neutral,Neutral
Nothing beats the feeling right before the rollercoaster drops.,Excitement,Positive
The keyboard made my day easier.,Joy,Positive
Everything felt threatened.,Fear,Negative
The sandwich looked national.,Neutral,Neutral
The technician was rejective.,Disappointment,Negative
Easily the worst class of my life. #thoughts,Disappointment,Negative
Feeling exhausted today!!,Sadness,Negative
What a hopeful day.,Hope,Positive
i'm meeting my neighbour for brunch on sunday,Neutral,Neutral
"Honestly, pretty displeased.",Disappointment,Negative
Hoping and praying for the scholarship decision.,Hope,Positive
I have mixed feelings about retirement.,Ambivalence,Neutral
The website was buggy but the keyboard was responsive.,Ambivalence,Neutral
I'm honestly anxious about my birthday.,Fear,Negative
We are reviewing the application and will get back to you. #update,Neutral,Neutral
Do you know if the clinic is open on Monday?,Curiosity,Neutral
I'm terrified because I might lose my house. 😢,Fear,Negative
One star for the support team. 😞,Disappointment,Negative
Not impressive: the dessert.,Disappointment,Negative
I can't believe how dingy the apartment was. 😡,Disgust,Negative
"overall, the customer care was very good",Joy,Positive
My kids means the world to me.,Love,Positive
The park was not comfortable.,Disappointment,Negative
The class went above and beyond.,Joy,Positive
Thank you to my teachers for believing in me.,Gratitude,Positive
"Honestly, on my way. #monday",Neutral,Neutral
I'll be out of the office on Saturday.,Neutral,Neutral
"It's hard not having anyone around, walking through a crowd and feeling invisible.",Loneliness,Negative
gross! the trash bin was overflowing with maggots,Disgust,Negative
Would not recommend the customer care.,Disappointment,Negative
Meh today,Ambivalence,Neutral
The software supports both two-factor login and voice search.,Neutral,Neutral
"Honestly, pretty yucky.",Disgust,Negative
I thought the game was absolutely very poor.,Disappointment,Negative
"Nobody to share it with, spending another weekend with nobody to call. #life",Loneliness,Negative
"I'm worried sick, I heard footsteps outside at midnight.",Fear,Negative
This speaker was delivered to the front desk.,Neutral,Neutral
I found the hotel room to be excellent.,Joy,Positive
The job interview is at half past two tomorrow. #mood,Neutral,Neutral
the cake was shameful,Disappointment,Negative
"Part of me is excited about living in the city, but part of me is dreading it.",Ambivalence,Neutral
Not outstanding: the campsite.,Disappointment,Negative
The software was so wonderful!,Joy,Positive
"Honestly, pretty cheery.",Joy,Positive
"What a proud moment, I paid off my last loan.",Pride,Positive
This concert made everything better.,Joy,Positive
"Honestly, the router was pretty alright.",Ambivalence,Neutral
i have mixed feelings about the renovation,Ambivalence,Neutral
Everything felt rotten.,Disgust,Negative
"Nobody to share it with, watching everyone else with their friends.",Loneliness,Negative
"Anxiety is through the roof, I'm walking home alone in the dark.",Fear,Negative
The interview is full of lies!!,Disappointment,Negative
So grateful that I found my lost wallet with everything inside.,Gratitude,Positive
I felt favored today.,Joy,Positive
"Not friendly at all, I wouldn't go back.",Disappointment,Negative
Feeling sickened about the test.,Disgust,Negative
Definitely sharp: the website.,Joy,Positive
I'm devastated that my cat went missing. #weekend,Sadness,Negative
The website was exploited.,Disappointment,Negative
The store has a sale on kitchenware until Monday.,Neutral,Neutral
There's a storm heading straight for us and I'm shaking with fear.,Fear,Negative
Everything felt weak. 😡,Disappointment,Negative
"The best match ever, hands down.",Joy,Positive
"Having a lazy morning with coffee, feeling completely at peace.",Contentment,Positive
Not mouth watering: the dinner.,Disappointment,Negative
It is a empty lecture.,Neutral,Neutral
"Taking a quiet walk in the woods, completely satisfied.",Contentment,Positive
I sent the request to the marketing department. #monday,Neutral,Neutral
The airport was unacceptable but the train station was quiet. #monday,Ambivalence,Neutral
I'm so proud that my daughter made the team!,Pride,Positive
The tablet is narrow and automatic. #daily,Neutral,Neutral
I can see the good and the bad in the new policy.,Ambivalence,Neutral
I feel conflicted because of the game tonight.,Ambivalence,Neutral
Can't believe how excellent the pizza turned out.,Joy,Positive
Can't believe how amazing the resort turned out.,Joy,Positive
"It hurts so much, the funeral was today!!",Sadness,Negative
i thought the course was absolutely perfect,Joy,Positive
Feeling so sad today because the old cafe closed for good. #update,Sadness,Negative
"Enough is enough, they ignored my complaint for weeks! #daily",Anger,Negative
The neighbours partied until four in the morning and I'm fuming.,Anger,Negative
I found the experience to be terrific.,Joy,Positive
Not sure how to feel about the software redesign. #mood,Ambivalence,Neutral
"Overall, the concert was frustrating.",Disappointment,Negative
"Anxiety is through the roof, the dog next door growled at me.",Fear,Negative
My trip was abysmal today.,Disappointment,Negative
Update: the laptop fell apart in a week. #update,Disappointment,Negative
I signed up for a class on Thursday.,Neutral,Neutral
"I liked the headset, but the screen was pathetic.",Ambivalence,Neutral
Hate it today,Anger,Negative
The headset was lovely and full of creativity.,Joy,Positive
I felt appalled today.,Disappointment,Negative
"Perfectly relaxed, swinging on the porch at dusk.",Contentment,Positive
What a heavyhearted day.,Disappointment,Negative
Can't express how proud I am that our startup closed its first funding round.,Pride,Positive
This keyboard fell apart in a week.,Disappointment,Negative
Ew. I saw a rat in the restaurant. I can't unsee it.,Disgust,Negative
The tickets are available online and at the clinic.,Neutral,Neutral
I bought this laptop last week and it is nothing like the pictures. 😢,Disappointment,Negative
What a prosperous day. 😍,Joy,Positive
"Honestly, pretty disconsolate.",Sadness,Negative
This jacket is listed on the second page.,Neutral,Neutral
I can't believe how scrumptious the dessert was!,Joy,Positive
This toaster arrived on Tuesday.,Neutral,Neutral
"Overall, the match was okay.",Ambivalence,Neutral
The phone I ordered was delivered to the front desk.,Neutral,Neutral
"I'm thrilled, our baby took her first steps! What's next? 😊",Excitement,Positive
The neighbourhood was lovely and full of creativity.,Joy,Positive
I found the experience to be wonderful.,Joy,Positive
The movie had a great cast but a weak script.,Ambivalence,Neutral
I found the training to be well organized. 🎉,Joy,Positive
Our host fell apart. 😢,Disappointment,Negative
"Not poor at all, I'm actually impressed. 😍",Joy,Positive
"Enough is enough, the contractor abandoned the renovation halfway!",Anger,Negative
The service was a nightmare from start to finish!!,Disappointment,Negative
Hate it!!,Anger,Negative
"I can't sleep from anxiety, the plane hit heavy turbulence.",Fear,Negative
My new mattress is nothing like the pictures.,Disappointment,Negative
The update was so laggy! #news,Disappointment,Negative
I bought this office chair last week and it requires two batteries.,Neutral,Neutral
What an upsetting day. #news,Disappointment,Negative
"Got the desk lamp yesterday, it does not work as advertised.",Disappointment,Negative
"Just me again, eating cereal for dinner by myself.",Loneliness,Negative
I took a photo of the training.,Neutral,Neutral
This dinner was full of mistakes.,Disappointment,Negative
how do i get to the cafe from the train stop?,Curiosity,Neutral
I feel discouraged because of the hearing.,Disappointment,Negative
What a brave day.,Joy,Positive
"Absolutely revolting, the man spat on the pavement next to me.",Disgust,Negative
"Honestly, not worth it #monday",Disappointment,Negative
The service left everyone impressed.,Joy,Positive
i'd love to learn what the first computers looked like,Curiosity,Neutral
"So down today, the funeral was today. 😞",Sadness,Negative
I felt anguished today.,Sadness,Negative
Can't believe how awful the dessert turned out.,Disappointment,Negative
"Not dirty, not spotless. The campsite was just okay.",Ambivalence,Neutral
It was wise.,Joy,Positive
"Not clean at all, what a shame.",Disappointment,Negative
What a lovable day.,Love,Positive
the play was standard tbh,Ambivalence,Neutral
So disappointing 😡,Disappointment,Negative
The class looked public.,Neutral,Neutral
"The colours are washed out, so frustrating!!",Disappointment,Negative
This water bottle arrived damaged!!,Disappointment,Negative
Can't believe how poor the waiter turned out.,Disappointment,Negative
hopeful that things will improve with the treatment,Hope,Positive
What a helpful day.,Joy,Positive
"The colours are vivid, absolutely love it.",Joy,Positive
the platform is compatible with file sharing and voice search,Neutral,Neutral
Absolutely the worst coffee I can remember.,Disappointment,Negative
"Ugh, the sequel ruined what I loved about the original. 👎",Disappointment,Negative
Quiet moment: listening to the birds in the park. Life is good.,Contentment,Positive
The bank closes at six on weekdays.,Neutral,Neutral
my flight lands at half past four tomorrow,Neutral,Neutral
I asked my sister about the schedule.,Neutral,Neutral
It is a electric soup.,Neutral,Neutral
Best cake I've had in years. ❤️,Joy,Positive
It is a southern keyboard.,Neutral,Neutral
I felt ecstatic today.,Excitement,Positive
I can't believe how memorable the class was!,Joy,Positive
It is a black concert.,Neutral,Neutral
Quiet moment: taking my time over a homemade breakfast. Life is good. 🎉,Contentment,Positive
Update: the store opens at nine.,Neutral,Neutral
Super hyped because my painting sold at the exhibition!,Excitement,Positive
This headset has a two year warranty.,Neutral,Neutral
What a crushed day.,Sadness,Negative
"Such a peaceful evening, stretching out on the sofa with a blanket.",Contentment,Positive
Can't believe how clean the hotel room turned out.,Joy,Positive
Eating dinner alone again and nobody cares. 😢,Loneliness,Negative
So heartbroken about the game tonight right now.,Sadness,Negative
My new watch fell apart in a week.,Disappointment,Negative
I found the customer care to be awesome.,Joy,Positive
Has anyone tried the game?,Curiosity,Neutral
I'm optimistic about my recovery. 🎉,Hope,Positive
heads up: the survey takes about ten minutes,Neutral,Neutral
Your invoice will be processed by the end of the day. #monday,Neutral,Neutral
"Honestly, pretty impressed.",Joy,Positive
"All is calm, watching the snow fall through the window.",Contentment,Positive
The new hire was a real treat.,Joy,Positive
I can't believe how powerful the show was!,Joy,Positive
This sandwich was full of joy.,Joy,Positive
The latest sushi made things harder to use.,Disappointment,Negative
this phone was full of surprises,Joy,Positive
It was panicked. #mood,Fear,Negative
The soundtrack was unacceptable but the play was gorgeous.,Ambivalence,Neutral
"Got the desk lamp yesterday, it smells terrible.",Disappointment,Negative
"The documentary was thrilling, although the game was frustrating.",Ambivalence,Neutral
"My heart is pounding, I'm walking home alone in the dark.",Fear,Negative
"I'm worried sick, the smoke alarm is beeping and I smell smoke.",Fear,Negative
My new keyboard is better than I imagined.,Joy,Positive
I wish I had someone to talk to right now.,Loneliness,Negative
The software was slow and full of scratches.,Disappointment,Negative
"Surprisingly, the update was not buggy at all!",Joy,Positive
I thought the support team was absolutely top notch.,Joy,Positive
What a graceful day.,Joy,Positive
Proud of myself because I gave the speech without stumbling.,Pride,Positive
That was so lucky!,Joy,Positive
I can't believe how useless the museum was.,Disappointment,Negative
The workshop here is average.,Ambivalence,Neutral
My interview was alright today. #today,Ambivalence,Neutral
Trying to figure out how languages evolve.,Curiosity,Neutral
That was so super!,Joy,Positive
I watched a documentary about machine learning last night. #daily,Neutral,Neutral
what time does the cafe open on thursday?,Curiosity,Neutral
It was safe.,Joy,Positive
I'm terrified because the alarm went off in the middle of the night.,Fear,Negative
The course is full of problems!!,Disappointment,Negative
The class was so nightmarish! #thoughts,Disappointment,Negative
I felt attractive today. #daily,Joy,Positive
I felt gleeful today.,Joy,Positive
"We're moving to a new city next month, such a thrilling adventure! 👍",Excitement,Positive
The pasta here is awesome.,Joy,Positive
"staying positive about the new business, it will work out",Hope,Positive
I feel torn today.,Ambivalence,Neutral
reminder: the lecture was moved to another room,Neutral,Neutral
The dessert made my day clunkier. #today,Disappointment,Negative
Can't believe how incredible the course turned out.,Joy,Positive
The staff was full. #thoughts,Neutral,Neutral
the waiter was annoying tbh,Disappointment,Negative
i'm truly thankful because we cleaned up the entire beach,Gratitude,Positive
I'm honestly curious about the interview.,Curiosity,Neutral
The show couldn't have been better. ❤️,Joy,Positive
Feeling hopeful about the move to a new city. 🎉,Hope,Positive
"I can't believe it, my manager blamed me for his mistake. Absolutely unacceptable! 😤",Anger,Negative
"so much joy today, i made it to the finals",Joy,Positive
Update: the desk lamp has a two year warranty.,Neutral,Neutral
Announcement: the temperature is around twenty degrees today.,Neutral,Neutral
Our weekend was fabulous. #monday,Joy,Positive
Very happy with the hotel.,Joy,Positive
my router was ordinary today,Ambivalence,Neutral
This laptop is available in two sizes.,Neutral,Neutral
The delivery van stops at the pharmacy every morning.,Neutral,Neutral
Definitely predictable: the novel.,Disappointment,Negative
"I believe in the job application, better days are ahead.",Hope,Positive
Coming home to a silent house. I wish someone would call.,Loneliness,Negative
The latest version adds PDF export and cloud backup.,Neutral,Neutral
It was satisfying. #mood,Joy,Positive
The software made my day more enjoyable.,Joy,Positive
"Honestly, pretty livid. #weekend",Anger,Negative
"My neighbour's trash was spilling into the hallway, it made me gag. #news",Disgust,Negative
The tickets are available online and at the bank.,Neutral,Neutral
The city centre made my day more confusing. #update,Disappointment,Negative
"Honestly, the show was pretty delightful.",Joy,Positive
i'm so disappointed that the package arrived broken,Disappointment,Negative
The apartment was slow and full of errors.,Disappointment,Negative
"Not noisy at all, genuinely enjoyed it.",Joy,Positive
Sadness sits in my chest like a stone.,Sadness,Negative
"It hurts so much, my cat went missing.",Sadness,Negative
Does anyone know if the webinar covers the basics of budgeting?!!,Curiosity,Neutral
The cafe was bad. 😡,Disappointment,Negative
It is a new lecture.,Neutral,Neutral
Update: the library is closed on Sundays!!,Neutral,Neutral
This whole thing is just super.,Joy,Positive
The pasta was delicious.,Joy,Positive
i'm honestly stressed about my exam results,Fear,Negative
The cake wasn't excellent at all.,Disappointment,Negative
"Honestly, the dinner was pretty first class.",Joy,Positive
"Honestly, what a mess",Disappointment,Negative
The movie here is entertaining. #monday,Joy,Positive
the city centre was impressive tbh #thoughts,Joy,Positive
"Worst movie ever, avoid.",Disappointment,Negative
The neighbourhood was savage.,Disappointment,Negative
I'm furious that my ex spread rumours about me!,Anger,Negative
What a trapped day.,Disappointment,Negative
I felt funny today. #update,Joy,Positive
That was so flawed!,Disappointment,Negative
i can't believe how buggy the battery was,Disappointment,Negative
It was loving. #mood,Love,Positive
this keyboard was full of laughs,Joy,Positive
Can't believe how divine the salad turned out.,Joy,Positive
"It wasn't fun, sadly.",Disappointment,Negative
I bought this kettle last week and it arrived on Tuesday.,Neutral,Neutral
Can someone tell me about the park?,Curiosity,Neutral
My grandmother means the world to me.,Love,Positive
Counting down the days until the weekend trip to the coast!,Excitement,Positive
"Honestly, pretty bad.",Disappointment,Negative
Hopeful that things will improve with the surgery next week.,Hope,Positive
the film made my day clunkier,Disappointment,Negative
What an idealized day.,Joy,Positive
"The best burger ever, hands down. 👍",Joy,Positive
I've been wondering how the stock market works.,Curiosity,Neutral
The ending was so wonderful!,Joy,Positive
everything feels empty since another year passed without seeing my family,Sadness,Negative
She gave a talk about volcanoes on Monday. #weekend,Neutral,Neutral
Praying that the job application turns out fine.,Hope,Positive
does anyone know how electric cars work?,Curiosity,Neutral
It was fine today,Ambivalence,Neutral
I thought the software was absolutely sleek.,Joy,Positive
Making plans that nobody joins. I wish someone would call. 😢,Loneliness,Negative
can't express how proud i am that my sister passed her exams,Pride,Positive
"That is disgusting, the towels were stained and smelled awful. 😡",Disgust,Negative
Please note that the deadline has been extended to next week.,Neutral,Neutral
I'll call my neighbour after lunch.,Neutral,Neutral
Feeling really anxious because the wildfire is getting closer to our town. 😢,Fear,Negative
That was so loving!,Love,Positive
"Honestly, the flight was pretty fun.",Joy,Positive
The bank is on the second floor next to the kitchen. #mood,Neutral,Neutral
That was so gorgeous!,Joy,Positive
"Honestly, pretty dire.",Disappointment,Negative
I read about the match yesterday.,Neutral,Neutral
Best holiday I've ever had!,Joy,Positive
Slow living at its best: walking along the beach at sunset.,Contentment,Positive
This whole thing is just thrilling.,Excitement,Positive
The delivery van stops at the bakery every morning.,Neutral,Neutral
Yay! We adopted a puppy!,Joy,Positive
The turbulence was so bad I thought the plane would fall. 😡,Fear,Negative
The call with the bank is at half past two tomorrow.,Neutral,Neutral
"I'm over the moon, the results came back all clear! #thoughts",Joy,Positive
"Honestly, pretty elegant.",Joy,Positive
Definitely unremarkable: the customer care.,Ambivalence,Neutral
The website was heavy.,Neutral,Neutral
I'm so proud that we opened our own bakery! 👍,Pride,Positive
I love my mum more than words can say. #monday,Love,Positive
Update: the backpack is exactly what I needed.,Joy,Positive
"The battery was not clunky, but not impressive either.",Ambivalence,Neutral
What an adored day.,Love,Positive
"Sick of this, the support agent hung up on me. Total disrespect.",Anger,Negative
So let down today because I missed my train by a minute.,Disappointment,Negative
I have mixed feelings about the ending of the series. #mood,Ambivalence,Neutral
I usually take the bus to work.,Neutral,Neutral
The city centre was really awesome.,Joy,Positive
"So mad right now, the contractor abandoned the renovation halfway.",Anger,Negative
I'm psyched about the announcement.,Excitement,Positive
"Honestly, the sandwich was pretty greasy.",Disgust,Negative
Bitterly disappointed: the sequel was a letdown. 👎,Disappointment,Negative
That was so gleeful!,Joy,Positive
See you at noon.,Neutral,Neutral
Forever grateful to my neighbours for believing in me.,Gratitude,Positive
"Battery lasts all day, worth every penny!!",Joy,Positive
The city centre is full of lies.,Disappointment,Negative
I'll be at the office until noon.,Neutral,Neutral
I picked up the parcel from the bank this morning. #life,Neutral,Neutral
The tent I ordered broke on the first use.,Disappointment,Negative
"I'm so scared, I got a strange call from an unknown number. 😞",Fear,Negative
I'm terrified because the biopsy results come tomorrow.,Fear,Negative
"The best holiday ever, hands down.",Joy,Positive
I expected the keyboard to be abysmal but it wasn't. #daily,Joy,Positive
I found the lecture to be a mess.,Disappointment,Negative
Every day with my mum is a gift and I'm so in love.,Love,Positive
The team was a complete disaster.,Disappointment,Negative
So let down today because I failed the driving test.,Disappointment,Negative
Worst hotel I've ever had.,Disappointment,Negative
My sandwich was greasy today.,Disgust,Negative
The support team made my day easier.,Joy,Positive
What a handsome day.,Joy,Positive
The sushi was daily. #thoughts,Neutral,Neutral
"Honestly, the customer care was pretty unacceptable. 😢",Anger,Negative
"Honestly, nothing special.",Ambivalence,Neutral
"My heart is racing with excitement, the results came back all clear.",Excitement,Positive
The ice cream was scrumptious.,Joy,Positive
I feel optimistic because of the deadline.,Hope,Positive
It was good.,Joy,Positive
It was noble.,Joy,Positive
Update: the jacket stopped responding again.,Disappointment,Negative
Nobody makes my heart flutter like my boyfriend.,Love,Positive
Five stars for the museum! #today,Joy,Positive
my girlfriend means the world to me,Love,Positive
The new hire left everyone impressed. 🎉,Joy,Positive
I'm devastated that my best friend moved away.,Sadness,Negative
It is a national tablet.,Neutral,Neutral
"Honestly, pretty bullying. 😤",Disappointment,Negative
How dare they? The contractor abandoned the renovation halfway!!!,Anger,Negative
Falling in love with my whole family all over again.,Love,Positive
This waiter made everything more reliable.,Joy,Positive
This whole thing is just disappointing.,Disappointment,Negative
"Honestly, pretty heavenly.",Joy,Positive
Gross! The milk had gone sour.,Disgust,Negative
The technician here is so so.,Ambivalence,Neutral
"Terrible trip, never again.",Disappointment,Negative
The sandwich was burdensome. #news,Disappointment,Negative
Good news came in and I can't wipe the grin off my face.,Joy,Positive
The pasta was lovely and full of energy.,Joy,Positive
Easily the worst concert of my life.,Disappointment,Negative
I really enjoyed the match.,Joy,Positive
What a loved day.,Love,Positive
"Perfectly relaxed, baking bread on a slow afternoon.",Contentment,Positive
"I believe in the move to a new city, better days are ahead.",Hope,Positive
Feeling absolutely delighted that my manager praised my work.,Joy,Positive
"I'm frozen with dread, I got a strange call from an unknown number.",Fear,Negative
I've been wondering how sourdough bread is made.,Curiosity,Neutral
The customer care was knowledgeable but the service was useless. #daily,Ambivalence,Neutral
"Not reliable at all, I wouldn't go back.",Disappointment,Negative
The new manager is a mixed bag for me.,Ambivalence,Neutral
"So nervous, the biopsy results come tomorrow.",Fear,Negative
Slow living at its best: listening to the birds in the park.,Contentment,Positive
Everything felt prejudiced.,Disappointment,Negative
The ending of the series is a mixed bag for me.,Ambivalence,Neutral
"The journey is not exciting, sadly.",Disappointment,Negative
What a yucky day. #weekend,Disgust,Negative
Everything felt affectionate. #weekend,Love,Positive
"Surprisingly, the film was not very poor at all! #update",Joy,Positive
"It's hard not having anyone around, going to bed early because nobody is around.",Loneliness,Negative
Everything felt incensed.,Anger,Negative
hopeful that things will improve with the interview tomorrow,Hope,Positive
My grandmother's health is getting worse and I just feel numb.,Sadness,Negative
Can't believe how frustrating the flight turned out.,Disappointment,Negative
The salad was infected.,Disgust,Negative
I felt mature today. 😍,Joy,Positive
It was crying.,Sadness,Negative
"Not disappointing at all, I'm actually impressed.",Joy,Positive
One star for the plot. 😢,Disappointment,Negative
I wouldn't call the dessert wonderful.,Disappointment,Negative
Update: the phone works perfectly.,Joy,Positive
The store has a sale on kitchenware until Thursday.,Neutral,Neutral
I felt unhealthy today.,Disappointment,Negative
I'm heartbroken that I heard she is very ill.,Sadness,Negative
"Anxiety is through the roof, the smoke alarm is beeping and I smell smoke.",Fear,Negative
That was so suffering! 😢,Disappointment,Negative
The film here is moving.,Joy,Positive
The manager was a breath of fresh air. #life,Joy,Positive
how do i get to the library from the metro stop?,Curiosity,Neutral
The trip looked busy.,Neutral,Neutral
What a wonderful day! My daughter made the team.,Joy,Positive
"calm and cozy today, tending to my plants in the sunshine",Contentment,Positive
Everything felt horrified. 😤,Fear,Negative
it is a large phone,Neutral,Neutral
The campsite made my day more frustrating.,Disappointment,Negative
"Honestly, pretty gratifying.",Joy,Positive
is the pharmacy open today?,Curiosity,Neutral
I'm heartbroken that my grandfather passed away.,Sadness,Negative
"Yuck, there was a cockroach in my noodles.",Disgust,Negative
I'm going to the supermarket to pick up some groceries.,Neutral,Neutral
What a valued day.,Joy,Positive
The experience was so fantastic!,Joy,Positive
Our curry was adequate.,Ambivalence,Neutral
the phone i ordered is made of stainless steel,Neutral,Neutral
Waiting for a call that never comes. I wish someone would call.,Loneliness,Negative
The software is full of problems. 😞,Disappointment,Negative
Feeling absolutely delighted that the whole family got together for dinner.,Joy,Positive
The film was so top notch!,Joy,Positive
"I adore my best friend, always will.",Love,Positive
"It hurts so much, my grandmother's health is getting worse.",Sadness,Negative
this whole thing is just powerful,Joy,Positive
the flight was beloved,Love,Positive
Feeling isolated about the move to a new city.,Loneliness,Negative
My heart is so full when I'm with my partner. ❤️,Love,Positive
This keyboard is exactly what I needed.,Joy,Positive
the event was fearful,Fear,Negative
"Not comfortable at all, I expected much better.",Disappointment,Negative
The city announced new opening hours for the downtown area.,Neutral,Neutral
I bought this kettle last week and it comes in three colours.,Neutral,Neutral
I felt troubling today. #today,Disappointment,Negative
Everything felt suspended.,Disappointment,Negative
"terrible haircut, never again",Disappointment,Negative
Is it true that the lecture was moved to another room?,Curiosity,Neutral
What a sad day.,Sadness,Negative
The procurement team sent an update early next month. #update,Neutral,Neutral
The interview was not worth it!!,Disappointment,Negative
The resort was amazing.,Joy,Positive
It was fascinated.,Joy,Positive
The staff was simply wonderful!!,Joy,Positive
So disappointing today,Disappointment,Negative
"Honestly, the tablet was pretty perfect.",Joy,Positive
that was so kindly,Joy,Positive
the game was white,Neutral,Neutral
The platform is compatible with cloud backup and two-factor login.,Neutral,Neutral
The beach was really peaceful.,Joy,Positive
How do I get to the clinic from the bus stop?,Curiosity,Neutral
Proud of myself because I saved enough for my first car.,Pride,Positive
The tour was fine.,Ambivalence,Neutral
I felt jovial today.,Joy,Positive
"Got the blender yesterday, it arrived on Tuesday.",Neutral,Neutral
I asked my manager about the schedule. #news,Neutral,Neutral
The mattress I ordered is useless and overpriced.,Disappointment,Negative
Does anyone know if the office moved to the third floor?,Curiosity,Neutral
Surrounded by people but I still feel completely invisible.,Loneliness,Negative
The bakery is on the second floor next to the kitchen.,Neutral,Neutral
Sending a huge thank you to the nurses for showing up for me.,Gratitude,Positive
"Honestly, pretty hurt.",Sadness,Negative
I found the waiter to be ordinary.,Ambivalence,Neutral
It was obnoxious.,Anger,Negative
"Can't stop the tears, the funeral was today.",Sadness,Negative
the workshop looked black,Neutral,Neutral
The blender I ordered exceeded my expectations.,Joy,Positive
What a fearful day.,Fear,Negative
I'm furious that they ignored my complaint for weeks!,Anger,Negative
The parking near the gym is free after six.,Neutral,Neutral
The play was contemptuous. 😞,Anger,Negative
I found the tablet to be awful.,Disappointment,Negative
"The waiter was not frustrating, but not really good either.",Ambivalence,Neutral
I thought the phone was absolutely frustrating.,Disappointment,Negative
Feeling hopeful about the negotiations.,Hope,Positive
The museum was innovative. 👍,Joy,Positive
Standing tall today because our team won the championship.,Pride,Positive
The interview was popular.,Joy,Positive
i thought the screen was absolutely adequate,Ambivalence,Neutral
"Setup took two minutes, five stars.",Joy,Positive
My new drone was delivered to the front desk.,Neutral,Neutral
the tickets are available online and at the pool,Neutral,Neutral
Proud of myself because I paid off my last loan!!,Pride,Positive
The kettle I ordered exceeded my expectations.,Joy,Positive
The invoice should arrive in the morning!!,Neutral,Neutral
Sitting in an empty apartment. I feel so alone. 😤,Loneliness,Negative
the latest service made things less reliable,Disappointment,Negative
The concert looked yellow.,Neutral,Neutral
The salad was lovely and full of energy.,Joy,Positive
The class was so bad!,Disappointment,Negative
Everything felt sprightly. #news,Joy,Positive
Best book I've ever had!,Joy,Positive
"Overall, the show was amazing.",Joy,Positive
"i can't sleep from anxiety, the layoffs are announced next week",Fear,Negative
I can't believe how worthless the campsite was.,Disappointment,Negative
My event was very good today.,Joy,Positive
"Feeling discouraged, I failed the driving test.",Disappointment,Negative
"Staying positive about the school application, it will work out.",Hope,Positive
"This makes me so angry, the contractor abandoned the renovation halfway!",Anger,Negative
I've never felt so alone as I do in this crowded office. #daily,Loneliness,Negative
what an enterprising day,Joy,Positive
My new hoodie looks and works great. 😍,Joy,Positive
Forever grateful to my mentor for believing in me.,Gratitude,Positive
"Sitting by the fire with a book, feeling completely at peace.",Contentment,Positive
My heart feels heavy. My old teacher passed away. #life,Sadness,Negative
No complaints about the experience at all. ❤️,Joy,Positive
The plot is full of stains.,Disappointment,Negative
I'm so happy that the client loved our proposal!,Joy,Positive
We are having brunch at six o'clock. #update,Neutral,Neutral
Everything felt oppressed.,Disappointment,Negative
Our host made my blood boil.,Anger,Negative
Worst concert I've ever had.,Disappointment,Negative
"I worked so hard for this and it paid off, my code finally worked. #daily",Pride,Positive
What a wonderful day! Our baby took her first steps. #update,Joy,Positive
I can't believe how impressive the flight was!,Joy,Positive
Thank you to the whole team for the wonderful advice.,Gratitude,Positive
The airport was really shabby!!,Disgust,Negative
My view was superb today.,Joy,Positive
so pumped about the reunion right now,Excitement,Positive
"Honestly, pretty worthy.",Joy,Positive
Can't believe how impressive the pizza turned out.,Joy,Positive
This coffee was full of energy.,Joy,Positive
Can't express how proud I am that we cleaned up the entire beach.,Pride,Positive
"Feeling blessed, I learned to swim at forty.",Gratitude,Positive
Simple pleasures: doing a jigsaw puzzle by the lamp. I'm perfectly content.,Contentment,Positive
The software was nasty. 😤,Disgust,Negative
Please check the train station before Friday.,Neutral,Neutral
I'm meeting an old classmate for coffee on Wednesday.,Neutral,Neutral
I'm never going back. There was a cockroach in my noodles.,Disgust,Negative
I felt heartwarming today.,Joy,Positive
What an insipid day.,Disappointment,Negative
"Got the jacket yesterday, it is worth every penny.",Joy,Positive
trying to figure out how bees make honey,Curiosity,Neutral
My new laptop is a complete waste of money.,Disappointment,Negative
The coffee was glamourous.,Joy,Positive
I'm honestly uneasy about my presentation.,Fear,Negative
The course is thick and open. #daily,Neutral,Neutral
The legal team sent an update early next month.,Neutral,Neutral
The plot was virtuoso.,Joy,Positive
Endlessly thankful to my teachers for believing in me 🙏 😊,Gratitude,Positive
I'm so happy about the new school. 😊,Joy,Positive
"It runs silently, absolutely love it.",Joy,Positive
It was trustworthy. #weekend,Joy,Positive
What an unattractive day.,Disappointment,Negative
Celebrating my birthday by myself. I feel so alone.,Loneliness,Negative
feeling intrigued about the deadline,Curiosity,Neutral
This whole thing is just pitiless.,Disappointment,Negative
The clinic moved to a new building last month.,Neutral,Neutral
Can't believe how greasy the coffee turned out.,Disgust,Negative
What a grateful day!!,Gratitude,Positive
The game is large and tall.,Neutral,Neutral
I can't believe how superb the staff was! #weekend,Joy,Positive
definitely okay: the tablet,Ambivalence,Neutral
This delivery driver was full of charm.,Joy,Positive
"Got the laptop yesterday, it is better than I imagined!!",Joy,Positive
That was so oppressed! 👎,Disappointment,Negative
This journey made everything easier. 😍,Joy,Positive
The film looked light.,Neutral,Neutral
The train station was shabby.,Disgust,Negative
"I can't believe it, they cancelled the event with no notice. Absolutely unacceptable!",Anger,Negative
Today I'm depressed.,Sadness,Negative
The phone was virulent.,Disappointment,Negative
I need to call the bank before noon. #life,Neutral,Neutral
Honestly not comfortable.,Disappointment,Negative
omg the whole family got together for dinner,Excitement,Positive
the city centre looked long,Neutral,Neutral
I'm heading to Lisbon on Monday. #monday,Neutral,Neutral
This whole thing is just poisonous.,Disgust,Negative
Meeting at three. #monday,Neutral,Neutral
The desk lamp I ordered is a complete waste of money.,Disappointment,Negative
the burger was tasteless tbh!!,Disappointment,Negative
I miss having someone to talk to. Having no one to share good news with. #monday,Loneliness,Negative
The thought of losing everything terrifies me. #monday,Fear,Negative
"I nearly vomited, the trash bin was overflowing with maggots.",Disgust,Negative
Worst weekend I've ever had.,Disappointment,Negative
"So proud of everyone involved, I saved enough for my first car.",Pride,Positive
I love the match!,Joy,Positive
Is there a clinic near the tram station?,Curiosity,Neutral
The service left a terrible impression. 👎,Disappointment,Negative
The tour is short and round.,Neutral,Neutral
where can i find the coffee?,Curiosity,Neutral
Fingers crossed for our plans for next year! 👍,Hope,Positive
I can't believe how gorgeous the documentary was!,Joy,Positive
"It hurts so much, she left without saying goodbye.",Sadness,Negative
"Honestly, pretty valuable.",Joy,Positive
The phone was so frustrating!,Disappointment,Negative
The staff made my day easier.,Joy,Positive
"I can't believe it, my parents surprised me with a visit! So pumped!",Excitement,Positive
I'm heartbroken #monday,Sadness,Negative
the update includes android and two-factor login,Neutral,Neutral
Just thinking of my husband makes me smile with love.,Love,Positive
The whole experience was way better than I expected.,Joy,Positive
the novel was very poor tbh,Disappointment,Negative
I can't believe how dreadful the soundtrack was. 😤,Disappointment,Negative
Update: the headset came with a manual. #update,Neutral,Neutral
Never again. 😡,Disappointment,Negative
"i can't believe it, the neighbours threw us a surprise party! so pumped",Excitement,Positive
Easily the best day of my life!!,Joy,Positive
what a festive day,Joy,Positive
Definitely quiet: the gym.,Joy,Positive
The manager will send the agenda on Saturday. #news,Neutral,Neutral
Meeting at three today,Neutral,Neutral
Today I'm fed up.,Anger,Negative
The show was painfully slow.,Disappointment,Negative
"Sick of this, they cancelled my order without telling me. Total disrespect.",Anger,Negative
Sad to say the final season was a huge disappointment.,Disappointment,Negative
The play here is unacceptable. 😡,Anger,Negative
"staying positive about the weather this weekend, it will work out",Hope,Positive
Awful service 😢,Disappointment,Negative
This phone was full of mistakes.,Disappointment,Negative
I'm heartbroken that another year passed without seeing my family.,Sadness,Negative
Horrible staff: they were rude and dismissive! 😞,Disappointment,Negative
Everything felt gross.,Disgust,Negative
The driver was a pleasure.,Joy,Positive
"I expected so much more, but my plans fell through again.",Disappointment,Negative
"Not poor at all, genuinely enjoyed it.",Joy,Positive
"Honestly, pretty prejudiced.",Disappointment,Negative
This whole thing is just popular. ❤️,Joy,Positive
The restaurant was pure magic. #news,Joy,Positive
everything feels empty since my best friend moved away,Sadness,Negative
Your package will be processed in the morning.,Neutral,Neutral
I expected the resort to be depressing but it wasn't.,Joy,Positive
The trip let everyone down.,Disappointment,Negative
Really impressed by the website.,Joy,Positive
i'm having brunch with an old classmate tomorrow,Neutral,Neutral
I can't wait for our wedding next month!,Excitement,Positive
I have to return the library books on Wednesday.,Neutral,Neutral
Reminder: the invoice was sent on Monday.,Neutral,Neutral
The tablet is old and wide.,Neutral,Neutral
"Honestly, pretty reinvigorated.",Joy,Positive
I feel joyful today. #news,Joy,Positive
I'm so happy that my son graduated with honours! #mood,Joy,Positive
Everything felt proactive.,Joy,Positive
"Battery lasts all day, so impressed.",Joy,Positive
The interview was maddening.,Anger,Negative
"Honestly, the breakfast was pretty perfectly cooked.",Joy,Positive
the concert was pure magic,Joy,Positive
The parking near the museum is free after six.,Neutral,Neutral
"Overall, the hotel room was cozy.",Joy,Positive
she gave a talk about marine life on monday,Neutral,Neutral
"Nothing to do, nowhere to be, just watching the sunset from the balcony. So content.",Contentment,Positive
So grateful about the new school right now.,Gratitude,Positive
I love my grandparents more than words can say. #weekend,Love,Positive
It was pleasant.,Joy,Positive
I can't believe how entertaining the documentary was!!!,Joy,Positive
The soup was really useless.,Disappointment,Negative
I'm truly thankful because the concert was even better than expected.,Gratitude,Positive
Would definitely recommend the technician.,Joy,Positive
The tour is located on the second floor!!,Neutral,Neutral
Today I'm devastated. #mood,Sadness,Negative
"The receptionist was useless, though the support team was friendly.",Ambivalence,Neutral
I can't believe how bad the technician was.,Disappointment,Negative
"There was a hair in my soup, it made me gag.",Disgust,Negative
This toaster is available in two sizes.,Neutral,Neutral
The tour guide ruined everything.,Anger,Negative
I can't believe how useless the sandwich was.,Disappointment,Negative
The cake collapsed in the oven. Not what I hoped for at all.,Disappointment,Negative
this whole thing is just faithful,Joy,Positive
The update was so terrific!,Joy,Positive
So grateful that I passed my driving test. #weekend,Gratitude,Positive
The festival this summer is going to be epic!,Excitement,Positive
i can't believe how abysmal the salad was,Disappointment,Negative
The cafe is on the second floor next to the kitchen.,Neutral,Neutral
Does anyone know how vaccines are developed?,Curiosity,Neutral
easily the best holiday of my life,Joy,Positive
Honestly the story was not very excellent.,Disappointment,Negative
"I can't stop crying, I heard she is very ill. 😡",Sadness,Negative
My painting sold at the exhibition and I couldn't be happier.,Joy,Positive
I'm so happy that our startup closed its first funding round!,Joy,Positive
I'm heading to Lisbon on Sunday. #weekend,Neutral,Neutral
The burger was neither perfect nor unacceptable.,Ambivalence,Neutral
announcement: the seminar is held every second tuesday,Neutral,Neutral
Definitely awesome: the coffee.,Joy,Positive
the city announced new recycling rules for the downtown area,Neutral,Neutral
The update was great but the phone was clunky.,Ambivalence,Neutral
So let down today because our team lost the final.,Disappointment,Negative
Do not buy today,Disappointment,Negative
The flight is full of problems.,Disappointment,Negative
My waiter was awful today. 😤,Disappointment,Negative
The customer care was neither superb nor abysmal.,Ambivalence,Neutral
"Great match, would buy again!",Joy,Positive
The camera looked tall. #update,Neutral,Neutral
The museum was complimentary.,Joy,Positive
I bought this hoodie last week and it makes my life so much easier.,Joy,Positive
"My heart is racing with excitement, the flight landed early.",Excitement,Positive
"Absolutely revolting, the smell from the garbage was unbearable. 😤",Disgust,Negative
This tour was full of life.,Joy,Positive
"Sunny skies, good music and great company. What more could I ask for?",Joy,Positive
The manager was a complete disaster.,Disappointment,Negative
i'm conflicted about the visit,Ambivalence,Neutral
Today I'm optimistic.,Hope,Positive
This speaker looks and works great.,Joy,Positive
"What a letdown, the concert was cancelled.",Disappointment,Negative
"Brilliant course, I learned more than I expected. #daily",Joy,Positive
We are having breakfast at seven in the evening.,Neutral,Neutral
"i can't sleep from anxiety, the flight is taking off soon and i hate flying",Fear,Negative
"Calm and cozy today, stretching out on the sofa with a blanket.",Contentment,Positive
I can't believe how crisp the phone was! #mood,Joy,Positive
"overall, the cake was perfectly cooked",Joy,Positive
I bought this keyboard last week and it is available in two sizes.,Neutral,Neutral
I felt horrid today. #news,Disgust,Negative
the sandwich looked daily,Neutral,Neutral
I can't believe how mediocre the receptionist was.,Disappointment,Negative
The software here is delightful!!,Joy,Positive
i asked an old classmate about the schedule,Neutral,Neutral
"the sound is crystal clear, highly recommend",Joy,Positive
The ice cream made my day more enjoyable!!,Joy,Positive
forever grateful to everyone who supported me for all your help this year,Gratitude,Positive
My heart feels heavy. Another year passed without seeing my family.,Sadness,Negative
The class went completely wrong. 😤,Disappointment,Negative
The laptop I ordered was shipped from the local warehouse.,Neutral,Neutral
I failed the driving test. Not what I hoped for at all. 👎,Disappointment,Negative
The plot was so unremarkable!,Ambivalence,Neutral
the next ferry to pune departs at ten thirty,Neutral,Neutral
Everything feels empty since the old cafe closed for good.,Sadness,Negative
Thrilled about the birthday party on Saturday!,Excitement,Positive
I regret trying the cashier. 😤,Disappointment,Negative
"Got the office chair yesterday, it arrived earlier than promised. #life",Joy,Positive
The lecture was lovely and full of flavour.,Joy,Positive
The app comes with Windows and dark mode.,Neutral,Neutral
They are discussing the budget in the engineering meeting.,Neutral,Neutral
I expected the sushi to be abysmal but it wasn't.,Joy,Positive
"Fresh bread, soft light and my favourite playlist. Peaceful.",Contentment,Positive
Honestly not satisfying.,Disappointment,Negative
Been reading up on why we dream.,Curiosity,Neutral
"Perfectly relaxed, writing in my journal by candlelight.",Contentment,Positive
"Surprisingly, the event was not draining at all!",Joy,Positive
Simple pleasures: baking bread on a slow afternoon. I'm perfectly content.,Contentment,Positive
It is a digital delivery driver. #thoughts,Neutral,Neutral
My steak was atrocious today. 😤,Anger,Negative
Best haircut I've ever had!,Joy,Positive
Feeling really anxious because I have to speak in front of two hundred people. 😤,Fear,Negative
"Not poor at all, would go again.",Joy,Positive
Got it today #today,Neutral,Neutral
The latest breakfast made things harder to use.,Disappointment,Negative
Just thinking about the weekend trip to the coast gives me goosebumps.,Excitement,Positive
I feel anxious because of the exam.,Fear,Negative
does anyone know if the deadline has been extended to next week?,Curiosity,Neutral
Thrilled about the product launch tomorrow! #life,Excitement,Positive
Easily the worst holiday of my life. 😞,Disappointment,Negative
The staff is full of stains.,Disappointment,Negative
Can't believe how perfect the movie turned out.,Joy,Positive
Our host was a breath of fresh air.,Joy,Positive
This whole thing is just irritating. #news,Anger,Negative
Today I took the dog for a walk.,Neutral,Neutral
Best day ever today,Joy,Positive
The journey was affectional.,Joy,Positive
My landlord raised the rent again and I'm fuming!!,Anger,Negative
This class was full of errors!!,Disappointment,Negative
"Can't stop the tears, the summer ended and everyone went home.",Sadness,Negative
"Surprisingly, the neighbourhood was not dreadful at all!",Joy,Positive
That was so vibrant!,Joy,Positive
So let down today because I got rejected from my dream job. 😡,Disappointment,Negative
The router was so sluggish!,Disappointment,Negative
"Got the backpack yesterday, it arrived earlier than promised.",Joy,Positive
The concert wasted my whole afternoon.,Anger,Negative
What an unpleasant day.,Disappointment,Negative
I'm having brunch with my colleagues tomorrow. #thoughts,Neutral,Neutral
that was so nice,Joy,Positive
The novel was outrageous.,Anger,Negative
My new blender keeps disconnecting. 👎,Disappointment,Negative
Something tells me the treatment will be fine.,Hope,Positive
The camera is full of charm.,Joy,Positive
Everything felt vivacious.,Joy,Positive
The beach looked light.,Neutral,Neutral
The delivery driver was agonized.,Disappointment,Negative
So conflicted about the storm right now.,Ambivalence,Neutral
"I adore my husband, always will.",Love,Positive
"Ugh, our vacation was ruined by the weather. What a waste.",Disappointment,Negative
the customer care is local and early,Neutral,Neutral
Going to bed early because nobody is around and nobody cares.,Loneliness,Negative
"The sushi was greasy, though the curry was mouth watering. #update",Ambivalence,Neutral
"Honestly, pretty lively.",Joy,Positive
is the clinic open today?,Curiosity,Neutral
So excited for the new season of my favourite show! 😊,Excitement,Positive
the recipe needs about forty minutes in the oven,Neutral,Neutral
This staff was full of stains.,Disappointment,Negative
"Sick of this, the airline lost my luggage and just shrugged. Total disrespect.",Anger,Negative
Just thinking of my grandmother makes me smile with love.,Love,Positive
"Thank you all, my code finally worked and I owe it to you.",Gratitude,Positive
She gave a talk about space travel on Monday. #news,Neutral,Neutral
It was flawed.,Disappointment,Negative
My colleague took credit for my work and I'm fuming.,Anger,Negative
"Such a wasted evening, I expected better.",Disappointment,Negative
"honestly, the interface was pretty ordinary",Ambivalence,Neutral
how does the beach work?,Curiosity,Neutral
"What a proud moment, I got into my dream university.",Pride,Positive
"The screen cracked on day one, total garbage.",Disappointment,Negative
I'm honestly sickened about the surgery on Monday.,Disgust,Negative
The show made my day less reliable. #update,Disappointment,Negative
This resort made everything clunkier.,Disappointment,Negative
The campsite was so pathetic!,Anger,Negative
This sandwich made everything slower.,Disappointment,Negative
This whole thing is just strengthened.,Joy,Positive
I love the ice cream!,Joy,Positive
I have to pay the electricity bill on Friday.,Neutral,Neutral
This whole thing is just blamed.,Disappointment,Negative
I felt problematical today. #mood,Disappointment,Negative
i can't believe how lovely the event was,Joy,Positive
The laptop here is awesome. #weekend,Joy,Positive
the manager left everyone impressed,Joy,Positive
I felt gracious today. 😊,Joy,Positive
"So nervous, the wildfire is getting closer to our town.",Fear,Negative
What a haunted day.,Fear,Negative
The story was lovely and full of energy. ❤️,Joy,Positive
the documentary was alright tbh,Ambivalence,Neutral
What an efficient day.,Joy,Positive
Standing tall today because my sister passed her exams.,Pride,Positive
"The sound is muffled and crackly, completely useless.",Disappointment,Negative
"Absolutely revolting, the fridge stank of rotten fish.",Disgust,Negative
My best friend moved away and I just feel numb. 😡,Sadness,Negative
The latest version adds Windows and iOS.,Neutral,Neutral
The play was really wonderful!!,Joy,Positive
"So lonely tonight, coming home to a silent house.",Loneliness,Negative
My colleague made my blood boil.,Anger,Negative
I'm livid about the new school.,Anger,Negative
"I'm so scared, the exam is tomorrow and I'm not ready.",Fear,Negative
The class covers biology and marine life.,Neutral,Neutral
I need to fill in the tax form before the weekend.,Neutral,Neutral
"Got the mattress yesterday, it is way too flimsy.",Disappointment,Negative
It was likeable.,Joy,Positive
My hotel room was awesome today. ❤️,Joy,Positive
I sent the budget to the marketing department.,Neutral,Neutral
"I'm so scared, the flight is taking off soon and I hate flying.",Fear,Negative
The service was small. #news,Neutral,Neutral
today i'm intrigued,Curiosity,Neutral
I felt approved today.,Joy,Positive
The support agent hung up on me and I'm fuming.,Anger,Negative
The next bus to Osaka departs at seven in the evening.,Neutral,Neutral
"i worked so hard for this and it paid off, we cleaned up the entire beach",Pride,Positive
I'm having dinner with my sister tomorrow.,Neutral,Neutral
Nobody makes my heart flutter like my grandmother.,Love,Positive
This whole thing is just comfortable.,Contentment,Positive
"It's hard not having anyone around, watching the world go by from my window.",Loneliness,Negative
"Honestly, pretty rude.",Anger,Negative
"swinging on the porch at dusk, feeling completely at peace",Contentment,Positive
I usually take the bus to work. #today,Neutral,Neutral
I really hope the move to a new city goes well.,Hope,Positive
The team was a breath of fresh air.,Joy,Positive
This watch makes my life so much easier.,Joy,Positive
"Honestly, pretty traumatic. 😢",Sadness,Negative
Sending a huge thank you to my coach for your kindness.,Gratitude,Positive
The headset was really unremarkable.,Ambivalence,Neutral
Update: the kettle is exactly what I needed.,Joy,Positive
"Can't sleep, too excited about the product launch tomorrow. #weekend",Excitement,Positive
The delivery van stops at the cafe every morning. #today,Neutral,Neutral
The service was way better than I expected.,Joy,Positive
the lecture looked automatic,Neutral,Neutral
The charger was not poor at all.,Joy,Positive
it was vindicated,Joy,Positive
How do I get to the post office from the ferry stop?,Curiosity,Neutral
Really impressed by the keyboard.,Joy,Positive
Easily the worst movie of my life.,Disappointment,Negative
"Everything works smoothly, highly recommend.",Joy,Positive
That was so displeased! 😡,Disappointment,Negative
the museum was so superb,Joy,Positive
I'm curious about the test.,Curiosity,Neutral
"Yuck, the public toilet was disgusting.",Disgust,Negative
What is the story behind the movie?,Curiosity,Neutral
"I believe in the audition on Friday, better days are ahead.",Hope,Positive
This desk lamp came with a manual.,Neutral,Neutral
"Honestly, the play was pretty typical.",Ambivalence,Neutral
How dare they? The driver ran the red light and nearly hit me!,Anger,Negative
I'm miserable about the wedding. #news,Sadness,Negative
This manager was full of energy.,Joy,Positive
The charger was tragic.,Sadness,Negative
Can't believe how gripping the acting turned out.,Joy,Positive
"Some parts were great, others fell short. I'm still deciding what I think.",Ambivalence,Neutral
My best friend means the world to me. ❤️,Love,Positive
"So mad right now, my colleague took credit for my work. 😢",Anger,Negative
"The plot was poor, though the acting was perfect. #news",Ambivalence,Neutral
"My heart is pounding, I have to go to the dentist tomorrow.",Fear,Negative
"Thank you all, I saved enough for my first car and I owe it to you.",Gratitude,Positive
Feeling hopeful about the harvest this year. #update,Hope,Positive
i can't believe how impressive the film was,Joy,Positive
What a deprived day.,Disappointment,Negative
the interview was ordinary tbh,Ambivalence,Neutral
The manager is full of glitches.,Disappointment,Negative
I'm devastated that my grandmother's health is getting worse.,Sadness,Negative
"Honestly, pretty successful.",Joy,Positive
"So lonely tonight, having no one to share good news with.",Loneliness,Negative
This breakfast made everything much nicer. #update,Joy,Positive
The service made my day less reliable. 😤,Disappointment,Negative
totally worth it: the beach,Joy,Positive
Every day with my best friend is a gift and I'm so in love!!,Love,Positive
What an incensed day.,Anger,Negative
The call with the bank is at noon tomorrow.,Neutral,Neutral
I miss having someone to talk to. Celebrating my birthday by myself. 😡,Loneliness,Negative
I read that the office is closed for the public holiday.,Neutral,Neutral
"I feel sick, there was a cockroach in my noodles.",Disgust,Negative
My book was okay today.,Ambivalence,Neutral
"Anxiety is through the roof, the doctor wants more tests.",Fear,Negative
It was pleasurable.,Joy,Positive
the repair ruined everything,Anger,Negative
the pizza was not lousy at all,Joy,Positive
I'm so proud that our startup closed its first funding round!,Pride,Positive
This whole thing is just hopeless.,Sadness,Negative
"Yuck, the fridge stank of rotten fish. 😞",Disgust,Negative
The view is full of surprises.,Joy,Positive
The album was rude!!,Anger,Negative
We have a team call scheduled for Thursday morning.,Neutral,Neutral
"I'm thrilled, the concert was even better than expected! What's next?",Excitement,Positive
That was so irresponsible!,Anger,Negative
Absolutely loved it,Joy,Positive
What an useful day.,Joy,Positive
The story was not worthless at all.,Joy,Positive
Can't believe how lovely the acting turned out.,Joy,Positive
It was adorable.,Love,Positive
The concert was beyond frustrating. 😤,Anger,Negative
I feel blessed today.,Gratitude,Positive
Can't believe how annoying the keyboard turned out.,Disappointment,Negative
The staff ruined everything. 😞,Anger,Negative
My new tent arrived on Tuesday.,Neutral,Neutral
"I nearly vomited, the water from the tap was brown. 😢",Disgust,Negative
"My heart is racing, the race starts in ten minutes!",Excitement,Positive
Feeling really anxious because I have to go to the dentist tomorrow.,Fear,Negative
"Nothing to do, nowhere to be, just sitting by the fire with a book. So content.",Contentment,Positive
The router was gracious.,Joy,Positive
"Honestly, pretty delectable.",Joy,Positive
i'm so proud that i paid off my last loan,Pride,Positive
my heart feels heavy. my sister moved overseas,Sadness,Negative
No complaints about the workshop at all. 😍,Joy,Positive
what a cheering day,Joy,Positive
My training was worthless today.,Disappointment,Negative
Not delightful: the course. 👎,Disappointment,Negative
The finance team sent an update within five working days!!,Neutral,Neutral
Easily the best concert of my life. #news,Joy,Positive
My tablet was pathetic today.,Anger,Negative
The screen was so sturdy! #daily,Joy,Positive
"Not tasty at all, quite a letdown.",Disappointment,Negative
I'm heading to Madrid on Saturday.,Neutral,Neutral
"Honestly, pretty dirty.",Disgust,Negative
Everything felt exciting.,Excitement,Positive
"Thank you all, the hike ended with an incredible view and I owe it to you.",Gratitude,Positive
The whole experience wasted my whole afternoon.,Anger,Negative
The ice cream made my day worse. #today,Disappointment,Negative
Please remember to bring the receipt to the appointment.,Neutral,Neutral
can't believe how burnt the burger turned out,Disappointment,Negative
I felt super today.,Joy,Positive
The book made my day faster.,Joy,Positive
I signed up for a class on Sunday.,Neutral,Neutral
I found the gym to be fine.,Ambivalence,Neutral
"Honestly, pretty problematic.",Disappointment,Negative
The cake was scrumptious but the pasta was very poor.,Ambivalence,Neutral
"Not amazing at all, quite a letdown. #today",Disappointment,Negative
"I'm worried sick, the plane hit heavy turbulence.",Fear,Negative
So grateful that the new apartment turned out lovely.,Gratitude,Positive
"I nearly vomited, the milk had gone sour. 😢",Disgust,Negative
Can't believe how top notch the salad turned out. #daily,Joy,Positive
The team let everyone down.,Disappointment,Negative
The train station was so typical! #news,Ambivalence,Neutral
This backpack came with a manual.,Neutral,Neutral
The soup here is stale.,Disappointment,Negative
update: the water bottle has a two year warranty,Neutral,Neutral
The staff made my day less reliable.,Disappointment,Negative
I felt melancholy today. 😞,Sadness,Negative
"My heart is racing with excitement, my article got published.",Excitement,Positive
This whole thing is just delightful.,Joy,Positive
"Surprisingly, the service was not annoying at all!",Joy,Positive
i left my umbrella at the cafe,Neutral,Neutral
Forever grateful to everyone who supported me for the wonderful advice.,Gratitude,Positive
It was devastating.,Sadness,Negative
I bought this mattress last week and it is useless and overpriced.,Disappointment,Negative
"Honestly, totally worth it",Joy,Positive
it was fortunate,Joy,Positive
"overall, the salad was awesome",Joy,Positive
"I'm frozen with dread, the building shook during the earthquake.",Fear,Negative
I felt affectional today. ❤️,Joy,Positive
We have a team call scheduled for Wednesday morning. #news,Neutral,Neutral
The burger was not incredible.,Disappointment,Negative
What an agreeable day.,Joy,Positive
"not satisfying at all, i expected much better",Disappointment,Negative
My old teacher passed away and I just feel numb. #thoughts,Sadness,Negative
Everything felt radiant.,Joy,Positive
Please remember to bring your passport to the appointment.,Neutral,Neutral
"I expected so much more, but my exam went terribly.",Disappointment,Negative
This whole thing is just admired.,Joy,Positive
Definitely excellent: the service.,Joy,Positive
Hopeful that things will improve with the new business.,Hope,Positive
I can't believe how abysmal the trip was. #daily,Disappointment,Negative
The class left everyone impressed.,Joy,Positive
I bought this backpack last week and it makes my life so much easier.,Joy,Positive
It is a blue airport.,Neutral,Neutral
I felt impressive today.,Joy,Positive
The bank moved to a new building last month. #weekend,Neutral,Neutral
Update: the coffee machine looks and works great.,Joy,Positive
"the update was worthless, though the website was top notch",Ambivalence,Neutral
"The charger is not responsive, sadly.",Disappointment,Negative
My code finally worked and I couldn't be happier.,Joy,Positive
Is there a post office near the tram station?,Curiosity,Neutral
I can't shake this dread that something bad is about to happen.,Fear,Negative
"Nothing to do, nowhere to be, just drinking hot chocolate under a blanket. So content.",Contentment,Positive
How do I get to the cafe from the bike stop?,Curiosity,Neutral
The laptop made my day less reliable.,Disappointment,Negative
everything felt astounding,Joy,Positive
The latest weekend made things less reliable.,Disappointment,Negative
Our app was really good.,Joy,Positive
The software redesign is a mixed bag for me.,Ambivalence,Neutral
"Not tasteless, not tasty. The cake was just okay. #news",Ambivalence,Neutral
What a strengthened day. #thoughts,Joy,Positive
"Honestly, is it open today?",Curiosity,Neutral
I'm honestly psyched about the interview.,Excitement,Positive
It was ashamed.,Disappointment,Negative
The documentary was loyal.,Joy,Positive
I expected the campsite to be underwhelming but it wasn't. #thoughts,Joy,Positive
The journey was obscene.,Disgust,Negative
This flight was full of lies. #thoughts,Disappointment,Negative
I did it! Completed my first marathon and I'm so proud 🏅,Pride,Positive
"Not overpriced at all, I'm actually impressed.",Joy,Positive
The stock market crashed and I'm invested and I'm shaking with fear.,Fear,Negative
Everything felt disgraced.,Disappointment,Negative
What time does the pool open on Friday? #update,Curiosity,Neutral
Everything felt disparaging.,Disappointment,Negative
Can't believe how lousy the hotel turned out.,Disappointment,Negative
Everything felt inspirational.,Joy,Positive
Feeling really anxious because I got a strange call from an unknown number.,Fear,Negative
The tool comes with PDF export and Android.,Neutral,Neutral
Really impressed by the documentary. 😊,Joy,Positive
I felt welcoming today!!,Joy,Positive
I can't believe how useless the receptionist was!!,Disappointment,Negative
I picked up the parcel from the gym this morning.,Neutral,Neutral
The sushi was so very good!,Joy,Positive
"Honestly, pretty repressing. #thoughts",Disappointment,Negative
The concert was way better than I expected.,Joy,Positive
What a benevolent day.,Joy,Positive
What a wonderful day! We cleaned up the entire beach!!,Joy,Positive
I've been wondering how electric cars work!!,Curiosity,Neutral
"Just got tickets to see my favourite band live, I'm screaming!",Excitement,Positive
"Honestly, the journey was pretty pathetic.",Anger,Negative
"Feeling isolated, waiting for a call that never comes.",Loneliness,Negative
"Honestly, running ten minutes late.",Neutral,Neutral
Our resort was amazing.,Joy,Positive
i can't believe how comfortable the apartment was,Joy,Positive
i found the gym to be okay,Ambivalence,Neutral
i can't wait for the festival this summer,Excitement,Positive
The keyboard was thick.,Neutral,Neutral
What an effective day.,Joy,Positive
My new jacket is available in two sizes.,Neutral,Neutral
this interface was full of flavour,Joy,Positive
my new desk lamp is listed on the second page,Neutral,Neutral
"Ugh, I failed the driving test. What a waste.",Disappointment,Negative
Much appreciated today,Gratitude,Positive
The coffee here is standard.,Ambivalence,Neutral
Everything felt scared.,Fear,Negative
I wouldn't call the technician incredible.,Disappointment,Negative
the salad was cheery,Joy,Positive
The ending left me feeling empty and cheated. 😢,Disappointment,Negative
the resort is daily and full,Neutral,Neutral
I'm going to the supermarket after work.,Neutral,Neutral
The tickets are available online and at the library.,Neutral,Neutral
i can't believe how fabulous the book was,Joy,Positive
can you tell me where the nearest gym is?,Curiosity,Neutral
The service was worth every minute. #today,Joy,Positive
Everything felt passionate. #today,Joy,Positive
"Got the drone yesterday, it arrived earlier than promised.",Joy,Positive
I love this,Joy,Positive
This story was full of character. #mood,Joy,Positive
The website made my day worse. 😤,Disappointment,Negative
"Setup took two minutes, highly recommend. 😍",Joy,Positive
The hotel room made my day more enjoyable.,Joy,Positive
They mentioned the camera in the newsletter.,Neutral,Neutral
"What a letdown, our vacation was ruined by the weather. 😞",Disappointment,Negative
"The best coffee ever, hands down.",Joy,Positive
This staff was full of glitches.,Disappointment,Negative
My workshop was awful today.,Disappointment,Negative
I thought the soundtrack was absolutely awesome.,Joy,Positive
"Honestly, see you at noon. #monday",Neutral,Neutral
"Calm and cozy today, sipping tea by the window.",Contentment,Positive
How dare they? They cancelled the event with no notice!,Anger,Negative
Forever grateful to the whole team for your endless support.,Gratitude,Positive
"Got the kettle yesterday, it is way too flimsy.",Disappointment,Negative
The cashier was lovely and full of charm.,Joy,Positive
This sushi was full of creativity.,Joy,Positive
Honestly I'm torn about the merger.,Ambivalence,Neutral
The customer care was a waste of time and money. #today,Disappointment,Negative
Today I'm anxious.,Fear,Negative
"Honestly, pretty aching.",Sadness,Negative
Living in the city is a mixed bag for me.,Ambivalence,Neutral
That was so jubilant!,Excitement,Positive
Can't express how proud I am that my daughter made the team. ❤️,Pride,Positive
"I worked so hard for this and it paid off, I built the shelf all by myself.",Pride,Positive
"The design is ugly, total garbage.",Disappointment,Negative
This phone smells terrible. #monday,Disappointment,Negative
Slow living at its best: baking bread on a slow afternoon.,Contentment,Positive
the parking near the museum is free after six,Neutral,Neutral
"It doesn't fit at all, so frustrating!!",Disappointment,Negative
This whole thing is just ardent.,Joy,Positive
The manager was a real treat.,Joy,Positive
What a motivating day!!,Joy,Positive
Hopeful that things will improve with the negotiations.,Hope,Positive
I bought this headset last week and it is better than I imagined!!,Joy,Positive
I thought the weekend was absolutely alright.,Ambivalence,Neutral
It was cheerful.,Joy,Positive
"The ice cream was cold, though the pizza was delightful.",Ambivalence,Neutral
"Feeling blessed, the surprise party was a total success. #daily",Gratitude,Positive
I'm glad about the new school.,Joy,Positive
The class was a total letdown.,Disappointment,Negative
The next metro to Chicago departs at ten thirty.,Neutral,Neutral
The event fell apart. #today,Disappointment,Negative
Can't believe how fabulous the coffee turned out.,Joy,Positive
It was horrendous.,Disappointment,Negative
"Great phone, would buy again!",Joy,Positive
What a scary day. #mood,Fear,Negative
The neighbourhood was so bad!,Disappointment,Negative
My heart feels heavy. We said goodbye at the airport.,Sadness,Negative
The hotel was sad.,Sadness,Negative
"The shower drain was clogged with hair, it made me gag. #update",Disgust,Negative
"got the water bottle yesterday, it requires two batteries",Neutral,Neutral
Quick question: is it right that the exhibition runs until the end of June?,Curiosity,Neutral
Update: the hoodie requires two batteries.,Neutral,Neutral
Sending a huge thank you to my friends for the thoughtful gift.,Gratitude,Positive
The concert was ecstatic. 🎉,Excitement,Positive
the album was lovely and full of surprises,Joy,Positive
Everything felt intimidating.,Fear,Negative
Can't believe how bad the film turned out.,Disappointment,Negative
I feel devastated because of the new school. #today,Sadness,Negative
what a dismayed day,Disappointment,Negative
Can't believe how atrocious the coffee turned out.,Anger,Negative
reminder: the new timetable comes into effect in march,Neutral,Neutral
"That is disgusting, the shower drain was clogged with hair.",Disgust,Negative
This office chair comes in three colours.,Neutral,Neutral
Nothing feels better than a hug from my best friend.,Love,Positive
it wasn't terrible at all,Joy,Positive
"Enough is enough, someone scratched my car and drove off!!!",Anger,Negative
"Yuck, I found mould in the fridge. #mood",Disgust,Negative
we usually have lunch at lunchtime,Neutral,Neutral
Our website was typical.,Ambivalence,Neutral
It was welcome.,Joy,Positive
I bought this desk lamp last week and it is made of stainless steel.,Neutral,Neutral
I'll be at the office until five o'clock.,Neutral,Neutral
The hotel room was a waste of time and money.,Disappointment,Negative
This whole thing is just pitiful.,Disappointment,Negative
My new desk lamp smells terrible.,Disappointment,Negative
This is outrageous 😢,Anger,Negative
"got the water bottle yesterday, it is listed on the second page",Neutral,Neutral
Can't believe how predictable the ending turned out.,Disappointment,Negative
Announcement: the report is due on Friday!!,Neutral,Neutral
Today I'm pleased.,Joy,Positive
The flight is flat and open.,Neutral,Neutral
Worst book I've ever had.,Disappointment,Negative
The coffee is full of complaints. 😤,Disappointment,Negative
i watched a documentary about marine life last night,Neutral,Neutral
It was uninvolved. #monday,Disappointment,Negative
Does anyone know what is inside a black hole?,Curiosity,Neutral
He teaches economics at the university.,Neutral,Neutral
Do you know if the library is open on Sunday?!!,Curiosity,Neutral
"I can't stop crying, the summer ended and everyone went home.",Sadness,Negative
My new phone makes my life so much easier.,Joy,Positive
"Honestly, pretty euphoric. #mood",Joy,Positive
Just thinking about my first day at the new job gives me goosebumps.,Excitement,Positive
What a weak day.,Disappointment,Negative
I sent the draft to the engineering department.,Neutral,Neutral
The hoodie I ordered feels premium.,Joy,Positive
I found the phone to be very poor.,Disappointment,Negative
What an astounding day.,Joy,Positive
"so proud of everyone involved, i got the job offer",Pride,Positive
he teaches biology at the university,Neutral,Neutral
One star for the tablet.,Disappointment,Negative
I asked my neighbour about the schedule. #monday,Neutral,Neutral
I'm devastated that she left without saying goodbye. #mood,Sadness,Negative
the parking near the gym is free after six,Neutral,Neutral
Today I'm down.,Sadness,Negative
Great job!,Joy,Positive
I'm never going back. The water from the tap was brown. #monday,Disgust,Negative
I feel content today.,Contentment,Positive
Life is good. My manager praised my work.,Joy,Positive
"I expected so much more, but the sequel was a letdown. #thoughts",Disappointment,Negative
It was frightened!!,Fear,Negative
my new drone requires two batteries,Neutral,Neutral
Do not bother with the train station.,Disappointment,Negative
The hotel room was so incredible!,Joy,Positive
I miss having someone to talk to. Coming home to a silent house.,Loneliness,Negative
Falling in love with my husband all over again. 🎉,Love,Positive
"I liked the receptionist, but the manager was abysmal.",Ambivalence,Neutral
"The laptop was not abysmal, but not terrific either.",Ambivalence,Neutral
I can't believe how greasy the coffee was.,Disgust,Negative
Easily the best coffee of my life.,Joy,Positive
The interface did not meet my expectations!!,Disappointment,Negative
"Nervous and trembling, I stepped onto the ice.",Fear,Negative
yay! i made it to the finals,Joy,Positive
I need to buy groceries before noon.,Neutral,Neutral
That was so adored!,Love,Positive
the pharmacy moved to a new building last month,Neutral,Neutral
Useless host and he never showed up.,Disappointment,Negative
"Honestly, the pizza was pretty soggy.",Disgust,Negative
I can't believe how beautiful the beach was!,Joy,Positive
"It works, but I wouldn't call it impressive.",Ambivalence,Neutral
I'm meeting my colleagues for dinner on Sunday.,Neutral,Neutral
Can't believe how very poor the dessert turned out. 😞,Disappointment,Negative
"honestly, pretty frightened",Fear,Negative
Is it true that the clinic accepts appointments by phone?,Curiosity,Neutral
"Feeling blessed, the concert was even better than expected.",Gratitude,Positive
"the screen is gorgeous, worth every penny",Joy,Positive
Gross! The bathroom was filthy. 😡,Disgust,Negative
"Just me again, making plans that nobody joins. 😤",Loneliness,Negative
i signed up for a class on wednesday,Neutral,Neutral
"Honestly, pretty offending.",Disappointment,Negative
That was so horrendous!,Disappointment,Negative
That was so insecure!,Fear,Negative
The album did not meet my expectations. 😢,Disappointment,Negative
My dinner was flavorful today.,Joy,Positive
I felt brutal today!!,Disappointment,Negative
"FYI, the manual is available in three languages.",Neutral,Neutral
Everything felt disgusted.,Disgust,Negative
the delivery van stops at the pharmacy every morning,Neutral,Neutral
I'm honestly heartbroken about the storm.,Sadness,Negative
Can't believe how incredible the museum turned out.,Joy,Positive
everything felt punitive,Disappointment,Negative
that was so insincere,Anger,Negative
It is a short show.,Neutral,Neutral
"It hurts so much, another year passed without seeing my family. #monday",Sadness,Negative
I can't believe how crowded the apartment was. #mood,Disappointment,Negative
My laptop was awful today.,Disappointment,Negative
What a dismal day.,Disappointment,Negative
"Absolutely revolting, the bathroom was filthy.",Disgust,Negative
Is the bank open today?!!,Curiosity,Neutral
The concert here is inspiring.,Joy,Positive
I'm heartbroken about the test.,Sadness,Negative
My heart feels heavy. My cat went missing.,Sadness,Negative
"Grateful for everyone who helped, I learned to swim at forty.",Gratitude,Positive
The salad is red and thin.,Neutral,Neutral
"The weekend was underwhelming, though the experience was relaxing.",Ambivalence,Neutral
My new kettle arrived earlier than promised.,Joy,Positive
There's light at the end of the tunnel and I can see it now.,Hope,Positive
This coffee was full of warmth!!,Joy,Positive
how does the steak work?,Curiosity,Neutral
Horrible staff and they were rude and dismissive.,Disappointment,Negative
Everything felt apocalyptic.,Disappointment,Negative
"I believe in the harvest this year, better days are ahead.",Hope,Positive
Praying that the school application turns out fine.,Hope,Positive
I felt disconsolate today.,Sadness,Negative
"What a letdown, my plans fell through again.",Disappointment,Negative
"Worst meal ever, avoid.",Disappointment,Negative
"Buggy app, it crashes every few minutes. #update",Disappointment,Negative
I regret trying the update.,Disappointment,Negative
Can't express how proud I am that I paid off my last loan.,Pride,Positive
What time does the post office open on Monday?,Curiosity,Neutral
"Honestly, pretty spiteful.",Anger,Negative
today i took the dog for a walk,Neutral,Neutral
That was so bright!,Joy,Positive
"Worst service ever, avoid.",Disappointment,Negative
hopeful that things will improve with my health,Hope,Positive
"Honestly, pretty rejoicing. #monday",Joy,Positive
I felt forgiving today. 🎉,Joy,Positive
I can't believe how captivating the ending was!,Joy,Positive
The latest interface made things clunkier.,Disappointment,Negative
Just thinking of my whole family makes me smile with love.,Love,Positive
"According to the schedule, the train leaves from platform four.",Neutral,Neutral
What a funny day.,Joy,Positive
"Grateful for everyone who helped, I got promoted today.",Gratitude,Positive
i'm optimistic about the negotiations,Hope,Positive
Been reading up on how the pyramids were built.,Curiosity,Neutral
"I'm thrilled, the sun came out for the whole trip! What's next?",Excitement,Positive
I wonder whether the seminar is held every second Tuesday.,Curiosity,Neutral
"The concert was not forgettable, but not perfect either.",Ambivalence,Neutral
That was so troubled!,Disappointment,Negative
"Not tasty at all, I expected much better!!",Disappointment,Negative
The renovation is a mixed bag for me. #news,Ambivalence,Neutral
I can't believe how perfect the technician was!,Joy,Positive
"Surprisingly, the curry was not atrocious at all! 🎉",Joy,Positive
"Terrible purchase, never again.",Disappointment,Negative
"support replied instantly, worth every penny",Joy,Positive
The bakery is open from nine to five on weekdays. #news,Neutral,Neutral
"So proud of everyone involved, I built the shelf all by myself. #news",Pride,Positive
I have mixed feelings about the software redesign.,Ambivalence,Neutral
Falling in love with my cat all over again.,Love,Positive
The plot is described in the manual. #life,Neutral,Neutral
What an incompetent day.,Anger,Negative
my new phone is a complete waste of money,Disappointment,Negative
Feeling isolated today.,Loneliness,Negative
I thought the hotel room was absolutely useless. 😡,Disappointment,Negative
I wonder whether the deadline has been extended to next week.,Curiosity,Neutral
i asked my cousin about the schedule,Neutral,Neutral
"The screen cracked on day one, very disappointed. #news",Disappointment,Negative
"I worked so hard for this and it paid off, I ran the whole marathon.",Pride,Positive
I can't believe how awful the headset was.,Disappointment,Negative
The concert ruined everything.,Anger,Negative
The vacuum cleaner I ordered looks and works great. 🎉,Joy,Positive
"the cake was very poor, though the sandwich was first class",Ambivalence,Neutral
"So down today, she left without saying goodbye.",Sadness,Negative
The support team was very poor but the customer care was great.,Ambivalence,Neutral
the platform includes linux and voice search,Neutral,Neutral
Our keyboard was adequate.,Ambivalence,Neutral
The repair made my blood boil. 😞,Anger,Negative
"Honestly, pretty caring.",Love,Positive
The tour is full of joy.,Joy,Positive
"What a letdown, the movie was nothing like the trailer. 😢",Disappointment,Negative
I'll call a friend after breakfast.,Neutral,Neutral
My gym was perfect today.,Joy,Positive
"Not boring at all, I'm actually impressed.",Joy,Positive
proud of myself because i finished my degree,Pride,Positive
So disgusted about the audition right now.,Disgust,Negative
The train station let me down.,Disappointment,Negative
i'm terrified because the building shook during the earthquake,Fear,Negative
"Battery lasts all day, highly recommend.",Joy,Positive
The museum is closed on Sundays.,Neutral,Neutral
This whole thing is just lousy.,Disappointment,Negative
feeling calm about the new school,Contentment,Positive
"It overheats constantly, completely useless.",Disappointment,Negative
Everything felt passionless. 👎,Disappointment,Negative
That was so affectionate! 👍,Love,Positive
Can't believe how useless the curry turned out.,Disappointment,Negative
I love my little sister more than words can say.,Love,Positive
This is great today,Joy,Positive
definitely fine: the screen,Ambivalence,Neutral
"I keep checking the locks, I feel unsafe in this house.",Fear,Negative
I feel angry today.,Anger,Negative
That was so great!,Joy,Positive
Honestly not good.,Disappointment,Negative
"Worst burger ever, avoid.",Disappointment,Negative
"I liked the camera, but the phone was overpriced.",Ambivalence,Neutral
Our show was overhyped.,Disappointment,Negative
What a frustrated day. 😤,Disappointment,Negative
What a wonderful day! We reached our fundraising goal.,Joy,Positive
The software supports both voice search and Android.,Neutral,Neutral
That was so satisfying!,Joy,Positive
I felt futile today. 😞,Disappointment,Negative
It was resentful. #monday,Anger,Negative
"honestly, pretty pretty",Joy,Positive
the app comes with pdf export and cloud backup,Neutral,Neutral
The salad here is overcooked.,Disappointment,Negative
"I liked the train station, but the beach was useless.",Ambivalence,Neutral
Delighted with how the whole day turned out 🎉,Joy,Positive
my movie was so so today,Ambivalence,Neutral
Fingers crossed for the school application!,Hope,Positive
Reminder: the bridge connects the two districts.,Neutral,Neutral
The new hire never worked properly. 😞,Disappointment,Negative
"Honestly, what time does it start?",Curiosity,Neutral
"Honestly, pretty stimulating.",Joy,Positive
"According to the schedule, the schedule was updated this morning.",Neutral,Neutral
"Honestly, pretty radiant.",Joy,Positive
Can't believe how worthless the ice cream turned out.,Disappointment,Negative
"not friendly at all, quite a letdown",Disappointment,Negative
What an outrageous day. 👎,Anger,Negative
What a heavenly day.,Joy,Positive
Proud of myself because our startup closed its first funding round.,Pride,Positive
The next tram to Osaka departs at ten thirty.,Neutral,Neutral
The bus route changes next week.,Neutral,Neutral
It was pleased. #life,Joy,Positive
I usually take the bike to work. #update,Neutral,Neutral
The city centre was vexing.,Anger,Negative
I can't believe how amazing the support team was!!!,Joy,Positive
"Honestly, the view was pretty delightful.",Joy,Positive
"So lonely tonight, eating dinner alone again.",Loneliness,Negative
omg the cake turned out perfect,Excitement,Positive
The screen was jubilant.,Excitement,Positive
The tool is compatible with dark mode and file sharing.,Neutral,Neutral
"What a proud moment, I got the job offer.",Pride,Positive
"Overall, the support team was impressive.",Joy,Positive
The next tram to Osaka departs at nine in the morning.,Neutral,Neutral
"So proud of everyone involved, my sister passed her exams.",Pride,Positive
It was lovely.,Love,Positive
I cherish my whole family so much.,Love,Positive
The train station made my day harder to use. 😡,Disappointment,Negative
The battery was really excellent. 😊,Joy,Positive
"Honestly, the hotel was pretty annoying.",Disappointment,Negative
"Sitting by the fire with a book, completely satisfied.",Contentment,Positive
Does anyone know how coffee beans are roasted?,Curiosity,Neutral
That was so discontented!,Disappointment,Negative
The camera is grey and rectangular.,Neutral,Neutral
"I'm thrilled, the new apartment turned out lovely! What's next?",Excitement,Positive
"the new manager has its ups and downs, i can't decide",Ambivalence,Neutral
"Honestly, the pasta was pretty scrumptious.",Joy,Positive
What a scornful day.,Disappointment,Negative
The tablet was superb but the keyboard was sluggish!!,Ambivalence,Neutral
The ice cream was slow and full of scratches.,Disappointment,Negative
This coffee machine was a total scam.,Disappointment,Negative
I'm going to the bank after work. #update,Neutral,Neutral
The software supports both PDF export and Linux.,Neutral,Neutral
I'm truly thankful because the hike ended with an incredible view.,Gratitude,Positive
"Overall, the film was fine!!",Ambivalence,Neutral
I feel hyped today.,Excitement,Positive
I'm undecided about the ending of the series.,Ambivalence,Neutral
The app comes with the web and offline mode.,Neutral,Neutral
Everything felt direful. #thoughts,Disappointment,Negative
i'll call my manager after brunch,Neutral,Neutral
I'm honestly overwhelmed about the new job. 😞,Sadness,Negative
The resort was really ordinary.,Ambivalence,Neutral
The tablet was so horrible!,Disappointment,Negative
Falling in love with my girlfriend all over again. 😍,Love,Positive
The course is weekly and large.,Neutral,Neutral
I feel outraged today.,Anger,Negative
This book made everything more reliable.,Joy,Positive
The team was simply wonderful.,Joy,Positive
"Honestly, rubbish.",Disappointment,Negative
The staff was worthless but the receptionist was knowledgeable.,Ambivalence,Neutral
"Staying positive about the economy next year, it will work out.",Hope,Positive
I feel terrified because of the flight.,Fear,Negative
I can't believe how atrocious the event was.,Anger,Negative
"The screen is gorgeous, so impressed.",Joy,Positive
Everything felt sociable!!,Joy,Positive
The class covers biology and bird migration.,Neutral,Neutral
I felt disgustful today. #weekend,Disgust,Negative
I can't believe how poor the pasta was.,Disappointment,Negative
Not thrilling: the documentary.,Disappointment,Negative
Nobody makes my heart flutter like my kids. #thoughts,Love,Positive
"So mad right now, someone scratched my car and drove off. #update",Anger,Negative
Update: the tent was a total scam. 😞,Disappointment,Negative
Best pizza I've ever had! #news,Joy,Positive
The trip was way better than I expected.,Joy,Positive
The latest support team made things simpler.,Joy,Positive
What a pleasing day.,Joy,Positive
Honestly I'm torn about the promotion.,Ambivalence,Neutral
"great haircut, would buy again",Joy,Positive
"The best movie ever, hands down. #monday",Joy,Positive
I can't believe how impressive the acting was! 😍,Joy,Positive
Feeling undecided about our move.,Ambivalence,Neutral
That was so bad! 😡,Disappointment,Negative
Can't believe how atrocious the journey turned out. #life,Anger,Negative
The dessert is blue and central.,Neutral,Neutral
This whole thing is just sinister.,Fear,Negative
Something tells me the harvest this year will be fine.,Hope,Positive
I'm so disappointed that I didn't get the promotion.,Disappointment,Negative
Spending the holidays without anyone. I wish someone would call.,Loneliness,Negative
i'll be at the office until half past two,Neutral,Neutral
The sandwich here is horrible.,Disappointment,Negative
i felt suave today,Joy,Positive
hoping and praying for the weather this weekend,Hope,Positive
That was so serene!,Contentment,Positive
"Not satisfying at all, very underwhelming. 😢",Disappointment,Negative
"The experience was abysmal, though the trip was incredible.",Ambivalence,Neutral
Very unhappy with the airport.,Disappointment,Negative
"I adore my little sister, always will.",Love,Positive
The team exceeded all expectations. #weekend,Joy,Positive
What a wonderful day! The sun came out for the whole trip.,Joy,Positive
I felt successful today. #life,Joy,Positive
this whole thing is just destructive,Disappointment,Negative
Nothing feels better than a hug from my wife.,Love,Positive
the service was brilliant tbh,Joy,Positive
"So mad right now, they ignored my complaint for weeks.",Anger,Negative
The view was indignant.,Anger,Negative
Can't express how proud I am that I ran my first ten kilometres. #thoughts,Pride,Positive
counting down the days until the road trip with friends,Excitement,Positive
Feeling annoyed about the game tonight.,Anger,Negative
"Feeling broken, my grandmother's health is getting worse.",Sadness,Negative
"I worked so hard for this and it paid off, my daughter made the team. #update",Pride,Positive
"I can't sleep from anxiety, I'm walking home alone in the dark.",Fear,Negative
Five stars for the trip!,Joy,Positive
"Honestly, i'm heartbroken",Sadness,Negative
Is the library open today?,Curiosity,Neutral
Worst experience ever,Disappointment,Negative
Been reading up on how bees make honey.,Curiosity,Neutral
I'd love to learn what lives at the bottom of the ocean.,Curiosity,Neutral
What a despairing day. #update,Sadness,Negative
This is outrageous today,Anger,Negative
"Not amazing at all, very underwhelming.",Disappointment,Negative
Just thinking about our holiday in Italy gives me goosebumps.,Excitement,Positive
Best day I've ever had!,Joy,Positive
Can't believe how greasy the breakfast turned out.,Disgust,Negative
It was virulent.,Disappointment,Negative
The concert was worth every minute.,Joy,Positive
This whole thing is just deceitful.,Anger,Negative
Today I'm miserable.,Sadness,Negative
Update: the backpack is listed on the second page. #update,Neutral,Neutral
This jacket was a total scam.,Disappointment,Negative
i passed my driving test and i couldn't be happier,Joy,Positive
"Thank you all, I got promoted today and I owe it to you. #daily",Gratitude,Positive
can someone confirm whether the bridge connects the two districts?,Curiosity,Neutral
Our apartment was fabulous.,Joy,Positive
The driver left a terrible impression.,Disappointment,Negative
The customer care was private.,Neutral,Neutral
"Not slow at all, much better than expected.",Joy,Positive
The book has six chapters and an index!!,Neutral,Neutral
Update: the watch looks and works great. #monday,Joy,Positive
The movie was so poor!,Disappointment,Negative
Today I'm discouraged.,Disappointment,Negative
"I'm worried sick, the wildfire is getting closer to our town. #news",Fear,Negative
The app comes with Windows and Android.,Neutral,Neutral
Moving abroad is a mixed bag for me. #update,Ambivalence,Neutral
The lecture was really wonderful.,Joy,Positive
i sent the quote to the hr department,Neutral,Neutral
It was powerless.,Disappointment,Negative
"My heart is pounding, I might lose my house.",Fear,Negative
the event was stressful tbh,Disappointment,Negative
Everything went right today and I'm so glad.,Joy,Positive
It is a national ending.,Neutral,Neutral
"Calm and cozy today, sitting by the fire with a book.",Contentment,Positive
I'm so disappointed that our team lost the final.,Disappointment,Negative
Definitely terrible: the battery.,Disappointment,Negative
"So much joy today, I found my lost wallet with everything inside.",Joy,Positive
This whole thing is just meaningless.,Disappointment,Negative
The new hire was a total letdown.,Disappointment,Negative
OMG I found my lost wallet with everything inside!!,Excitement,Positive
The website was precious.,Joy,Positive
"It overheats constantly, so frustrating.",Disappointment,Negative
I thought the class was absolutely smooth.,Joy,Positive
The cashier is full of mistakes. #thoughts,Disappointment,Negative
"fyi, the class starts at ten",Neutral,Neutral
Super hyped because the hike ended with an incredible view!,Excitement,Positive
"Overall, the keyboard was seamless.",Joy,Positive
I took a photo of the apartment!!,Neutral,Neutral
I felt damaged today.,Disappointment,Negative
Proud of myself because my son graduated with honours.,Pride,Positive
I felt exploited today.,Disappointment,Negative
My new desk lamp stopped responding again!!,Disappointment,Negative
Everything felt damaging.,Disappointment,Negative
Easily the worst trip of my life.,Disappointment,Negative
Not brilliant: the beach.,Disappointment,Negative
My heart feels heavy. The shop we loved closed down. #daily,Sadness,Negative
The delivery van stops at the gym every morning. #update,Neutral,Neutral
I cherish my twin so much.,Love,Positive
Absolutely the worst purchase I can remember.,Disappointment,Negative
The hotel was really incredible.,Joy,Positive
This whole thing is just dismaying.,Disappointment,Negative
It was astounded!!,Joy,Positive
"I'm frozen with dread, the wildfire is getting closer to our town.",Fear,Negative
The next train to Toronto departs at seven in the evening.,Neutral,Neutral
That was not the outcome I was hoping for at all. #news,Disappointment,Negative
"It wasn't tasty, sadly.",Disappointment,Negative
"Honestly, pretty passionate.",Joy,Positive
"I'm over the moon, the concert was even better than expected!",Joy,Positive
This is bad today 👎,Disappointment,Negative
"Honestly, what does that mean?",Curiosity,Neutral
"Honestly, pretty honourable.",Joy,Positive
What time does the pharmacy open on Sunday? #daily,Curiosity,Neutral
Announcement: the schedule was updated this morning. #weekend,Neutral,Neutral
The job interview is at noon tomorrow.,Neutral,Neutral
I thought the book was absolutely bad.,Disappointment,Negative
I'm truly thankful because I made it to the finals.,Gratitude,Positive
It wasn't boring at all!,Joy,Positive
"honestly, the campsite was pretty spacious",Joy,Positive
This film was full of character.,Joy,Positive
I'm so happy that the hike ended with an incredible view!,Joy,Positive
our dinner was average,Ambivalence,Neutral
So let down today because the concert was cancelled.,Disappointment,Negative
"Sick of this, the neighbours partied until four in the morning. Total disrespect.",Anger,Negative
The staff is green and blue. #weekend,Neutral,Neutral
My tablet was intuitive today.,Joy,Positive
the phone was honorable,Joy,Positive
"honestly, the train station was pretty breathtaking",Joy,Positive
praying that the negotiations turns out fine,Hope,Positive
"All is calm, watching the sunset from the balcony.",Contentment,Positive
I can't believe how atrocious the delivery driver was. #mood,Anger,Negative
One star for the airport.,Disappointment,Negative
The receptionist was slow and full of mistakes. 😢,Disappointment,Negative
"The soup was not bad, but not really good either.",Ambivalence,Neutral
I can't believe how wonderful the keyboard was!,Joy,Positive
"my heart is racing with excitement, the concert was even better than expected",Excitement,Positive
Falling in love with my kids all over again.,Love,Positive
It was attractive!!,Joy,Positive
Big announcement coming soon and I'm dying to share it.,Excitement,Positive
"I adore my twin, always will.",Love,Positive
Tomorrow's forecast: partly cloudy with light winds.,Neutral,Neutral
"I'm thrilled, our startup closed its first funding round! What's next?",Excitement,Positive
"What a letdown, the package arrived broken.",Disappointment,Negative
she is head of the marketing team,Neutral,Neutral
That was so valuable!,Joy,Positive
Definitely outstanding: the screen.,Joy,Positive
"Honestly, the waiter was pretty impressive. 👍",Joy,Positive
My new blender makes my life so much easier.,Joy,Positive
What a great day.,Joy,Positive
"Can't sleep, too excited about our holiday in Italy.",Excitement,Positive
The story was excruciating.,Disappointment,Negative
I'd love to learn how electric cars work.,Curiosity,Neutral
"Nothing works properly, very disappointed.",Disappointment,Negative
how dare they? the bank charged me hidden fees,Anger,Negative
The delivery guy threw the package over the fence and I'm fuming.,Anger,Negative
"Thank you all, my daughter made the team and I owe it to you.",Gratitude,Positive
Not great at all,Disappointment,Negative
She is head of the legal team.,Neutral,Neutral
It is a full view.,Neutral,Neutral
The workshop is held in the main hall. #mood,Neutral,Neutral
"honestly, pretty blessed",Gratitude,Positive
Everything felt prejudicial!!,Disappointment,Negative
I miss her so much it physically hurts.,Sadness,Negative
Quick question: is it right that our flight boards at gate twelve?,Curiosity,Neutral
"Feeling broken, the funeral was today.",Sadness,Negative
I'm proud of the way we handled that tough situation together!!,Pride,Positive
"Not clean at all, I expected much better.",Disappointment,Negative
does anyone know what lives at the bottom of the ocean?,Curiosity,Neutral
"I adore my grandparents, always will.",Love,Positive
This dinner was full of charm.,Joy,Positive
"Fantastic staff, they were so helpful and kind.",Joy,Positive
"So mad right now, the driver ran the red light and nearly hit me. #thoughts",Anger,Negative
The whole experience was a real treat.,Joy,Positive
Woke up in the best mood and the day only got better.,Joy,Positive
The view was slow and full of complaints.,Disappointment,Negative
"Honestly, so disappointing",Disappointment,Negative
I felt praiseworthy today.,Joy,Positive
The update looked daily.,Neutral,Neutral
"So lonely tonight, spending another weekend with nobody to call.",Loneliness,Negative
everything felt euphoric,Joy,Positive
The store has a sale on winter coats until Sunday.,Neutral,Neutral
Quick question: is it right that the office moved to the third floor?,Curiosity,Neutral
i left my umbrella at the pool,Neutral,Neutral
What an incapacitated day.,Disappointment,Negative
I adore the sushi.,Joy,Positive
Why do cats purr? Trying to look it up.,Curiosity,Neutral
Forever grateful to everyone who supported me for your kindness. #mood,Gratitude,Positive
"honestly, the resort was pretty charming",Joy,Positive
The plot was woeful. #life,Sadness,Negative
"Sick of this, the delivery guy threw the package over the fence. Total disrespect.",Anger,Negative
I felt harmonious today.,Contentment,Positive
"Got the tent yesterday, it looks and works great.",Joy,Positive
On my way. #monday,Neutral,Neutral
This whole thing is just hypocritical.,Anger,Negative
He works in the sales department. #life,Neutral,Neutral
What a thoughtless day.,Anger,Negative
The HR team sent an update early next month.,Neutral,Neutral
The technician was really horrible.,Disappointment,Negative
"Surprisingly, the dinner was not undercooked at all!",Joy,Positive
Everything felt appreciative.,Gratitude,Positive
The new season of my favourite show is going to be epic!,Excitement,Positive
How do I get to the post office from the bike stop?,Curiosity,Neutral
What time does the gym open on Friday?,Curiosity,Neutral
Saying goodbye was the hardest thing I have ever done. #mood,Sadness,Negative
"Terrible movie, never again.",Disappointment,Negative
So angry about the exam right now.,Anger,Negative
Who is in charge of the clinic? #thoughts,Curiosity,Neutral
The city announced new recycling rules for the old town.,Neutral,Neutral
I'm honestly at peace about the test.,Contentment,Positive
Everything felt delighted. 👍,Joy,Positive
"So down today, my old teacher passed away. 😞",Sadness,Negative
My sister moved overseas and I just feel numb.,Sadness,Negative
Honestly I'm torn about graduating.,Ambivalence,Neutral
"I can't believe it, we got the keys to our first home! So pumped!",Excitement,Positive
This train station made everything faster.,Joy,Positive
heads up: the bridge connects the two districts,Neutral,Neutral
Definitely bad: the experience.,Disappointment,Negative
My new drone keeps disconnecting.,Disappointment,Negative
That was so glorious!,Joy,Positive
"Honestly, complete disaster",Disappointment,Negative
I love my best friend more than words can say.,Love,Positive
The show went above and beyond.,Joy,Positive
i really enjoyed the novel,Joy,Positive
Every day with my baby girl is a gift and I'm so in love. 🎉,Love,Positive
That was so ethical!,Joy,Positive
The tour was delighted.,Joy,Positive
The salad was not horrible at all.,Joy,Positive
totally worth it: the laptop,Joy,Positive
The toaster I ordered arrived on Tuesday. #thoughts,Neutral,Neutral
So annoyed about the move to a new city right now. #mood,Anger,Negative
Easily the worst haircut of my life.,Disappointment,Negative
"The beach was depressing, though the gym was quiet.",Ambivalence,Neutral
Simple pleasures: taking a quiet walk in the woods. I'm perfectly content.,Contentment,Positive
Our screen was terrific.,Joy,Positive
the manager will send the agenda on wednesday,Neutral,Neutral
Absolutely the worst holiday I can remember.,Disappointment,Negative
Can you tell me where the nearest cafe is?!!,Curiosity,Neutral
Forever grateful to my sister for your kindness. #daily,Gratitude,Positive
This whole thing is just inspiring.,Joy,Positive
I wonder whether the shop is next to the post office.,Curiosity,Neutral
"Sick of this, the cashier was incredibly rude to my mother. Total disrespect. 😞",Anger,Negative
i found the weekend to be top notch,Joy,Positive
Nothing feels better than a hug from my grandparents.,Love,Positive
I can't believe how beautiful the apartment was!,Joy,Positive
"Got the toaster yesterday, it is useless and overpriced.",Disappointment,Negative
"I can't stop crying, my cat went missing.",Sadness,Negative
the tablet was useless tbh,Disappointment,Negative
The repair was a total letdown.,Disappointment,Negative
our breakfast was undercooked,Disgust,Negative
Nothing feels better than a hug from my boyfriend.,Love,Positive
"According to the schedule, the team met with the vendor yesterday.",Neutral,Neutral
the salad was outstanding tbh,Joy,Positive
my new mattress fell apart in a week,Disappointment,Negative
Can someone confirm whether the form has to be submitted online?,Curiosity,Neutral
Trying to figure out how sourdough bread is made.,Curiosity,Neutral
"It hurts so much, I got the sad news this morning.",Sadness,Negative
I'm heading to Chicago on Saturday.,Neutral,Neutral
"Staying positive about the interview tomorrow, it will work out.",Hope,Positive
Reminder: the exhibition runs until the end of June.,Neutral,Neutral
this whole thing is just neat,Joy,Positive
The service was really great.,Joy,Positive
Feeling deeply grateful for a second chance.,Gratitude,Positive
"Great burger, would buy again!",Joy,Positive
it is a manual phone,Neutral,Neutral
It was delectable.,Joy,Positive
The book here is gripping.,Joy,Positive
Everything felt fearful.,Fear,Negative
The latest flight made things simpler.,Joy,Positive
The pasta was perfect.,Joy,Positive
The software supports both macOS and offline mode.,Neutral,Neutral
The pasta looked open.,Neutral,Neutral
The project got cancelled after months of work. Not what I hoped for at all.,Disappointment,Negative
The technician here is alright.,Ambivalence,Neutral
The cake was amazing but the steak was dreadful.,Ambivalence,Neutral
"Honestly, pretty idealistic.",Joy,Positive
Where can I find the park?,Curiosity,Neutral
your parcel will be processed sometime this week,Neutral,Neutral
"Grateful for everyone who helped, my friend returned home safely.",Gratitude,Positive
the burger was okay,Ambivalence,Neutral
I can't believe how dreadful the hotel was.,Disappointment,Negative
"Feeling discouraged, I missed my train by a minute.",Disappointment,Negative
The service was unforgettable.,Joy,Positive
The keyboard was really disappointing.,Disappointment,Negative
The software supports both PDF export and two-factor login.,Neutral,Neutral
walking home to an empty flat. i wish someone would call,Loneliness,Negative
"Honestly, pretty neat.",Joy,Positive
The event is full of surprises.,Joy,Positive
That was so pleased!,Joy,Positive
My mum means the world to me. #today,Love,Positive
Can't believe how excellent the experience turned out.,Joy,Positive
I really hope the negotiations goes well.,Hope,Positive
the weekend looked late,Neutral,Neutral
"Not slow at all, pleasantly surprised.",Joy,Positive
"So much joy today, the rain finally stopped in time for the wedding. #mood",Joy,Positive
my beach was standard today,Ambivalence,Neutral
Everything felt chaotic.,Disappointment,Negative
"Feeling discouraged, the concert was cancelled.",Disappointment,Negative
Counting down the days until the birthday party on Saturday! #daily,Excitement,Positive
Standing tall today because I made it to the finals. #weekend,Pride,Positive
i felt chaotic today,Disappointment,Negative
"The show was entertaining, although the play was abysmal.",Ambivalence,Neutral
This backpack is worth every penny.,Joy,Positive
My heart is so full when I'm with my best friend.,Love,Positive
Definitely clunky: the camera. 😡,Disappointment,Negative
The experience was wicked.,Disappointment,Negative
"I'm frozen with dread, the biopsy results come tomorrow.",Fear,Negative
something tells me my recovery will be fine,Hope,Positive
Everything felt obscene.,Disgust,Negative
The course was really bad but the training was lovely.,Ambivalence,Neutral
Feeling absolutely delighted that the cake turned out perfect. ❤️,Joy,Positive
Everything felt horrible.,Disappointment,Negative
This whole thing is just ethical.,Joy,Positive
The game was postponed once more. Not what I hoped for at all.,Disappointment,Negative
"Honestly, the commute was pretty very good.",Joy,Positive
The plot is empty and digital.,Neutral,Neutral
i found the burger to be fantastic,Joy,Positive
the trip looked public,Neutral,Neutral
"Nobody checks on me anymore, eating cereal for dinner by myself. #life",Loneliness,Negative
The pasta looked busy.,Neutral,Neutral
"The match was not very poor, but not fantastic either!!",Ambivalence,Neutral
"So lonely tonight, eating cereal for dinner by myself.",Loneliness,Negative
"Honestly, pretty kindly.",Joy,Positive
So excited for the road trip with friends!,Excitement,Positive
Today I'm proud.,Pride,Positive
Our cafe was alright.,Ambivalence,Neutral
Ew. The milk had gone sour. I can't unsee it. 😢,Disgust,Negative
My ice cream was perfect today.,Joy,Positive
The resort wasn't outstanding at all.,Disappointment,Negative
This whole thing is just passionless.,Disappointment,Negative
"Yuck, the kitchen was crawling with cockroaches.",Disgust,Negative
I'm so happy that the cake turned out perfect!,Joy,Positive
"The design is ugly, completely useless. 😡",Disappointment,Negative
"It hurts so much, I said goodbye to my childhood home.",Sadness,Negative
"anxiety is through the roof, i got a strange call from an unknown number",Fear,Negative
I'm undecided about the new policy.,Ambivalence,Neutral
"I expected so much more, but I failed the driving test.",Disappointment,Negative
I can't believe how terrible the novel was. #life,Disappointment,Negative
the documentary was tedious tbh,Disappointment,Negative
Everything felt defective. 😤,Disappointment,Negative
"What a proud moment, I stood up for myself.",Pride,Positive
The story was really wonderful. #news,Joy,Positive
Please confirm today #news,Neutral,Neutral
"calm and cozy today, reading in the garden",Contentment,Positive
the tour was short,Neutral,Neutral
"I'm frozen with dread, the layoffs are announced next week.",Fear,Negative
"I expected so much more, but the new phone doesn't work as advertised. 😡",Disappointment,Negative
I'm so happy that I stood up for myself! #mood,Joy,Positive
The screen was dire.,Disappointment,Negative
"The film was amazing, although the game was disappointing.",Ambivalence,Neutral
What is the story behind the router?,Curiosity,Neutral
The curry was undercooked.,Disgust,Negative
The steak was intellectual.,Joy,Positive
Reminder: our flight boards at gate twelve.,Neutral,Neutral
I felt painful today.,Sadness,Negative
The software supports both two-factor login and the web.,Neutral,Neutral
That was so pleasant! #thoughts,Joy,Positive
"The dinner was divine, although the pasta was pathetic.",Ambivalence,Neutral
I found the workshop to be excellent. #daily,Joy,Positive
"Got the blender yesterday, it makes my life so much easier.",Joy,Positive
The sandwich was annoying.,Disappointment,Negative
"I adore my dog, always will.",Love,Positive
I can't believe how dreadful the laptop was.,Disappointment,Negative
i felt respected today,Joy,Positive
I love my partner more than words can say. #thoughts,Love,Positive
What a downcast day.,Sadness,Negative
What a hurt day.,Sadness,Negative
it was discredited,Disappointment,Negative
The interface looked black.,Neutral,Neutral
"the breakfast was not tasteless, but not fabulous either",Ambivalence,Neutral
The conference room can hold six people.,Neutral,Neutral
it was revered,Joy,Positive
Can't believe how nightmarish the journey turned out. #news,Disappointment,Negative
"Drinking hot chocolate under a blanket, completely satisfied.",Contentment,Positive
"So proud of everyone involved, my son graduated with honours. ❤️",Pride,Positive
I'm so proud that I got into my dream university!,Pride,Positive
How dare they? My manager blamed me for his mistake! 😢,Anger,Negative
Completely disappointed by the story.,Disappointment,Negative
I love my brother more than words can say.,Love,Positive
I can't believe how lousy the charger was.,Disappointment,Negative
I found the laptop to be ordinary.,Ambivalence,Neutral
The manager is full of errors.,Disappointment,Negative
The latest version adds voice search and cloud backup.,Neutral,Neutral
The lecture was round.,Neutral,Neutral
This whole thing is just lovely.,Love,Positive
I'm never going back. There was a hair in my soup.,Disgust,Negative
The latest battery made things more enjoyable.,Joy,Positive
This whole thing is just infuriating.,Anger,Negative
"Can't stop the tears, my old teacher passed away.",Sadness,Negative
"Nobody checks on me anymore, sitting in an empty apartment. 😞",Loneliness,Negative
Thank you to the whole team for showing up for me.,Gratitude,Positive
Can't believe how lousy the technician turned out.,Disappointment,Negative
the tool includes linux and voice search,Neutral,Neutral
I'm devastated that I lost my job after ten years.,Sadness,Negative
"Honestly, the event was pretty worthwhile.",Joy,Positive
The manager couldn't have been better.,Joy,Positive
Nobody makes my heart flutter like my dog.,Love,Positive
the car started skidding on the ice and i'm shaking with fear,Fear,Negative
I can't thank my neighbours enough for believing in me.,Gratitude,Positive
I can't believe how smooth the screen was!,Joy,Positive
"I worked so hard for this and it paid off, I completed the coding bootcamp.",Pride,Positive
My app was very good today.,Joy,Positive
That was so motivating!,Joy,Positive
I bought this mattress last week and it makes my life so much easier. #monday,Joy,Positive
this sushi was full of laughs,Joy,Positive
"Got the vacuum cleaner yesterday, it is a complete waste of money.",Disappointment,Negative
This delivery driver was full of character.,Joy,Positive
My heart feels heavy. I found our old photos.,Sadness,Negative
The app is compatible with two-factor login and voice search.,Neutral,Neutral
i can't believe how enjoyable the class was,Joy,Positive
It was fraudulent.,Disappointment,Negative
I can't thank the whole team enough for being there when I needed you. 😊,Gratitude,Positive
The cashier here is ordinary.,Ambivalence,Neutral
Everything felt wrathful.,Anger,Negative
I feel so alone because of the hearing.,Loneliness,Negative
That was so reinvigorated!,Joy,Positive
i can't believe how brilliant the trip was,Joy,Positive
This campsite was full of stains. #today,Disappointment,Negative
the apartment was disappointing tbh,Disappointment,Negative
"Nobody checks on me anymore, watching the world go by from my window.",Loneliness,Negative
Feeling energized about the trip.,Excitement,Positive
This whole thing is just gracious.,Joy,Positive
I felt blissful today!!,Joy,Positive
This dinner was full of scratches.,Disappointment,Negative
The commute was a waste of time and money.,Disappointment,Negative
"Horror movie marathon was a mistake, now I'm afraid of every shadow.",Fear,Negative
The new hire was worth every minute. 😍,Joy,Positive
"I'm livid, he lied to my face!",Anger,Negative
Today I'm disgusted.,Disgust,Negative
I'm optimistic about the harvest this year.,Hope,Positive
"I can't believe it, my ex spread rumours about me. Absolutely unacceptable!",Anger,Negative
"Overall, the interface was intuitive.",Joy,Positive
My museum was very poor today.,Disappointment,Negative
I found the concert to be hilarious.,Joy,Positive
The tool comes with Windows and macOS.,Neutral,Neutral
Everything felt unfulfilled.,Disappointment,Negative
it wasn't disappointing at all,Joy,Positive
The story was really really bad.,Disappointment,Negative
Everything felt cruel.,Anger,Negative
"Feeling broken, I found our old photos.",Sadness,Negative
The campsite was breathtaking.,Joy,Positive
"Best day ever, I made it to the finals!",Joy,Positive
The parcel should arrive next Tuesday.,Neutral,Neutral
How dare they? Someone scratched my car and drove off! 👎,Anger,Negative
It was joyful.,Joy,Positive
The parking near the cafe is free after six.,Neutral,Neutral
"Surprisingly, the router was not confusing at all!",Joy,Positive
"Honestly, pretty savage.",Disappointment,Negative
The curry wasn't first class at all.,Disappointment,Negative
"Can't sleep, too excited about the new season of my favourite show. #daily",Excitement,Positive
"Part of me is excited about the merger, but part of me is dreading it.",Ambivalence,Neutral
I felt helpful today.,Joy,Positive
I'm reading a book about renewable energy.,Neutral,Neutral
Everything felt welcome.,Joy,Positive
What time does the gym open on Sunday? #daily,Curiosity,Neutral
the latest soup made things more confusing,Disappointment,Negative
Nobody makes my heart flutter like my best friend.,Love,Positive
Feeling discouraged today.,Disappointment,Negative
"Great movie, would buy again!",Joy,Positive
This album made everything clunkier.,Disappointment,Negative
The update includes voice search and cloud backup.,Neutral,Neutral
Can't believe how lovely the burger turned out.,Joy,Positive
I really disliked the concert. 😢,Disappointment,Negative
Update: the package weighs about two kilograms.,Neutral,Neutral
"I hate being lied to, it makes my blood boil!!",Anger,Negative
The plot was slow and full of bugs. 😢,Disappointment,Negative
"it's hard not having anyone around, sitting at a table for one",Loneliness,Negative
I can't believe how flavorful the soup was!,Joy,Positive
I can see the good and the bad in the promotion.,Ambivalence,Neutral
"Honestly, pretty angry.",Anger,Negative
The latest album made things simpler.,Joy,Positive
Update: the phone feels premium.,Joy,Positive
Just thinking about the concert next Friday gives me goosebumps.,Excitement,Positive
Do you know if the bakery is open on Thursday? #monday,Curiosity,Neutral
I'm so proud that I got promoted today!,Pride,Positive
Do not bother with the breakfast.,Disappointment,Negative
can someone confirm whether the survey takes about ten minutes?,Curiosity,Neutral
that was so praiseworthy,Joy,Positive
"Feeling discouraged, the movie was nothing like the trailer.",Disappointment,Negative
Definitely okay: the lecture.,Ambivalence,Neutral
Retirement is a mixed bag for me. #life,Ambivalence,Neutral
wonderful hotel and everything was spotless and quiet,Joy,Positive
"Nothing to do, nowhere to be, just floating in the pool on a warm afternoon. So content!!",Contentment,Positive
I felt kindly today.,Joy,Positive
"Perfectly relaxed, floating in the pool on a warm afternoon.",Contentment,Positive
So discouraged about the deadline right now. #mood,Disappointment,Negative
The concert was really worthless. 😤,Disappointment,Negative
This album made everything slower.,Disappointment,Negative
That was so favorable! #update,Joy,Positive
The city centre was not delightful.,Disappointment,Negative
I'm so happy that we opened our own bakery!,Joy,Positive
The bank is closed on Sundays. #today,Neutral,Neutral
I can't believe how top notch the dinner was! 😍,Joy,Positive
"Got the headset yesterday, it requires two batteries.",Neutral,Neutral
"Honestly, pretty ardent.",Joy,Positive
The support team was really average.,Ambivalence,Neutral
i'm relaxed about the new school,Contentment,Positive
The app comes with cloud backup and macOS.,Neutral,Neutral
This museum was full of delays. #life,Disappointment,Negative
The conference room can hold fifteen people. #life,Neutral,Neutral
Our interview was fantastic.,Joy,Positive
i picked up the parcel from the bank this morning,Neutral,Neutral
Easily the best phone of my life.,Joy,Positive
The story was amazing but the play was horrible. #thoughts,Ambivalence,Neutral
The next metro to Delhi departs at ten thirty.,Neutral,Neutral
I can't believe how abysmal the coffee was.,Disappointment,Negative
"I expected so much more, but the game was postponed once more. 😞",Disappointment,Negative
I bought this office chair last week and it stopped working after two days. 👎,Disappointment,Negative
"Can't stop the tears, my dog died last night.",Sadness,Negative
Feeling drained about the exam. #update,Sadness,Negative
the conference room can hold ten people,Neutral,Neutral
Life is good. The sun came out for the whole trip.,Joy,Positive
your shipment will be processed in the morning,Neutral,Neutral
"so proud of everyone involved, i stood up for myself",Pride,Positive
I usually take the metro to work.,Neutral,Neutral
The documentary was slow and full of scratches.,Disappointment,Negative
The apartment was so stunning!,Joy,Positive
Feeling absolutely delighted that my grandmother recovered fully.,Joy,Positive
This whole thing is just wrong.,Disappointment,Negative
Announcement: the bus route changes next week!!,Neutral,Neutral
"Not fun at all, what a shame.",Disappointment,Negative
Definitely horrible: the sandwich.,Disappointment,Negative
I felt jealous today.,Disappointment,Negative
"What a letdown, the new phone doesn't work as advertised.",Disappointment,Negative
Best purchase I've had in years.,Joy,Positive
"Not friendly at all, what a shame.",Disappointment,Negative
The event here is lousy.,Disappointment,Negative
The delivery driver was really incredible.,Joy,Positive
"Honestly, pretty frantic.",Disappointment,Negative
I'm reading a book about machine learning.,Neutral,Neutral
The ending was not fabulous.,Disappointment,Negative
The salad is short and small. #mood,Neutral,Neutral
Today I'm thankful.,Gratitude,Positive
"honestly, sending the file now",Neutral,Neutral
Simple pleasures: floating in the pool on a warm afternoon. I'm perfectly content.,Contentment,Positive
"Honestly, pretty praising.",Joy,Positive
"Things are tough right now, but I believe better days are coming.",Hope,Positive
"Staying positive about next season, it will work out.",Hope,Positive
my new desk lamp was delivered to the front desk,Neutral,Neutral
Definitely alright: the interview.,Ambivalence,Neutral
"Ugh, I missed my train by a minute. What a waste. 😞",Disappointment,Negative
I'm terrified because the layoffs are announced next week. #mood,Fear,Negative
Simple pleasures: reading in the garden. I'm perfectly content.,Contentment,Positive
the latest charger made things more reliable,Joy,Positive
The upgrade brought nothing new. What a disappointment.,Disappointment,Negative
"My heart is racing with excitement, the new apartment turned out lovely!!",Excitement,Positive
"Honestly, i feel terrible today",Sadness,Negative
The acting made my day more frustrating.,Disappointment,Negative
"Not dull at all, pleasantly surprised.",Joy,Positive
Feeling so sad today because the old house was sold. #thoughts,Sadness,Negative
That was so honored!,Pride,Positive
This story made everything simpler. 😍,Joy,Positive
Everything felt resentful. 😤,Anger,Negative
I'm honestly nervous about the new school. 😢,Fear,Negative
Can't believe how a mess the match turned out. 😡,Disappointment,Negative
"honestly, could be better, could be worse",Ambivalence,Neutral
the curry was fine tbh,Ambivalence,Neutral
"It's hard not having anyone around, celebrating my birthday by myself. 😞",Loneliness,Negative
Dreadful hotel: everything was dirty and noisy!,Disappointment,Negative
Honestly the film was not very moving.,Disappointment,Negative
"So proud of everyone involved, we finally finished the project.",Pride,Positive
who is in charge of the pharmacy?,Curiosity,Neutral
i have a doctor's appointment at half past two,Neutral,Neutral
"Honestly, pretty welcoming.",Joy,Positive
The lecture is blue and electric. #thoughts,Neutral,Neutral
The museum is open from nine to five on weekdays. #today,Neutral,Neutral
So frustrated about the exam right now.,Disappointment,Negative
"Overall, the breakfast was divine.",Joy,Positive
i watched a documentary about space travel last night,Neutral,Neutral
Honestly the burger was not very excellent.,Disappointment,Negative
I'm honestly calm about the visit.,Contentment,Positive
Definitely so so: the film.,Ambivalence,Neutral
Update: the seminar is held every second Tuesday.,Neutral,Neutral
"So proud of everyone involved, our startup closed its first funding round.",Pride,Positive
the blender i ordered is made of stainless steel,Neutral,Neutral
Is it true that the store opens at nine?,Curiosity,Neutral
Today I'm outraged. 👎,Anger,Negative
"Surprisingly, the campsite was not run down at all!",Joy,Positive
Today I did the laundry. #daily,Neutral,Neutral
The play looked central.,Neutral,Neutral
"Just so you know, the museum offers guided tours in the morning.",Neutral,Neutral
"According to the schedule, the city council meets on Monday evening.",Neutral,Neutral
"Honestly, pretty pained.",Disappointment,Negative
I felt charming today.,Joy,Positive
Feeling very anxious #news,Fear,Negative
"Honestly, pretty fabulous.",Joy,Positive
Definitely really bad: the steak.,Disappointment,Negative
So grateful that I built the shelf all by myself.,Gratitude,Positive
I left my umbrella at the post office.,Neutral,Neutral
"I'm worried sick, I have to go to the dentist tomorrow.",Fear,Negative
"So much joy today, my manager praised my work.",Joy,Positive
The cafe was lovely and full of energy.,Joy,Positive
"Writing in my journal by candlelight, completely satisfied.",Contentment,Positive
I can't believe how horrible the pasta was. 👎,Disappointment,Negative
My new blender is listed on the second page.,Neutral,Neutral
I can't believe how very good the customer care was!,Joy,Positive
The update comes with macOS and file sharing.,Neutral,Neutral
update: the mattress arrived earlier than promised,Joy,Positive
the app was light,Neutral,Neutral
"the worst is behind us, and i'm hopeful about what comes next",Hope,Positive
Can you tell me where the nearest library is?!!,Curiosity,Neutral
I'm excited about the announcement.,Excitement,Positive
What a brilliant day.,Joy,Positive
the store has a sale on books until sunday,Neutral,Neutral
"Sick of this, my landlord raised the rent again. Total disrespect.",Anger,Negative
"Absolutely revolting, the public toilet was disgusting.",Disgust,Negative
"What a proud moment, we cleaned up the entire beach.",Pride,Positive
This drone has a two year warranty.,Neutral,Neutral
I can't believe how perfect the film was!,Joy,Positive
I'm so proud that my painting sold at the exhibition!,Pride,Positive
i sent the request to the marketing department,Neutral,Neutral
Feeling stressed about the flight. 😢,Fear,Negative
"I feel sick, the towels were stained and smelled awful. 😤",Disgust,Negative
I'm never going back. The food tasted rotten.,Disgust,Negative
Been reading up on how airplanes stay in the air.,Curiosity,Neutral
"So lonely tonight, sitting in an empty apartment.",Loneliness,Negative
Where can I find the delivery driver?!!,Curiosity,Neutral
The steak was burnt. #monday,Disappointment,Negative
I'm heading to Berlin on Wednesday.,Neutral,Neutral
"I'm worried sick, I might lose my house.",Fear,Negative
Having no one to share good news with and nobody cares. #thoughts,Loneliness,Negative
I'm so proud that I finished my degree!,Pride,Positive
Feeling grateful today. 🎉,Gratitude,Positive
The book has eight chapters and an index.,Neutral,Neutral
"Not noisy at all, pleasantly surprised!!",Joy,Positive
standing tall today because my manager praised my work,Pride,Positive
i can't thank my friends enough for the thoughtful gift,Gratitude,Positive
Simple pleasures: walking along the beach at sunset. I'm perfectly content.,Contentment,Positive
I'm going to the bank after work.,Neutral,Neutral
I thought the concert was absolutely tedious.,Disappointment,Negative
The pool moved to a new building last month.,Neutral,Neutral
"Not poor, not outstanding. The waiter was just okay. #weekend",Ambivalence,Neutral
I thought the movie was absolutely gorgeous.,Joy,Positive
"honestly, much appreciated",Gratitude,Positive
"the design is beautiful, absolutely love it",Joy,Positive
It was unattractive. #today,Disappointment,Negative
What a delectable day. ❤️,Joy,Positive
The keyboard here is horrible.,Disappointment,Negative
Proud of myself because my article got published.,Pride,Positive
What a pleasant day.,Joy,Positive
"Honestly, the park was pretty amazing. #mood",Joy,Positive
I found the gym to be superb!!,Joy,Positive
Definitely bland: the steak.,Disappointment,Negative
"I'm worried sick, I got a strange call from an unknown number.",Fear,Negative
That was so improved!,Joy,Positive
My train station was pathetic today.,Anger,Negative
Thanks for the update today,Neutral,Neutral
Nothing feels better than a hug from my mum.,Love,Positive
I can't thank my neighbours enough for all your help this year.,Gratitude,Positive
"Not terrible, not perfect. The manager was just okay. #weekend",Ambivalence,Neutral
"Worst phone ever, avoid. #update",Disappointment,Negative
Your shipment will be processed early next month. #today,Neutral,Neutral
This water bottle was a total scam. 😡,Disappointment,Negative
I thought the dessert was absolutely burnt. #daily,Disappointment,Negative
"Absolutely revolting, I saw a rat in the restaurant!!",Disgust,Negative
Everything felt destroyed.,Disappointment,Negative
"The receptionist was wonderful, although the support team was mediocre.",Ambivalence,Neutral
I'm having lunch with my colleagues tomorrow.,Neutral,Neutral
I'm honestly devastated about the storm. 😞,Sadness,Negative
Quick question: is it right that the software update includes several bug fixes?,Curiosity,Neutral
The match was really relaxing.,Joy,Positive
this tour made everything less reliable,Disappointment,Negative
Can't believe how unacceptable the technician turned out. 😢,Anger,Negative
"Worst book ever, avoid.",Disappointment,Negative
not sure how to feel about the new policy,Ambivalence,Neutral
Definitely incredible: the apartment.,Joy,Positive
can't believe how amazing the cashier turned out,Joy,Positive
I'll be at the office until noon. #daily,Neutral,Neutral
The toaster I ordered is made of stainless steel. #thoughts,Neutral,Neutral
i can't thank my sister enough for being there when i needed you,Gratitude,Positive
the event was really worthwhile,Joy,Positive
The pasta was heavy.,Neutral,Neutral
The latest charger made things easier.,Joy,Positive
There is so much love in this house tonight.,Love,Positive
Definitely incredible: the ending.,Joy,Positive
Our host was pure magic. #mood,Joy,Positive
"Honestly, pretty tragical.",Disappointment,Negative
"Calm and cozy today, taking a quiet walk in the woods.",Contentment,Positive
the phone was average,Ambivalence,Neutral
The park was slow and full of stains!!,Disappointment,Negative
I expected the laptop to be pathetic but it wasn't.,Joy,Positive
loved every minute,Joy,Positive
the event was ordinary,Ambivalence,Neutral
That was so privileged!,Joy,Positive
The headset I ordered was shipped from the local warehouse.,Neutral,Neutral
Feeling relaxed today.,Contentment,Positive
the tickets are available online and at the post office,Neutral,Neutral
The acting was so fine!,Ambivalence,Neutral
Absolutely the worst movie I can remember.,Disappointment,Negative
Update: the jacket exceeded my expectations.,Joy,Positive
Forever grateful to the whole team for all your help this year. 😍,Gratitude,Positive
"My heart is pounding, the car started skidding on the ice.",Fear,Negative
I'll be out of the office on Monday.,Neutral,Neutral
Can't believe how reliable the camera turned out.,Joy,Positive
I sent the contract to the marketing department.,Neutral,Neutral
Who is in charge of the post office?,Curiosity,Neutral
"Honestly, the soundtrack was pretty overhyped.",Disappointment,Negative
"Feeling isolated, talking to the walls again. #life",Loneliness,Negative
"I'm worried sick, I have to speak in front of two hundred people.",Fear,Negative
What a happy day. #weekend,Joy,Positive
My heart is so full when I'm with my mum.,Love,Positive
the city centre is full of bugs,Disappointment,Negative
"I feel sick, the kitchen was crawling with cockroaches.",Disgust,Negative
That was so revered!,Joy,Positive
"I can't stop crying, my dog died last night.",Sadness,Negative
It was rude.,Anger,Negative
Not first class: the pasta. 😢,Disappointment,Negative
"Terrible weekend, never again. 😞",Disappointment,Negative
What a pitiful day.,Disappointment,Negative
The view was spacious but the airport was abysmal.,Ambivalence,Neutral
He teaches biology at the university. #life,Neutral,Neutral
The update here is amazing.,Joy,Positive
The service was impolite.,Anger,Negative
i'm truly thankful because the doctor said i'm completely healthy,Gratitude,Positive
"Surprisingly, the update was not lousy at all!",Joy,Positive
The museum was really unremarkable.,Ambivalence,Neutral
My cat means the world to me.,Love,Positive
The book has ten chapters and an index.,Neutral,Neutral
Spending the holidays without anyone and nobody cares. 😡,Loneliness,Negative
the weekend was ordinary tbh,Ambivalence,Neutral
I left my umbrella at the bank!!,Neutral,Neutral
The teacher was a breath of fresh air. 😍,Joy,Positive
"Honestly, best day ever",Joy,Positive
"Honestly, the tour was pretty wonderful. #life",Joy,Positive
"The journey was very good, although the training was worthless.",Ambivalence,Neutral
"I can't believe it, the cashier was incredibly rude to my mother. Absolutely unacceptable!",Anger,Negative
I really hope the peace talks goes well.,Hope,Positive
where can i find the class?,Curiosity,Neutral
The clinic is open from nine to five on weekdays.,Neutral,Neutral
"Poor fit, it looks cheap and feels worse.",Disappointment,Negative
The flight was not abysmal at all.,Joy,Positive
The event was a complete disaster.,Disappointment,Negative
That was so beloved!,Love,Positive
Can you tell me where the nearest bank is?,Curiosity,Neutral
The journey is full of complaints.,Disappointment,Negative
"Honestly, pretty ambitious.",Joy,Positive
This novel was full of charm. ❤️,Joy,Positive
It is a large beach.,Neutral,Neutral
Quiet moment: sipping tea by the window. Life is good.,Contentment,Positive
"My heart is racing with excitement, I completed the coding bootcamp. #daily",Excitement,Positive
It was enlightening.,Joy,Positive
The acting is full of mistakes. #today,Disappointment,Negative
I found the concert to be horrible. 😢,Disappointment,Negative
The restaurant fell apart.,Disappointment,Negative
I found the dinner to be flavorful. 😍,Joy,Positive
The meeting is at lunchtime tomorrow.,Neutral,Neutral
Everything felt disabling.,Disappointment,Negative
i can't believe how excellent the sandwich was,Joy,Positive
"Feeling isolated, making plans that nobody joins.",Loneliness,Negative
The pasta will be reviewed next week.,Neutral,Neutral
The class was pure magic.,Joy,Positive
My game was lousy today.,Disappointment,Negative
The delivery driver was not worth it.,Disappointment,Negative
Feeling so sad today because I got the sad news this morning!!,Sadness,Negative
I signed up for a class on Monday.,Neutral,Neutral
The invoice was sent on Monday!!,Neutral,Neutral
"Just so you know, the temperature is around twenty degrees today.",Neutral,Neutral
This whole thing is just awful. #monday,Disappointment,Negative
"Calm and cozy today, doing a jigsaw puzzle by the lamp. 😍",Contentment,Positive
the waiter was great tbh,Joy,Positive
The battery was not buggy at all.,Joy,Positive
I have to book the tickets on Thursday.,Neutral,Neutral
"I can't stop crying, the shop we loved closed down. 👎",Sadness,Negative
I found the app to be awesome. 😊,Joy,Positive
"Honestly, the pizza was pretty wonderful.",Joy,Positive
can't believe how quick the cashier turned out,Joy,Positive
I'm going to the office after work.,Neutral,Neutral
"Not dreadful, not sturdy. The update was just okay.",Ambivalence,Neutral
"Thanks a lot, really appreciate it today",Gratitude,Positive
Everything felt exuberant.,Excitement,Positive
What time does the gym open on Sunday?,Curiosity,Neutral
"Stop treating customers like idiots, this is infuriating.",Anger,Negative
Love it!,Joy,Positive
My flight was fabulous today.,Joy,Positive
The keyboard here is confusing.,Disappointment,Negative
Can't believe how tasteless the salad turned out. #mood,Disappointment,Negative
the update was wonderful tbh,Joy,Positive
I can't thank my coach enough for all your help this year. 👍,Gratitude,Positive
I felt joyless today.,Disappointment,Negative
The journey made my day clunkier.,Disappointment,Negative
i love my boyfriend more than words can say,Love,Positive
This class made everything much nicer.,Joy,Positive
I feel sad today. 😤,Sadness,Negative
Is there a pool near the metro station?,Curiosity,Neutral
"I nearly vomited, I found mould in the fridge.",Disgust,Negative
Everything felt adorable. #monday,Love,Positive
yay! the doctor said i'm completely healthy,Joy,Positive
I can't thank the nurses enough for all your help this year.,Gratitude,Positive
Lunch at one?,Neutral,Neutral
Update: the backpack was shipped from the local warehouse.,Neutral,Neutral
"I'm so scared, the biopsy results come tomorrow. 😡",Fear,Negative
That was so sick!,Disappointment,Negative
Forever grateful to my sister for your patience.,Gratitude,Positive
Is there a cafe near the metro station?,Curiosity,Neutral
"It overheats constantly, total garbage.",Disappointment,Negative
I miss having someone to talk to. Sitting at a table for one.,Loneliness,Negative
"Watching the waves roll in, mind finally calm.",Contentment,Positive
do not bother with the park,Disappointment,Negative
the pizza was perfectly cooked tbh #news,Joy,Positive
The class starts at ten.,Neutral,Neutral
Bitterly disappointed: the project got cancelled after months of work.,Disappointment,Negative
it is a empty hotel room,Neutral,Neutral
I have mixed feelings about the promotion.,Ambivalence,Neutral
This cashier was full of delays.,Disappointment,Negative
The service was the worst part of my week.,Disappointment,Negative
i'll call my sister after breakfast,Neutral,Neutral
Can't believe how pathetic the soundtrack turned out. #thoughts,Anger,Negative
Grateful for your help!!,Gratitude,Positive
I'm heartbroken that I said goodbye to my childhood home.,Sadness,Negative
I thought the curry was absolutely unacceptable. #life,Anger,Negative
What a starving day.,Disappointment,Negative
"Feeling isolated, celebrating my birthday by myself.",Loneliness,Negative
I heard footsteps outside at midnight and I'm shaking with fear.,Fear,Negative
update: the water bottle is exactly what i needed,Joy,Positive
So let down today because my plans fell through again. #mood,Disappointment,Negative
Every day with my husband is a gift and I'm so in love. #thoughts,Love,Positive
Hoping and praying for the audition on Friday.,Hope,Positive
The dog next door growled at me and I'm shaking with fear.,Fear,Negative
"Wow, I found my lost wallet with everything inside! I'm buzzing! #thoughts",Excitement,Positive
every day with my aunt is a gift and i'm so in love,Love,Positive
"Honestly, pretty criminal!!",Disappointment,Negative
This whole thing is just comforted.,Contentment,Positive
So delighted about the wedding right now.,Joy,Positive
"Got the blender yesterday, it exceeded my expectations. ❤️",Joy,Positive
The kettle I ordered arrived on Tuesday.,Neutral,Neutral
My new vacuum cleaner stopped responding again.,Disappointment,Negative
This film made everything easier.,Joy,Positive
My new blender was a total scam.,Disappointment,Negative
The app includes iOS and file sharing.,Neutral,Neutral
I really hope the harvest this year goes well. #news,Hope,Positive
"got the mattress yesterday, it arrived on tuesday",Neutral,Neutral
He works in the research department.,Neutral,Neutral
They ignored my complaint for weeks and I'm fuming. 😞,Anger,Negative
Definitely undercooked: the ice cream. #update,Disgust,Negative
So blessed about the party right now.,Gratitude,Positive
The neighbourhood was really delightful. ❤️,Joy,Positive
"Enough is enough, the company denied my refund!",Anger,Negative
Not inspiring: the tour.,Disappointment,Negative
Praying that the move to a new city turns out fine.,Hope,Positive
The biopsy results come tomorrow and I'm shaking with fear.,Fear,Negative
Eating lunch by myself at my desk. I wish someone would call.,Loneliness,Negative
"Honestly, pretty rewarding. #thoughts",Joy,Positive
"So nervous, I heard footsteps outside at midnight.",Fear,Negative
"Honestly, the commute was pretty a mess.",Disappointment,Negative
Has anyone tried the app?,Curiosity,Neutral
"Honestly, wonderful news 🎉",Joy,Positive
Absolutely the worst trip I can remember.,Disappointment,Negative
The latest tour made things clunkier.,Disappointment,Negative
Honestly not great. 😞,Disappointment,Negative
"Honestly, pretty devastating.",Sadness,Negative
The training was stressful. #daily,Disappointment,Negative
"I'm frozen with dread, the flight is taking off soon and I hate flying.",Fear,Negative
nothing feels better than a hug from my niece,Love,Positive
Thrilled about the road trip with friends!,Excitement,Positive
Honestly the screen was not very crisp.,Disappointment,Negative
This manager made everything smoother.,Joy,Positive
Proud of our team for delivering the project on time against all odds.,Pride,Positive
the sushi made my day more enjoyable,Joy,Positive
"According to the schedule, the parking lot is behind the building.",Neutral,Neutral
The technician was neither great nor poor.,Ambivalence,Neutral
The delivery driver was destructive.,Disappointment,Negative
The airport looked busy.,Neutral,Neutral
The manager fell apart.,Disappointment,Negative
This whole thing is just crestfallen. #today,Sadness,Negative
it was meritorious,Joy,Positive
The soundtrack is full of flavour.,Joy,Positive
The mattress I ordered is better than I imagined. #weekend,Joy,Positive
Update: the blender is available in two sizes.,Neutral,Neutral
the training was awesome tbh,Joy,Positive
I bought this coffee machine last week and it is worth every penny.,Joy,Positive
"I feel sick, the chicken smelled off. 😢",Disgust,Negative
Do you know if the library is open on Saturday? #thoughts,Curiosity,Neutral
The software supports both voice search and iOS.,Neutral,Neutral
"It's hard not having anyone around, sitting in an empty apartment.",Loneliness,Negative
"The experience was well organized, although the commute was poor.",Ambivalence,Neutral
I expected the book to be very poor but it wasn't.,Joy,Positive
The tour was agreeable.,Joy,Positive
Everything feels empty since I heard she is very ill. #weekend,Sadness,Negative
The play is rectangular and full!!,Neutral,Neutral
"Torn between the two offers, both have pros and cons.",Ambivalence,Neutral
"Reading in the garden, completely satisfied.",Contentment,Positive
The album was slow and full of problems.,Disappointment,Negative
I felt vindicated today.,Joy,Positive
The match was exciting. #today,Joy,Positive
The post office is closed on Thursdays.,Neutral,Neutral
How dare they? The delivery guy threw the package over the fence!!!,Anger,Negative
"according to the schedule, the exhibition runs until the end of june",Neutral,Neutral
I have to book the tickets on Sunday!!,Neutral,Neutral
Can't express how proud I am that I got into my dream university.,Pride,Positive
They are discussing the draft in the finance meeting.,Neutral,Neutral
Simple pleasures: sipping tea by the window. I'm perfectly content. #thoughts,Contentment,Positive
"The manager was wonderful, although the cashier was frustrating!!",Ambivalence,Neutral
"Enough is enough, I was overcharged for the third time!",Anger,Negative
Do you know if the cafe is open on Sunday?,Curiosity,Neutral
"I'm worried sick, the car started skidding on the ice. 😞",Fear,Negative
I felt nasty today.,Disgust,Negative
"Honestly, terrible. #monday",Disappointment,Negative
Can't stop smiling because my manager praised my work.,Joy,Positive
the receptionist was full,Neutral,Neutral
I'm delighted about the audition.,Joy,Positive
The dinner was passionate.,Joy,Positive
The ending here is hilarious.,Joy,Positive
I'm furious that someone cut in line right in front of me!,Anger,Negative
"Not reliable at all, what a shame.",Disappointment,Negative
The staff was really incompetent. #update,Anger,Negative
"I can't believe it, I was overcharged for the third time. Absolutely unacceptable!",Anger,Negative
"It hurts so much, our family drifted apart. 😞",Sadness,Negative
This whole thing is just immoral.,Disappointment,Negative
Where is this?,Curiosity,Neutral
it is a empty course,Neutral,Neutral
The concert was a nightmare from start to finish.,Disappointment,Negative
the customer care did not meet my expectations,Disappointment,Negative
Curious to see how the experiment turns out.,Curiosity,Neutral
What a harmonic day.,Joy,Positive
The weekend was scared. #weekend,Fear,Negative
What a wise day.,Joy,Positive
The new hire went above and beyond.,Joy,Positive
We are having lunch at ten thirty. #thoughts,Neutral,Neutral
Sending a huge thank you to the whole team for being there when I needed you.,Gratitude,Positive
The service was careless.,Anger,Negative
"Got the keyboard yesterday, it keeps disconnecting.",Disappointment,Negative
"I feel sick, the food tasted rotten.",Disgust,Negative
I feel so low and nothing brings me joy anymore.,Sadness,Negative
It was fond.,Love,Positive
"Honestly, so good!",Joy,Positive
The latest version adds offline mode and macOS!!,Neutral,Neutral
What a cherished day. #thoughts,Love,Positive
I can't believe how great the journey was!,Joy,Positive
The kids were giggling all evening and my heart is full.,Joy,Positive
"The coffee was lovely, although the steak was useless.",Ambivalence,Neutral
Everything felt pleasing.,Joy,Positive
"Overall, the software was clunky. 😢",Disappointment,Negative
I cherish my niece so much.,Love,Positive
"I nearly vomited, I saw a rat in the restaurant.",Disgust,Negative
He works in the engineering department.,Neutral,Neutral
I felt abhorrent today.,Disappointment,Negative
I found the workshop to be first class.,Joy,Positive
Feeling torn about the trip. #update,Ambivalence,Neutral
The phone was reliable. 👍,Joy,Positive
"Not reliable at all, I expected much better.",Disappointment,Negative
Dreadful hotel and everything was dirty and noisy.,Disappointment,Negative
Update: the coffee machine stopped responding again.,Disappointment,Negative
Simple pleasures: sitting by the fire with a book. I'm perfectly content.,Contentment,Positive
"Can't stop the tears, she left without saying goodbye.",Sadness,Negative
I feel afraid today.,Fear,Negative
who is in charge of the library?,Curiosity,Neutral
that was so destroyed,Disappointment,Negative
The hotel was really comfortable.,Joy,Positive
I've been cleaning the house all afternoon. #daily,Neutral,Neutral
I feel disgusted because of the exam.,Disgust,Negative
That was so vain!,Disappointment,Negative
The old house was sold and I just feel numb.,Sadness,Negative
I bought this drone last week and it exceeded my expectations.,Joy,Positive
Spending another weekend with nobody to call. I feel so alone.,Loneliness,Negative
"I saw a rat in the restaurant, it made me gag.",Disgust,Negative
"Lovely host, she made us feel right at home.",Joy,Positive
"the zipper broke immediately, what a joke",Disappointment,Negative
The keyboard is full of warmth. #update,Joy,Positive
I felt grievous today!!,Sadness,Negative
The soundtrack was not lovely.,Disappointment,Negative
The whole experience couldn't have been better.,Joy,Positive
Feeling content about my exam results.,Contentment,Positive
What an aghast day.,Fear,Negative
I'm content about our move!!,Contentment,Positive
"it's fine. not amazing, not awful. just fine",Ambivalence,Neutral
The class covers biology and space travel.,Neutral,Neutral
The coffee made my day slower.,Disappointment,Negative
I felt insincere today.,Anger,Negative
Lunch at one today,Neutral,Neutral
I thought the manager was absolutely amazing.,Joy,Positive
The trip made my day.,Joy,Positive
I found the book to be overhyped. 👎,Disappointment,Negative
Rage is boiling inside me after that meeting.,Anger,Negative
The latest router made things more enjoyable.,Joy,Positive
Is it open today?,Curiosity,Neutral
Can't express how proud I am that we reached our fundraising goal. ❤️,Pride,Positive
Someone cut in line right in front of me and I'm fuming.,Anger,Negative
I usually take the tram to work.,Neutral,Neutral
I picked up the parcel from the supermarket this morning.,Neutral,Neutral
I'm joyful about the flight.,Joy,Positive
"Got the office chair yesterday, it stopped charging within a week. #update",Disappointment,Negative
The software supports both offline mode and two-factor login.,Neutral,Neutral
I wonder whether the parcel is out for delivery.,Curiosity,Neutral
We have a team call scheduled for Friday morning. #life,Neutral,Neutral
"Support never replied, completely useless.",Disappointment,Negative
The lecture looked light. #update,Neutral,Neutral
This acting made everything better.,Joy,Positive
"Surprisingly, the interview was not useless at all! 😍",Joy,Positive
The app is compatible with two-factor login and Android.,Neutral,Neutral
I'm meeting my manager for brunch on Friday.,Neutral,Neutral
My new kettle is available in two sizes.,Neutral,Neutral
The tour guide made my blood boil.,Anger,Negative
Making plans that nobody joins and nobody cares.,Loneliness,Negative
Falling in love with my best friend all over again.,Love,Positive
"calm and cozy today, drinking hot chocolate under a blanket",Contentment,Positive
"Overall, the apartment was adequate.",Ambivalence,Neutral
The commute will be reviewed next week. #life,Neutral,Neutral
The router was so terrible!,Disappointment,Negative
"support replied instantly, couldn't be happier",Joy,Positive
"I'm over the moon, the hike ended with an incredible view!",Joy,Positive
"Anxiety is through the roof, the wildfire is getting closer to our town.",Fear,Negative
The latest version adds Android and the web.,Neutral,Neutral
It was dignified.,Joy,Positive
"My best friend is the sister I chose, and I cherish her.",Love,Positive
"Thank you all, we won the science fair and I owe it to you.",Gratitude,Positive
"Best day ever, the concert was even better than expected!",Joy,Positive
I bought this tent last week and it was shipped from the local warehouse.,Neutral,Neutral
I'm so proud that I saved enough for my first car!,Pride,Positive
I'm cheerful about the announcement.,Joy,Positive
Not fabulous: the app.,Disappointment,Negative
totally worth it: the concert,Joy,Positive
The gym was really atrocious.,Anger,Negative
Announcement: the exhibition runs until the end of June.,Neutral,Neutral
The event wasted my whole afternoon.,Anger,Negative
I feel scared today.,Fear,Negative
I'm irritated about my presentation!!,Anger,Negative
The book was frustrating but the show was perfect.,Ambivalence,Neutral
I have to pay the electricity bill on Sunday. #today,Neutral,Neutral
Feeling terrified today.,Fear,Negative
"Not great at all, I expected much better.",Disappointment,Negative
I can't believe how first class the delivery driver was! 😍,Joy,Positive
I felt punishing today. #life,Disappointment,Negative
This whole thing is just upsetting.,Disappointment,Negative
Ew. The food tasted rotten. I can't unsee it.,Disgust,Negative
The sequel was a letdown. Not what I hoped for at all.,Disappointment,Negative
"I'm thrilled, I made it to the finals! What's next?",Excitement,Positive
The whole experience was an absolute mess. #today,Disappointment,Negative
"Not satisfying at all, what a shame.",Disappointment,Negative
Best class I've had in years.,Joy,Positive
Definitely moving: the soundtrack. #update,Joy,Positive
we are having brunch at nine in the morning,Neutral,Neutral
The blender I ordered smells terrible.,Disappointment,Negative
It is a tall waiter.,Neutral,Neutral
The battery is full of bugs.,Disappointment,Negative
This customer care made everything better.,Joy,Positive
"Bad food, every dish was bland and cold.",Disappointment,Negative
The salad was upsetting.,Disappointment,Negative
So grateful that the cake turned out perfect.,Gratitude,Positive
The resort here is pathetic.,Anger,Negative
I'm truly thankful because my daughter made the team.,Gratitude,Positive
The merger is a mixed bag for me.,Ambivalence,Neutral
Everything feels empty since we said goodbye at the airport.,Sadness,Negative
The haircut is at nine in the morning tomorrow.,Neutral,Neutral
That was so pathetic! #update,Disappointment,Negative
This whole thing is just overjoyed.,Joy,Positive
the latest documentary made things faster,Joy,Positive
"Thanks, that was very kind",Gratitude,Positive
rubbish today,Disappointment,Negative
"Honestly, who is that?",Curiosity,Neutral
Can't believe how shallow the documentary turned out!!,Disappointment,Negative
The coffee was slow and full of complaints. 👎,Disappointment,Negative
Forever grateful to my teachers for believing in me.,Gratitude,Positive
The staff let everyone down.,Disappointment,Negative
"So down today, I heard she is very ill.",Sadness,Negative
Very happy with the laptop.,Joy,Positive
The team went completely wrong.,Disappointment,Negative
"The sushi is not delicious, sadly.",Disappointment,Negative
"Got the kettle yesterday, it stopped responding again.",Disappointment,Negative
This website was full of laughs.,Joy,Positive
the dessert was undercooked tbh,Disgust,Negative
Highly recommended #daily,Joy,Positive
The soup was delightful.,Joy,Positive
Heads up: the software update includes several bug fixes.,Neutral,Neutral
I bought this mattress last week and it is exactly what I needed. #update,Joy,Positive
"Overall, the website was fast.",Joy,Positive
The teacher went completely wrong.,Disappointment,Negative
"I'm dreading tomorrow's medical results, my stomach is in knots.",Fear,Negative
"not terrible at all, would go again",Joy,Positive
"Not cold, not brilliant. The burger was just okay.",Ambivalence,Neutral
"My heart is pounding, the biopsy results come tomorrow.",Fear,Negative
I'm honestly positive about the new school.,Hope,Positive
The park made my day less reliable. #thoughts,Disappointment,Negative
Can someone explain why we dream? #mood,Curiosity,Neutral
"Overall, the breakfast was typical. #life",Ambivalence,Neutral
Definitely annoying: the camera. 😢,Disappointment,Negative
our novel was fine,Ambivalence,Neutral
The workshop is third and daily.,Neutral,Neutral
The tablet made my day clunkier.,Disappointment,Negative
the ending was dreadful tbh #monday,Disappointment,Negative
"I worked so hard for this and it paid off, we reached our fundraising goal. ❤️",Pride,Positive
It was worthless.,Disappointment,Negative
The interface looked rectangular.,Neutral,Neutral
"Not tasty at all, what a shame.",Disappointment,Negative
The experience was disgraced. #update,Disappointment,Negative
"Not great at all, I wouldn't go back.",Disappointment,Negative
The apartment is full of life.,Joy,Positive
the staff blew me away,Joy,Positive
Everything felt dirty.,Disgust,Negative
How do I get to the bank from the bus stop?,Curiosity,Neutral
"Delivery took three weeks, very disappointed.",Disappointment,Negative
Today I'm blessed.,Gratitude,Positive
I wouldn't call the curry very good.,Disappointment,Negative
I'm honestly optimistic about tomorrow's meeting.,Hope,Positive
I found the cashier to be awful.,Disappointment,Negative
"Not comfortable at all, quite a letdown. #daily",Disappointment,Negative
Praying that the surgery next week turns out fine.,Hope,Positive
Would definitely recommend the software.,Joy,Positive
"According to the schedule, the bridge connects the two districts. #today",Neutral,Neutral
The show here is standard.,Ambivalence,Neutral
"Terrible burger, never again.",Disappointment,Negative
What a sorrowful day.,Sadness,Negative
Can someone tell me about the neighbourhood? #daily,Curiosity,Neutral
The customer care is full of surprises.,Joy,Positive
everything felt amused,Joy,Positive
They are discussing the proposal in the logistics meeting.,Neutral,Neutral
Feeling hopeful about the job application.,Hope,Positive
Everything felt vile.,Disgust,Negative
The software wasn't crisp at all.,Disappointment,Negative
forever grateful to my mentor for everything you did for us,Gratitude,Positive
Today I'm relaxed.,Contentment,Positive
It was gentlest.,Joy,Positive
What a wonderful day! We finally finished the project.,Joy,Positive
That was so immoral!,Disappointment,Negative
can't believe how impolite the receptionist turned out,Anger,Negative
I thought the delivery driver was absolutely terrific.,Joy,Positive
Today I'm excited.,Excitement,Positive
I felt shamed today.,Disappointment,Negative
"Honestly, the campsite was pretty ordinary.",Ambivalence,Neutral
Definitely dreadful: the pizza.,Disappointment,Negative
"Got the water bottle yesterday, it fell apart in a week.",Disappointment,Negative
This software was full of flavour.,Joy,Positive
Thank you to my parents for all your help this year.,Gratitude,Positive
i'm meeting my sister for dinner on saturday,Neutral,Neutral
"I'm livid, someone scratched my car and drove off! #daily",Anger,Negative
absolutely loved it today,Joy,Positive
"Great meal, would buy again!",Joy,Positive
I can't believe how annoying the camera was.,Disappointment,Negative
Completely disappointed by the experience. 😤,Disappointment,Negative
Definitely fine: the album.,Ambivalence,Neutral
i have to renew my passport on thursday,Neutral,Neutral
I can't believe how incredible the pasta was!!!,Joy,Positive
Can't believe how superb the staff turned out. #weekend,Joy,Positive
Proud of myself because I completed the coding bootcamp.,Pride,Positive
really happy with this,Joy,Positive
This whole thing is just mourning.,Sadness,Negative
I'm furious that he lied to my face!,Anger,Negative
The tool is compatible with two-factor login and Linux.,Neutral,Neutral
"I'm over the moon, the cake turned out perfect!",Joy,Positive
"So much joy today, I built the shelf all by myself. #mood",Joy,Positive
My flight lands at ten thirty tomorrow. #news,Neutral,Neutral
i've been cooking all afternoon,Neutral,Neutral
I feel blessed because of the test. #update,Gratitude,Positive
Slow living at its best: sipping tea by the window.,Contentment,Positive
Today I attended two meetings.,Neutral,Neutral
we talked about the hotel room in the meeting,Neutral,Neutral
i asked a friend about the schedule,Neutral,Neutral
"It wasn't worth it, sadly.",Disappointment,Negative
The interface was so terrific!,Joy,Positive
I thought the screen was absolutely glitchy.,Disappointment,Negative
I can't believe how very poor the city centre was.,Disappointment,Negative
He works in the logistics department.,Neutral,Neutral
Feeling really anxious because the exam is tomorrow and I'm not ready.,Fear,Negative
Everything felt shamefaced. 😞,Disappointment,Negative
My heart is so full when I'm with my twin.,Love,Positive
the website was really okay,Ambivalence,Neutral
I can't believe how lovely the city centre was!,Joy,Positive
Can't believe how awful the city centre turned out.,Disappointment,Negative
That was so intellectual!,Joy,Positive
please note that the software update includes several bug fixes,Neutral,Neutral
Bubbling with happiness after that phone call!,Joy,Positive
"Honestly, pretty unhappy.",Disappointment,Negative
"I can't stop crying, we said goodbye at the airport.",Sadness,Negative
The ending will be reviewed next week.,Neutral,Neutral
life is good. we finally finished the project,Joy,Positive
"It wasn't useful, sadly. 😢",Disappointment,Negative
The speaker I ordered broke on the first use.,Disappointment,Negative
The tablet here is impressive.,Joy,Positive
The latest documentary made things slower.,Disappointment,Negative
Simple pleasures: listening to the birds in the park. I'm perfectly content.,Contentment,Positive
Falling in love with my wife all over again.,Love,Positive
"Just me again, sitting at a table for one.",Loneliness,Negative
The acting was light.,Neutral,Neutral
The manager was slow and full of bugs.,Disappointment,Negative
Really worried right now today,Fear,Negative
The coffee was pathetic but the pizza was impressive!!,Ambivalence,Neutral
I can't believe how clunky the camera was.,Disappointment,Negative
"Not dull at all, genuinely enjoyed it.",Joy,Positive
Never again today,Disappointment,Negative
The film was amazing.,Joy,Positive
I took a photo of the book.,Neutral,Neutral
The staff is described in the manual.,Neutral,Neutral
"My heart is racing with excitement, I gave the speech without stumbling.",Excitement,Positive
Can't believe how poor the training turned out.,Disappointment,Negative
"So lonely tonight, making plans that nobody joins.",Loneliness,Negative
I thought the show was absolutely inspiring.,Joy,Positive
"It runs silently, worth every penny.",Joy,Positive
I felt wisest today.,Joy,Positive
I really disliked the phone. #today,Disappointment,Negative
So grateful that my manager praised my work.,Gratitude,Positive
This delivery driver made everything faster!!,Joy,Positive
It was admired.,Joy,Positive
The sushi is located on the second floor.,Neutral,Neutral
"What a proud moment, my sister passed her exams.",Pride,Positive
I can't believe how mouth watering the breakfast was!!!,Joy,Positive
the conference room can hold fifteen people,Neutral,Neutral
The weekend was classy. #monday,Joy,Positive
"So lonely tonight, scrolling through my phone with no one to text.",Loneliness,Negative
I thought the movie was absolutely awesome. 🎉,Joy,Positive
The resort was lovely and full of warmth.,Joy,Positive
That was so disqualified!,Disappointment,Negative
I found the city centre to be awesome.,Joy,Positive
My flight lands at ten thirty tomorrow.,Neutral,Neutral
This speaker does not work as advertised.,Disappointment,Negative
Our beach was fantastic. #daily,Joy,Positive
I'm optimistic about the surgery next week.,Hope,Positive
Back in five minutes.,Neutral,Neutral
What a contemptuous day.,Anger,Negative
"the sushi was superb, although the sandwich was burnt",Ambivalence,Neutral
The novel was really confusing. 😡,Disappointment,Negative
The software was really standard.,Ambivalence,Neutral
"So down today, my friend stopped talking to me.",Sadness,Negative
Our host was a nightmare from start to finish.,Disappointment,Negative
The new schedule is posted on the notice board. #weekend,Neutral,Neutral
I have to go to the dentist tomorrow and I'm shaking with fear.,Fear,Negative
My patience is gone. This injustice makes me furious. 😢,Anger,Negative
The ice cream was alright.,Ambivalence,Neutral
Falling in love with my dog all over again.,Love,Positive
I can't thank my neighbours enough for showing up for me. 🎉,Gratitude,Positive
This delivery driver made everything more frustrating.,Disappointment,Negative
"Writing in my journal by candlelight, feeling completely at peace.",Contentment,Positive
Hopeful that things will improve with the peace talks. #life,Hope,Positive
"Wow, the hike ended with an incredible view! I'm buzzing!",Excitement,Positive
"Honestly, pretty vitriolic!!",Disappointment,Negative
"Great pizza, would buy again!",Joy,Positive
Does anyone know if the city council meets on Monday evening?,Curiosity,Neutral
What an unjust day.,Anger,Negative
it was dismayed,Disappointment,Negative
Everything felt outstanding.,Joy,Positive
Everything felt charming.,Joy,Positive
Easily the best teacher of my life.,Joy,Positive
It was tops.,Joy,Positive
I expected the trip to be lousy but it wasn't. #today,Joy,Positive
i usually take the metro to work,Neutral,Neutral
i took a photo of the gym,Neutral,Neutral
"Honestly, the train station was pretty adequate.",Ambivalence,Neutral
The ending was so useless!,Disappointment,Negative
The city announced new parking rules for the old town. #daily,Neutral,Neutral
What a gratifying day.,Joy,Positive
The film was lousy. 😤,Disappointment,Negative
So hurt about the deadline right now. #update,Sadness,Negative
"the lecture was lousy, though the match was wonderful",Ambivalence,Neutral
"Just so you know, the lecture was moved to another room. #daily",Neutral,Neutral
"The best hotel ever, hands down.",Joy,Positive
"It hurts so much, the summer ended and everyone went home. #daily",Sadness,Negative
The staff here is delightful.,Joy,Positive
Can't believe how dirty the city centre turned out.,Disgust,Negative
Been reading up on what is inside a black hole.,Curiosity,Neutral
I felt shameful today.,Disappointment,Negative
That was so abandoned!,Loneliness,Negative
"I worked so hard for this and it paid off, I paid off my last loan.",Pride,Positive
Honestly the receptionist was not very great.,Disappointment,Negative
Can't believe how miserable the experience turned out.,Disappointment,Negative
"Honestly, pretty dedicated. #weekend",Joy,Positive
That was so neglectful!,Disappointment,Negative
Everything felt creative.,Joy,Positive
I left my umbrella at the bank.,Neutral,Neutral
I felt starved today.,Disappointment,Negative
"Honestly, pretty dismaying.",Disappointment,Negative
I feel isolated because of the audition.,Loneliness,Negative
I bought this toaster last week and it is exactly what I needed.,Joy,Positive
Will do.,Neutral,Neutral
"nothing to do, nowhere to be, just baking bread on a slow afternoon. so content",Contentment,Positive
This whole thing is just blamable.,Disappointment,Negative
"It's hard not having anyone around, staring at my phone waiting for someone to reply.",Loneliness,Negative
The store has a sale on garden tools until Monday.,Neutral,Neutral
Our host went completely wrong.,Disappointment,Negative
fingers crossed for my health,Hope,Positive
"I liked the waiter, but the service was clueless.",Ambivalence,Neutral
"Such a peaceful evening, tending to my plants in the sunshine. 👍",Contentment,Positive
"Not boring at all, much better than expected.",Joy,Positive
"The food tasted rotten, it made me gag.",Disgust,Negative
every day with my brother is a gift and i'm so in love,Love,Positive
I can't believe how underwhelming the delivery driver was.,Disappointment,Negative
Excellent support and they replied almost instantly.,Joy,Positive
"The novel was not predictable, but not perfect either.",Ambivalence,Neutral
"Delivery arrived a day early, worth every penny.",Joy,Positive
The documentary is full of bugs.,Disappointment,Negative
My tablet was disappointing today.,Disappointment,Negative
That was so heartwarming!,Joy,Positive
The album was mediocre but the documentary was lovely.,Ambivalence,Neutral
Can't believe how annoying the documentary turned out. #life,Disappointment,Negative
I felt abandoned today.,Loneliness,Negative
Our city centre was standard.,Ambivalence,Neutral
Worst burger I've ever had. 😤,Disappointment,Negative
"I liked the waiter, but the cashier was bad.",Ambivalence,Neutral
The support team was horrible but the service was impressive.,Ambivalence,Neutral
The dessert is full of delays. #update,Disappointment,Negative
"i'm frozen with dread, the plane hit heavy turbulence",Fear,Negative
My grandparents means the world to me.,Love,Positive
The technician looked black. #daily,Neutral,Neutral
"I believe in the new business, better days are ahead.",Hope,Positive
I thought the hotel was absolutely outstanding.,Joy,Positive
The latest headset made things smoother.,Joy,Positive
"Got the hoodie yesterday, it arrived damaged.",Disappointment,Negative
I can't believe how amazing the receptionist was! ❤️,Joy,Positive
Would not recommend the trip.,Disappointment,Negative
can't believe how sleek the camera turned out,Joy,Positive
The headset was neither wonderful nor overpriced.,Ambivalence,Neutral
The class covers mathematics and coffee farming.,Neutral,Neutral
do you know if the post office is open on wednesday?,Curiosity,Neutral
the steak was typical tbh,Ambivalence,Neutral
scrolling through my phone with no one to text. i wish someone would call,Loneliness,Negative
Thank you to my parents for being there when I needed you. #mood,Gratitude,Positive
Everything felt selfish. 👎,Anger,Negative
"Absolutely revolting, the food tasted rotten. 😞",Disgust,Negative
I thought the acting was absolutely very poor.,Disappointment,Negative
the software was confusing tbh 👎,Disappointment,Negative
The training is full of bugs. #weekend,Disappointment,Negative
the pool closes at six on weekdays,Neutral,Neutral
Yay! Our baby took her first steps!,Joy,Positive
Can't believe how friendly the receptionist turned out.,Joy,Positive
The parking near the library is free after six. #mood,Neutral,Neutral
I found the phone to be atrocious!!,Anger,Negative
"So proud of everyone involved, I paid off my last loan. 😍",Pride,Positive
i'm having dinner with my colleagues tomorrow,Neutral,Neutral
The battery was excellent.,Joy,Positive
The tent I ordered has a two year warranty.,Neutral,Neutral
my ending was okay today,Ambivalence,Neutral
The temperature is around twenty degrees today.,Neutral,Neutral
I'm honestly afraid about the interview.,Fear,Negative
This laptop keeps disconnecting.,Disappointment,Negative
"Overall, the acting was captivating.",Joy,Positive
The interview was really incredible.,Joy,Positive
Can't believe how fabulous the soundtrack turned out. #today,Joy,Positive
"Support replied instantly, so impressed.",Joy,Positive
"Honestly, pretty obnoxious. 😡",Anger,Negative
I'm terrified because I heard footsteps outside at midnight.,Fear,Negative
The customer care was so average!,Ambivalence,Neutral
the soundtrack was so so tbh,Ambivalence,Neutral
"Watching the rain from the porch, feeling completely at peace.",Contentment,Positive
The pasta was a waste of time and money.,Disappointment,Negative
I really hope the school application goes well.,Hope,Positive
I miss having someone to talk to. Talking to the walls again.,Loneliness,Negative
I read that the conference takes place in Berlin this year.,Neutral,Neutral
"Yuck, my neighbour's trash was spilling into the hallway.",Disgust,Negative
Brilliant today,Joy,Positive
The burger was glad.,Joy,Positive
i signed up for a class on monday,Neutral,Neutral
can't believe how great the burger turned out,Joy,Positive
Thank you to the whole team for your kindness. 👍,Gratitude,Positive
This delivery driver made everything more reliable.,Joy,Positive
The latest soup made things more frustrating.,Disappointment,Negative
Super hyped because I got the job offer!,Excitement,Positive
It was hated!!,Anger,Negative
My new jacket is way too flimsy.,Disappointment,Negative
This film made everything worse.,Disappointment,Negative
I can't thank my neighbours enough for the thoughtful gift.,Gratitude,Positive
I'm undecided about the promotion. #daily,Ambivalence,Neutral
I found the resort to be great.,Joy,Positive
this whole thing is just fantastic,Joy,Positive
he works in the engineering department,Neutral,Neutral
"I'm thrilled, my best friend got engaged! What's next?",Excitement,Positive
This whole thing is just irritable.,Anger,Negative
Amazing food: every dish was full of flavour!,Joy,Positive
Everything felt improved. #today,Joy,Positive
I'm meeting a friend for dinner on Sunday. #monday,Neutral,Neutral
Feeling really anxious because the plane hit heavy turbulence.,Fear,Negative
What a honourable day.,Joy,Positive
The course is red and public. #update,Neutral,Neutral
Would definitely recommend the interview!!,Joy,Positive
"got the jacket yesterday, it is way too flimsy",Disappointment,Negative
The pasta was so unacceptable!,Anger,Negative
The pizza looked old. #life,Neutral,Neutral
The apartment was really bad.,Disappointment,Negative
This gym made everything smoother.,Joy,Positive
My little sister means the world to me.,Love,Positive
"honestly, the ending was pretty impressive",Joy,Positive
This office chair works perfectly.,Joy,Positive
This plot was full of mistakes.,Disappointment,Negative
update: the hoodie has been flawless so far,Joy,Positive
This water bottle stopped charging within a week.,Disappointment,Negative
"Just me again, walking home to an empty flat.",Loneliness,Negative
The album was really so so.,Ambivalence,Neutral
I can't stop praising the screen.,Joy,Positive
It was hypocritical.,Anger,Negative
"What a letdown, our team lost the final.",Disappointment,Negative
"It fits perfectly, couldn't be happier.",Joy,Positive
What an unethical day.,Disappointment,Negative
Feeling so sad today because my mentor retired and left the city.,Sadness,Negative
Sending a huge thank you to my mentor for your patience.,Gratitude,Positive
our host couldn't have been better,Joy,Positive
the view was outstanding,Joy,Positive
My new jacket is listed on the second page.,Neutral,Neutral
I watched a documentary about machine learning last night.,Neutral,Neutral
Announcement: the meeting is scheduled for Thursday afternoon.,Neutral,Neutral
"Overall, the workshop was exhausting.",Disappointment,Negative
It was discontented.,Disappointment,Negative
The journey was sociable.,Joy,Positive
I'll be out of the office on Thursday. #life,Neutral,Neutral
It was irritating.,Anger,Negative
Ew. The public toilet was disgusting. I can't unsee it. 😡,Disgust,Negative
"The sound is muffled and crackly, very disappointed!!",Disappointment,Negative
I can't believe how beautiful the neighbourhood was!,Joy,Positive
Update: the survey takes about ten minutes.,Neutral,Neutral
Absolutely the worst day I can remember.,Disappointment,Negative
Update: the speaker is available in two sizes!!,Neutral,Neutral
I feel joyful because of the move to a new city.,Joy,Positive
I thought the airport was absolutely horrible.,Disappointment,Negative
That was so punitive!,Disappointment,Negative
I can't believe how cramped the neighbourhood was.,Disappointment,Negative
This whole thing is just jealous. #update,Disappointment,Negative
The event exceeded all expectations.,Joy,Positive
Ew. There was a cockroach in my noodles. I can't unsee it.,Disgust,Negative
Best teacher I've had in years. #today,Joy,Positive
I'm honestly annoyed about the storm.,Anger,Negative
"I'm frozen with dread, my heart was pounding after that scary noise.",Fear,Negative
"I liked the lecture, but the tour was disappointing.",Ambivalence,Neutral
The library is open from nine to five on weekdays. #mood,Neutral,Neutral
"Feeling isolated, walking home to an empty flat.",Loneliness,Negative
Can't believe how confusing the interface turned out.,Disappointment,Negative
The interview was not stressful at all.,Joy,Positive
Feeling so sad today because my relationship ended.,Sadness,Negative
I thought the delivery driver was absolutely abysmal.,Disappointment,Negative
Does anyone know why we dream? #update,Curiosity,Neutral
The app comes with two-factor login and file sharing.,Neutral,Neutral
I'm terrified about the new job.,Fear,Negative
"Not tasty at all, I wouldn't go back.",Disappointment,Negative
Thrilled about the big match tonight!,Excitement,Positive
I felt frightful today. 😢,Fear,Negative
the customer care here is underwhelming,Disappointment,Negative
I expected the technician to be horrible but it wasn't!!,Joy,Positive
I can't believe how awesome the gym was!,Joy,Positive
I found the dessert to be really good.,Joy,Positive
Just thinking about the road trip with friends gives me goosebumps. ❤️,Excitement,Positive
"The waiter was frustrating, though the customer care was helpful.",Ambivalence,Neutral
The latest class made things more reliable.,Joy,Positive
I need to pay the electricity bill before Friday.,Neutral,Neutral
OMG we cleaned up the entire beach!!,Excitement,Positive
"Staying positive about the harvest this year, it will work out.",Hope,Positive
Quiet moment: taking a quiet walk in the woods. Life is good.,Contentment,Positive
Everything felt smiling. #today,Joy,Positive
"Enough is enough, my manager blamed me for his mistake!",Anger,Negative
The new schedule is posted on the notice board.,Neutral,Neutral
feeling hopeful about the surgery next week,Hope,Positive
update: the new policy applies to all employees,Neutral,Neutral
This speaker arrived on Tuesday.,Neutral,Neutral
I sent the plan to the HR department.,Neutral,Neutral
This whole thing is just helpful.,Joy,Positive
The manager will send the agenda on Friday!!,Neutral,Neutral
The campsite was really good but the cafe was useless.,Ambivalence,Neutral
I can't thank my sister enough for everything you did for us.,Gratitude,Positive
I sent the request to the sales department.,Neutral,Neutral
"the play was not confusing, but not outstanding either",Ambivalence,Neutral
The conference room can hold eight people. #daily,Neutral,Neutral
The next ferry to Pune departs at nine in the morning.,Neutral,Neutral
"grateful for everyone who helped, i passed my driving test",Gratitude,Positive
The hotel wasn't incredible at all. 😞,Disappointment,Negative
"Delivery arrived a day early, highly recommend.",Joy,Positive
This plot was full of energy.,Joy,Positive
"not rude at all, would go again",Joy,Positive
"Not worth it at all, very underwhelming.",Disappointment,Negative
I thought the trip was absolutely terrible.,Disappointment,Negative
Honestly not useful.,Disappointment,Negative
What a rewarding day.,Joy,Positive
My wife means the world to me. ❤️,Love,Positive
Has anyone tried the technician? #monday,Curiosity,Neutral
The ice cream was cold but the soup was first class.,Ambivalence,Neutral
the technician was horrible but the cashier was quick,Ambivalence,Neutral
Life is beautiful and I'm smiling for no reason at all. #monday,Joy,Positive
Is it true that the webinar covers the basics of budgeting?,Curiosity,Neutral
I bought this jacket last week and it was a total scam. #news,Disappointment,Negative
Does anyone know what the first computers looked like?,Curiosity,Neutral
the hotel room looked black,Neutral,Neutral
"I feel sick, there was a hair in my soup.",Disgust,Negative
Would definitely recommend the neighbourhood.,Joy,Positive
The dinner was really adequate.,Ambivalence,Neutral
This whole thing is just panicked.,Fear,Negative
i can't believe how smooth the weekend was,Joy,Positive
The restaurant let everyone down. 😞,Disappointment,Negative
The trip exceeded all expectations.,Joy,Positive
fingers crossed for the surgery next week,Hope,Positive
"Can't sleep, too excited about the road trip with friends.",Excitement,Positive
"Surprisingly, the concert was not abysmal at all!",Joy,Positive
Honestly the cafe was not very incredible.,Disappointment,Negative
Sending a huge thank you to my mentor for the thoughtful gift.,Gratitude,Positive
It was victimized. 😞,Disappointment,Negative
I asked my cousin about the schedule.,Neutral,Neutral
The water bottle I ordered comes in three colours.,Neutral,Neutral
I felt aggravated today.,Anger,Negative
"Terrible phone, never again.",Disappointment,Negative
"Honestly, awesome!",Joy,Positive
It was relaxed.,Contentment,Positive
i'm working from home this week,Neutral,Neutral
Our interview was really bad.,Disappointment,Negative
the tool comes with dark mode and offline mode,Neutral,Neutral
Absolutely the worst service I can remember. 😢,Disappointment,Negative
Bitterly disappointed: the new phone doesn't work as advertised.,Disappointment,Negative
I thought the experience was absolutely so so.,Ambivalence,Neutral
The story is full of lies.,Disappointment,Negative
Heads up: the store opens at nine.,Neutral,Neutral
I bought this laptop last week and it smells terrible. #life,Disappointment,Negative
Honestly not worth it.,Disappointment,Negative
What a delightful day.,Joy,Positive
The sandwich is late and thin.,Neutral,Neutral
I'm devastated that my dog died last night. 😤,Sadness,Negative
Brilliant!,Joy,Positive
"I can't believe it, our team won the championship! So pumped!",Excitement,Positive
Scrolling through my phone with no one to text. I feel so alone.,Loneliness,Negative
the tent i ordered requires two batteries,Neutral,Neutral
My new laptop is way too flimsy.,Disappointment,Negative
I can't believe how slow the delivery driver was.,Disappointment,Negative
Can't believe how fantastic the film turned out.,Joy,Positive
This coffee made everything more reliable.,Joy,Positive
The training is full of glitches. 😢,Disappointment,Negative
Forever grateful to my neighbours for being there when I needed you. #news,Gratitude,Positive
Proud of myself because I got promoted today. 🎉,Pride,Positive
It is a second view.,Neutral,Neutral
We waited months for this trip and it didn't live up to it at all.,Disappointment,Negative
The latest class made things more frustrating.,Disappointment,Negative
I read that the new timetable comes into effect in March.,Neutral,Neutral
"I can't stop crying, our family drifted apart.",Sadness,Negative
I'm heading to Madrid on Sunday. #today,Neutral,Neutral
My soundtrack was pathetic today. 😡,Anger,Negative
I can't believe how tiresome the tour was.,Disappointment,Negative
Can't complain about the dinner.,Joy,Positive
"feeling isolated, walking through a crowd and feeling invisible",Loneliness,Negative
"Can't stop the tears, another year passed without seeing my family.",Sadness,Negative
Update: the desk lamp is worth every penny.,Joy,Positive
The birthday party on Saturday is going to be epic!,Excitement,Positive
Easily the best match of my life.,Joy,Positive
My new vacuum cleaner has a two year warranty.,Neutral,Neutral
Everything feels empty since I got the sad news this morning.,Sadness,Negative
Feeling over the moon about the reunion. #news,Joy,Positive
They are discussing the request in the finance meeting. #today,Neutral,Neutral
The pizza was so mouth watering!,Joy,Positive
The movie exceeded my expectations.,Joy,Positive
How do I get to the pharmacy from the tram stop?,Curiosity,Neutral
I'm so angry right now today 👎,Anger,Negative
"FYI, the clinic accepts appointments by phone.",Neutral,Neutral
"I adore my whole family, always will.",Love,Positive
Feeling anxious today.,Fear,Negative
Weekends are lonely when all your friends are busy with their families. #today,Loneliness,Negative
What a winning day.,Joy,Positive
Please check the manager before Friday.,Neutral,Neutral
"Grateful for everyone who helped, I completed the coding bootcamp. #monday",Gratitude,Positive
The pharmacy is open from nine to five on weekdays.,Neutral,Neutral
Thrilled about the new season of my favourite show!,Excitement,Positive
I stood up for myself and I couldn't be happier. #daily,Joy,Positive
The support team here is awesome.,Joy,Positive
the book has ten chapters and an index,Neutral,Neutral
"I adore my kids, always will.",Love,Positive
It is a round cafe.,Neutral,Neutral
I thought the website was absolutely reliable!!,Joy,Positive
Nothing feels better than a hug from my cat.,Love,Positive
The soup was second. #monday,Neutral,Neutral
"I can't sleep from anxiety, I have to speak in front of two hundred people.",Fear,Negative
This whole thing is just catastrophic.,Disappointment,Negative
I can't believe how top notch the film was!,Joy,Positive
The latest version adds cloud backup and the web.,Neutral,Neutral
The game made my day simpler.,Joy,Positive
I can't stand the game.,Anger,Negative
The film made my day much nicer. #news,Joy,Positive
What a joyful day. ❤️,Joy,Positive
The documentary is full of lies.,Disappointment,Negative
I bought this speaker last week and it arrived damaged.,Disappointment,Negative
That was so proud! #thoughts,Pride,Positive
"Not useful at all, very underwhelming. #update",Disappointment,Negative
The laptop was neither crisp nor flimsy.,Ambivalence,Neutral
"It was okay, nothing more to say.",Ambivalence,Neutral
Our event was relaxing.,Joy,Positive
Update: the water bottle is available in two sizes.,Neutral,Neutral
the keyboard was square,Neutral,Neutral
It was energising!!,Excitement,Positive
The burger was really terrific.,Joy,Positive
"so down today, my sister moved overseas",Sadness,Negative
"The zipper broke immediately, very disappointed.",Disappointment,Negative
I love my cat more than words can say.,Love,Positive
The commute was not very poor at all.,Joy,Positive
This cafe was full of bugs.,Disappointment,Negative
I felt prosperous today. #mood,Joy,Positive
Is there a bakery near the ferry station?,Curiosity,Neutral
I'm meeting my colleagues for brunch on Wednesday.,Neutral,Neutral
Can someone tell me about the staff?,Curiosity,Neutral
I can't stand the weekend.,Anger,Negative
Something tells me the new business will be fine.,Hope,Positive
So happy right now today,Joy,Positive
What a heartbroken day.,Sadness,Negative
the interview was incredible tbh,Joy,Positive
I found the story to be so so.,Ambivalence,Neutral
That was so depressed! 😡,Sadness,Negative
The ice cream was so undercooked! 😞,Disgust,Negative
"Not impressive at all, I expected much better. 👎",Disappointment,Negative
The water bottle I ordered stopped charging within a week.,Disappointment,Negative
My brother works in procurement.,Neutral,Neutral
Every day with my partner is a gift and I'm so in love.,Love,Positive
Announcement: the city council meets on Monday evening.,Neutral,Neutral
I found the sandwich to be annoying.,Disappointment,Negative
they mentioned the match in the newsletter,Neutral,Neutral
"FYI, the app is available on both Android and iOS.",Neutral,Neutral
"I'm so scared, I have to go to the dentist tomorrow.",Fear,Negative
"The day is done, chores finished, and I feel wonderfully relaxed.",Contentment,Positive
The cafe is open from nine to five on weekdays.,Neutral,Neutral
Gross! The towels were stained and smelled awful.,Disgust,Negative
The class covers mathematics and ancient Rome.,Neutral,Neutral
the camera was overpriced tbh,Disappointment,Negative
It was failing. 😞,Disappointment,Negative
My new kettle is worth every penny.,Joy,Positive
Quiet moment: floating in the pool on a warm afternoon. Life is good.,Contentment,Positive
That was so offensive!,Anger,Negative
"Honestly, meh.",Ambivalence,Neutral
The trip was a total letdown.,Disappointment,Negative
The game was really tedious.,Disappointment,Negative
Feeling hopeful about the scholarship decision. #life,Hope,Positive
"I'm frozen with dread, the car started skidding on the ice.",Fear,Negative
The keyboard was neglectful.,Disappointment,Negative
I've been wondering who invented the bicycle.,Curiosity,Neutral
Can't believe how awesome the view turned out.,Joy,Positive
I feel cheerful today.,Joy,Positive
Can't believe how fresh the sushi turned out.,Joy,Positive
i wonder whether the train leaves from platform four,Curiosity,Neutral
"Honestly, the website was pretty really bad. 👎",Disappointment,Negative
"Got the phone yesterday, it is better than I imagined.",Joy,Positive
"Sick of this, the contractor abandoned the renovation halfway. Total disrespect.",Anger,Negative
"Honestly, pretty sociable.",Joy,Positive
Everything felt fascinating. 👍,Joy,Positive
The delivery van stops at the library every morning.,Neutral,Neutral
"I'm over the moon, we reached our fundraising goal!",Joy,Positive
The beach was run down.,Disappointment,Negative
update: the kettle makes my life so much easier,Joy,Positive
Best teacher I've ever had!,Joy,Positive
The platform comes with PDF export and macOS.,Neutral,Neutral
the update comes with ios and android,Neutral,Neutral
everything feels empty since my grandmother's health is getting worse,Sadness,Negative
"The salad was not annoying, but not great either.",Ambivalence,Neutral
What time does the pharmacy open on Saturday?,Curiosity,Neutral
"Ugh, the package arrived broken. What a waste.",Disappointment,Negative
"terrible cake, never again",Disappointment,Negative
This coffee machine was delivered to the front desk.,Neutral,Neutral
I'm furious that I was overcharged for the third time!,Anger,Negative
"fyi, the office is closed for the public holiday",Neutral,Neutral
The trip was confident.,Joy,Positive
"Feeling broken, my grandfather passed away.",Sadness,Negative
"Can't stop the tears, my relationship ended.",Sadness,Negative
I read that the shop stocks both paper and digital editions.,Neutral,Neutral
I'm reading a book about bird migration.,Neutral,Neutral
"This makes me so angry, my landlord raised the rent again!",Anger,Negative
"Honestly, pretty disheartened.",Disappointment,Negative
Best coffee I've ever had! 🎉,Joy,Positive
"Not poor at all, much better than expected.",Joy,Positive
"Nobody checks on me anymore, sitting at a table for one.",Loneliness,Negative
"Feeling blessed, I saved enough for my first car. #news",Gratitude,Positive
Everything felt ruined!!,Disappointment,Negative
Gross! The chicken smelled off.,Disgust,Negative
the interface was worthless,Disappointment,Negative
"Honestly, pretty wonderful.",Joy,Positive
The charger was exultant.,Joy,Positive
The trip was unforgettable.,Joy,Positive
"Enough is enough, the delivery guy threw the package over the fence!",Anger,Negative
Can't believe how undercooked the dinner turned out. 😤,Disgust,Negative
the new library branch opens next to the town hall,Neutral,Neutral
The interview made my day more reliable. 👍,Joy,Positive
I read that the invoice was sent on Monday.,Neutral,Neutral
The plot was slow and full of complaints.,Disappointment,Negative
"What a letdown, I didn't get the promotion.",Disappointment,Negative
"Overall, the keyboard was abysmal!!",Disappointment,Negative
Everything felt idealized.,Joy,Positive
The park was so annoying!,Disappointment,Negative
The website will be under maintenance from midnight to two.,Neutral,Neutral
The tour was not abysmal at all!!,Joy,Positive
Please check the show before Friday.,Neutral,Neutral
I bought this kettle last week and it looks and works great.,Joy,Positive
It was polluted. #weekend,Disgust,Negative
This desk lamp requires two batteries.,Neutral,Neutral
"It was an ordinary afternoon, nothing much happened.",Neutral,Neutral
Everything feels empty since my friend stopped talking to me!!,Sadness,Negative
"The flight was disappointing, though the class was fun.",Ambivalence,Neutral
"The workshop was very good, although the training was unacceptable.",Ambivalence,Neutral
"The best pizza ever, hands down.",Joy,Positive
the tickets are available online and at the bakery,Neutral,Neutral
My new mattress is available in two sizes.,Neutral,Neutral
The package is compatible with Windows and file sharing.,Neutral,Neutral
Sending a huge thank you to the nurses for your patience. #today,Gratitude,Positive
I read about the technician yesterday!!,Neutral,Neutral
So relaxed about my presentation right now. #daily,Contentment,Positive
I'm truly thankful because I found my lost wallet with everything inside.,Gratitude,Positive
The gym is closed on Fridays. #daily,Neutral,Neutral
The city announced new bus routes for the old town.,Neutral,Neutral
The match was so superb!,Joy,Positive
"Watching the sunset from the balcony, feeling completely at peace.",Contentment,Positive
I can't believe how wonderful the charger was!,Joy,Positive
This pasta made everything better. #today,Joy,Positive
Definitely fun: the experience.,Joy,Positive
Standing tall today because my painting sold at the exhibition.,Pride,Positive
Absolutely the worst concert I can remember. 😤,Disappointment,Negative
We said goodbye at the airport and I just feel numb!!,Sadness,Negative
The class was wonderful but the trip was unacceptable.,Ambivalence,Neutral
very happy with the soup,Joy,Positive
"The software redesign has its ups and downs, I can't decide.",Ambivalence,Neutral
Slow living at its best: swinging on the porch at dusk.,Contentment,Positive
the album is full of stains,Disappointment,Negative
"So mad right now, they cancelled the event with no notice. #life",Anger,Negative
So grateful that I stood up for myself.,Gratitude,Positive
The soup exceeded my expectations. 🎉,Joy,Positive
Definitely useless: the tablet.,Disappointment,Negative
My new mattress looks and works great.,Joy,Positive
I bought this headset last week and it is useless and overpriced.,Disappointment,Negative
This whole thing is just grateful!!,Gratitude,Positive
The ice cream made my day more enjoyable.,Joy,Positive
That was so defeated! #weekend,Disappointment,Negative
My new office chair came with a manual.,Neutral,Neutral
The neighbourhood was old.,Neutral,Neutral
Boring course and I learned nothing new.,Disappointment,Negative
"What a proud moment, the client loved our proposal. #thoughts",Pride,Positive
Can't believe how incredible the gym turned out. #today,Joy,Positive
Today I'm drained. 😞,Sadness,Negative
My new drone arrived damaged.,Disappointment,Negative
Feeling delighted about the exam.,Joy,Positive
This whole thing is just heartbroken. 😢,Sadness,Negative
"Perfectly relaxed, taking my time over a homemade breakfast. #monday",Contentment,Positive
This kettle works perfectly.,Joy,Positive
Is there a cafe near the bus station?,Curiosity,Neutral
Which day does the post office close?,Curiosity,Neutral
the keyboard was sharp tbh,Joy,Positive
Coming home to a silent house. I feel so alone.,Loneliness,Negative
the post office is closed on saturdays,Neutral,Neutral
The gym was infuriating.,Anger,Negative
I moved to Lisbon last year. #thoughts,Neutral,Neutral
The training looked full.,Neutral,Neutral
"Got the mattress yesterday, it requires two batteries.",Neutral,Neutral
Does anyone know how airplanes stay in the air?,Curiosity,Neutral
Everything felt pitiful.,Disappointment,Negative
"The best purchase ever, hands down. #update",Joy,Positive
I cherish my dad so much.,Love,Positive
The neighbourhood wasn't quiet at all. 👎,Disappointment,Negative
"Moving abroad has its ups and downs, I can't decide!!",Ambivalence,Neutral
"So down today, I found our old photos.",Sadness,Negative
"The zipper broke immediately, total garbage. 😢",Disappointment,Negative
The whole experience was a breath of fresh air.,Joy,Positive
The latest customer care made things less reliable.,Disappointment,Negative
My heart feels heavy. The old house was sold. 👎,Sadness,Negative
Thank you so much!!!,Gratitude,Positive
The tour was really standard.,Ambivalence,Neutral
That was so energising!!!,Excitement,Positive
I can't believe how fabulous the city centre was!,Joy,Positive
Sitting at a table for one. I feel so alone.,Loneliness,Negative
Sending a huge thank you to my neighbours for your kindness.,Gratitude,Positive
This sandwich was full of scratches.,Disappointment,Negative
"all is calm, floating in the pool on a warm afternoon",Contentment,Positive
"not bad at all, pleasantly surprised",Joy,Positive
The hotel made my day simpler. #daily,Joy,Positive
Totally worth it,Joy,Positive
"Honestly, the flight was pretty unremarkable.",Ambivalence,Neutral
The workshop is open to all registered members.,Neutral,Neutral
"Honestly, the steak was pretty pathetic.",Anger,Negative
"Not great at all, very underwhelming.",Disappointment,Negative
That was so meritorious! 👍,Joy,Positive
"It doesn't fit at all, total garbage.",Disappointment,Negative
super hyped because i finished my degree,Excitement,Positive
Can't believe how shabby the view turned out.,Disgust,Negative
Just thinking of my wife makes me smile with love.,Love,Positive
"Honestly, the pasta was pretty perfect.",Joy,Positive
I'll be out of the office on Thursday. #monday,Neutral,Neutral
The interview is full of stains.,Disappointment,Negative
I found the charger to be standard.,Ambivalence,Neutral
This whole thing is just illegal.,Disappointment,Negative
the app comes with offline mode and voice search,Neutral,Neutral
I'm going to the post office after work.,Neutral,Neutral
"It's hard not having anyone around, having no one to share good news with.",Loneliness,Negative
That was so invincible!,Joy,Positive
"absolutely revolting, the trash bin was overflowing with maggots",Disgust,Negative
Can't believe how courteous the support team turned out. #weekend,Joy,Positive
Quick question: is it right that the city council meets on Monday evening?,Curiosity,Neutral
The letter should arrive next Tuesday. #monday,Neutral,Neutral
The concert was a pleasure.,Joy,Positive
quick question: is it right that the library is closed on sundays?,Curiosity,Neutral
Sending the file now.,Neutral,Neutral
I'm honestly livid about the flight. #news,Anger,Negative
Our city centre was excellent.,Joy,Positive
I bought this vacuum cleaner last week and it arrived on Tuesday.,Neutral,Neutral
what a wonderful day! i got promoted today,Joy,Positive
Wonderful hotel: everything was spotless and quiet!,Joy,Positive
This keyboard broke on the first use. 😤,Disappointment,Negative
"the cashier was fantastic, although the delivery driver was really bad",Ambivalence,Neutral
This whole thing is just grim.,Sadness,Negative
Watching the world go by from my window and nobody cares.,Loneliness,Negative
"I can't believe it, my colleague took credit for my work. Absolutely unacceptable! #news",Anger,Negative
The kettle I ordered looks and works great!!,Joy,Positive
"The towels were stained and smelled awful, it made me gag. #monday",Disgust,Negative
This soundtrack was full of errors. #life,Disappointment,Negative
"Keeping my head up, brighter times are on the way.",Hope,Positive
"I'm livid, my manager blamed me for his mistake! 😢",Anger,Negative
"the journey was horrible, though the experience was incredible",Ambivalence,Neutral
Can't believe how annoying the service turned out.,Disappointment,Negative
Everything felt courageous.,Joy,Positive
It was amazed. #update,Joy,Positive
The teacher let everyone down.,Disappointment,Negative
The course was so unremarkable!,Ambivalence,Neutral
The flight was really okay.,Ambivalence,Neutral
The play was thrilled. 😊,Excitement,Positive
my niece means the world to me,Love,Positive
He works in the research department. #thoughts,Neutral,Neutral
The keyboard was slow and full of delays.,Disappointment,Negative
"Battery drains within a couple of hours, very disappointed.",Disappointment,Negative
The waiter was slow and full of scratches.,Disappointment,Negative
The repair was beyond frustrating!!,Anger,Negative
The cashier is full of scratches.,Disappointment,Negative
nothing feels better than a hug from my kids,Love,Positive
It was dangerous.,Fear,Negative
The latest phone made things better.,Joy,Positive
I cherish my best friend so much.,Love,Positive
What a victimized day.,Disappointment,Negative
the hotel room was abysmal,Disappointment,Negative
The restaurant everyone raved about was very mediocre.,Disappointment,Negative
Update: the hoodie keeps disconnecting.,Disappointment,Negative
"It crashes every few minutes, what a joke.",Disappointment,Negative
I felt gross today.,Disgust,Negative
This film was full of creativity. #life,Joy,Positive
Five stars for the technician! #daily,Joy,Positive
The salad is yellow and digital.,Neutral,Neutral
I love my whole family more than words can say.,Love,Positive
can someone confirm whether the office is closed for the public holiday?,Curiosity,Neutral
The pasta made my day harder to use.,Disappointment,Negative
the film was wonderful tbh,Joy,Positive
Simple pleasures: watching the snow fall through the window. I'm perfectly content.,Contentment,Positive
"Honestly, pretty uninvolved. 😢",Disappointment,Negative
can someone explain how the stock market works?,Curiosity,Neutral
The update comes with Linux and cloud backup.,Neutral,Neutral
Forever grateful to the nurses for believing in me.,Gratitude,Positive
It is a wide update.,Neutral,Neutral
The trip was frustrating.,Disappointment,Negative
It wasn't poor at all!,Joy,Positive
I bought this blender last week and it looks and works great.,Joy,Positive
What does that mean?,Curiosity,Neutral
This whole thing is just disgustful.,Disgust,Negative
"Not terrible at all, pleasantly surprised. 😊",Joy,Positive
Gross! The man spat on the pavement next to me.,Disgust,Negative
I can't believe how exhausting the flight was.,Disappointment,Negative
We are having coffee at ten thirty.,Neutral,Neutral
Feeling overjoyed about the party.,Joy,Positive
I'm reading a book about ancient Rome.,Neutral,Neutral
i feel pleased because of the surgery on monday,Joy,Positive
I'm disgusted about the hearing.,Disgust,Negative
"Honestly, pretty exhilarated. #today",Excitement,Positive
the workshop looked new,Neutral,Neutral
my new keyboard looks and works great,Joy,Positive
My flight lands at seven in the evening tomorrow!!,Neutral,Neutral
Everything felt fond.,Love,Positive
the documentary was gripping tbh,Joy,Positive
Definitely brilliant: the staff. 😍,Joy,Positive
the bank is open from nine to five on weekdays,Neutral,Neutral
"such a peaceful evening, having a lazy morning with coffee",Contentment,Positive
Praying that the economy next year turns out fine. #today,Hope,Positive
This train station made everything worse. #thoughts,Disappointment,Negative
My relationship ended and I just feel numb.,Sadness,Negative
I thought the keyboard was absolutely mediocre.,Disappointment,Negative
"According to the schedule, the conference takes place in Berlin this year.",Neutral,Neutral
"So lonely tonight, staring at my phone waiting for someone to reply!!",Loneliness,Negative
The apartment is so quiet it echoes. 😢,Loneliness,Negative
It was scandalous.,Disappointment,Negative
i felt remarkable today,Joy,Positive
"It's hard not having anyone around, walking home to an empty flat. 😡",Loneliness,Negative
"this makes me so angry, they ignored my complaint for weeks",Anger,Negative
The ice cream was lovely and full of energy.,Joy,Positive
I'm never going back. The sandwich was covered in green mould. 😡,Disgust,Negative
Everything felt tops.,Joy,Positive
That was so comfortable!,Contentment,Positive
i'm going to the bank after work,Neutral,Neutral
my colleague let everyone down,Disappointment,Negative
"Honestly, the album was pretty touching. #daily",Joy,Positive
"The class is not fabulous, sadly.",Disappointment,Negative
i really hope our plans for next year goes well,Hope,Positive
The driver was worth every minute.,Joy,Positive
"The museum was not filthy, but not fabulous either.",Ambivalence,Neutral
The book was fantastic but the concert was really bad.,Ambivalence,Neutral
I'm so disappointed that I failed the driving test.,Disappointment,Negative
"It wasn't impressive, sadly. #today",Disappointment,Negative
I'm honestly so alone about the surgery on Monday. #update,Loneliness,Negative
Forever grateful to the whole team for being there when I needed you. #thoughts,Gratitude,Positive
My heart feels heavy. My grandfather passed away.,Sadness,Negative
The research team sent an update next Tuesday.,Neutral,Neutral
I've been working on my report all afternoon!!,Neutral,Neutral
The pharmacy is on the second floor next to the kitchen. #life,Neutral,Neutral
This hoodie stopped charging within a week. #life,Disappointment,Negative
I found the concert to be unacceptable. 😞,Anger,Negative
"I'm thrilled, I found my lost wallet with everything inside! What's next?",Excitement,Positive
The team was painfully slow.,Disappointment,Negative
my new hoodie broke on the first use,Disappointment,Negative
the cafe is on the second floor next to the kitchen,Neutral,Neutral
"the dessert was overcooked, though the pasta was perfect",Ambivalence,Neutral
"got the desk lamp yesterday, it looks and works great",Joy,Positive
Sending a huge thank you to everyone who supported me for your kindness.,Gratitude,Positive
Can't believe how brilliant the tablet turned out.,Joy,Positive
